Bug ID,chunk
184818,"Product: Platform
Component: UI
Severity: normal
Priority: P3
Summary: [DataBinding] Typo in example 3
Resolution: FIXED"
113338,"Product: JDT
Component: UI
Severity: normal
Priority: P3
Summary: [sort members] Usability improvements of sort members action
Resolution: FIXED"
17633,"Product: JDT
Component: Debug
Severity: normal
Priority: P2
Summary: ActionDelegateHelper should nullify fTextEditor when it does not need it
Resolution: FIXED"
177676,"Product: JDT
Component: UI
Severity: normal
Priority: P3
Summary: [JUnit] Problems with JUnits with multiple versions of same bundle
Resolution: FIXED"
82231,"Product: JDT
Component: UI
Severity: normal
Priority: P3
Summary: [build path] Hard to find type restriction compiler problem preferences
Resolution: FIXED"
463949,"Product: Platform
Component: UI
Severity: normal
Priority: P3
Summary: [Browsers] org.eclipse.ui.internal.browser.ExternalBrowserInstance.openUrl() should use open(1) --args on OS X
Resolution: FIXED"
6446,"Product: JDT
Component: Debug
Severity: normal
Priority: P1
Summary: RunToLine needs shortcut
Resolution: FIXED"
364437,"Product: JDT
Component: Core
Severity: normal
Priority: P3
Summary: Dilip is learning bugzilla bug tracker
Resolution: INVALID"
491265,"Product: Platform
Component: User Assistance
Severity: minor
Priority: P3
Summary: Generify org.eclipse.ui.intro*
Resolution: FIXED"
17889,"Product: Platform
Component: Compare
Severity: critical
Priority: P1
Summary: Should not assume type of PropertyChangeEvent values
Resolution: FIXED"
135231,"Product: Platform
Component: Text
Severity: normal
Priority: P2
Summary: [api][rulers] make revision selection provider accessible
Resolution: FIXED"
152625,"Product: Platform
Component: Ant
Severity: normal
Priority: P3
Summary: Adapt external tools to the propertyPages extension point deprecations
Resolution: FIXED"
500344,"Product: Platform
Component: Ant
Severity: enhancement
Priority: P3
Summary: Always wrap cause if throwing new exception
Resolution: FIXED"
229045,"Product: JDT
Component: Text
Severity: normal
Priority: P3
Summary: [breadcrumb] Does not show popup arrow if first child added
Resolution: FIXED"
76250,"Product: Platform
Component: UI
Severity: normal
Priority: P2
Summary: [Progress] [Dialogs] Dialog too small when showing details
Resolution: FIXED"
198694,"Product: Platform
Component: UI
Severity: enhancement
Priority: P3
Summary: [EditorMgmt] [registry] Improve InstantiationException message thrown from RegistryStrategyOSGI.createExecutableExtension
Resolution: FIXED"
7067,"Product: JDT
Component: Debug
Severity: normal
Priority: P1
Summary: native method exception retrieving source name
Resolution: FIXED"
62234,"Product: Platform
Component: Ant
Severity: normal
Priority: P3
Summary: Ant color settings should NOT be shown in Workbench>Colors and Fonts
Resolution: FIXED"
85550,"Product: Platform
Component: Ant
Severity: normal
Priority: P3
Summary: ant builder always cleans
Resolution: FIXED"
382024,"Product: PDE
Component: Doc
Severity: trivial
Priority: P3
Summary: Text slightly confusing on New Feature Patch Project wizard doc
Resolution: FIXED"
57853,"Product: JDT
Component: Debug
Severity: normal
Priority: P3
Summary: Persist Display view contents during a session
Resolution: FIXED"
414797,"Product: Platform
Component: Releng
Severity: major
Priority: P2
Summary: org.eclipse.sdk.examples-4.4M1.zip not available from DL page
Resolution: FIXED"
100787,"Product: JDT
Component: UI
Severity: normal
Priority: P3
Summary: [search] JavaSearchEditorOpener holds onto last used editor
Resolution: FIXED"
27050,"Product: Platform
Component: Ant
Severity: normal
Priority: P3
Summary: NullBuildLogger no longer needed
Resolution: FIXED"
429108,"Product: Platform
Component: UI
Severity: normal
Priority: P3
Summary: Remove deleted file from bin.includes
Resolution: FIXED"
61427,"Product: Platform
Component: Debug
Severity: major
Priority: P3
Summary: LaunchConfigurationDialog leaked for each use
Resolution: FIXED"
90975,"Product: Platform
Component: Debug
Severity: major
Priority: P2
Summary: Consoles removed when using multiple windows
Resolution: FIXED"
434298,"Product: PDE
Component: API Tools
Severity: normal
Priority: P3
Summary: Javadoc tags to annotations wizard does not report progress
Resolution: FIXED"
139838,"Product: Platform
Component: Debug
Severity: normal
Priority: P3
Summary: [Memory View] Widget disposed exception in table viewers
Resolution: FIXED"
329751,"Product: Platform
Component: UI
Severity: minor
Priority: P3
Summary: Duplicate mnemonic 'D' on 'Appearance' preference page
Resolution: FIXED"
6834,"Product: JDT
Component: Debug
Severity: critical
Priority: P1
Summary: ClassCastExeption running Eclipse on Linux
Resolution: FIXED"
77181,"Product: JDT
Component: Text
Severity: major
Priority: P2
Summary: [projection] Line numbers not updated during search in Java editor
Resolution: FIXED"
98976,"Product: JDT
Component: UI
Severity: normal
Priority: P3
Summary: Examples plug-in fails to load.
Resolution: WORKSFORME"
461059,"Product: Platform
Component: User Assistance
Severity: normal
Priority: P3
Summary: Prevent dirt in workspace
Resolution: FIXED"
435488,"Product: Platform
Component: UI
Severity: blocker
Priority: P3
Summary: java.lang.NoSuchMethodError: org.eclipse.e4.ui.css.swt.helpers.EclipsePreferencesHelper.getOverriddenPropertyNames(Lorg/eclipse/core/runtime/preferences/IEclipsePreferences;)Ljava/util/List;
Resolution: FIXED"
171049,"Product: JDT
Component: UI
Severity: enhancement
Priority: P2
Summary: [build path] use the new 'deprecated' and 'read-only' classpath variables
Resolution: FIXED"
187290,"Product: JDT
Component: UI
Severity: trivial
Priority: P3
Summary: [package explorer] [working sets] 'New...' button missing mnemonic on assign WS dialog
Resolution: FIXED"
15850,"Product: Platform
Component: Debug
Severity: normal
Priority: P1
Summary: LaunchView changes required from platform ui changes
Resolution: FIXED"
73549,"Product: Platform
Component: UI
Severity: enhancement
Priority: P2
Summary: [Encoding] Add a unicode entry to the list
Resolution: FIXED"
271785,"Product: JDT
Component: Debug
Severity: normal
Priority: P3
Summary: Migrate compilation error/uncaught exception handling to breakpoint listener extension
Resolution: FIXED"
155834,"Product: JDT
Component: UI
Severity: minor
Priority: P3
Summary: [build path] Linking source to project should always be available
Resolution: FIXED"
31244,"Product: JDT
Component: UI
Severity: critical
Priority: P1
Summary: Renaming linked source folder copies content
Resolution: FIXED"
19768,"Product: JDT
Component: UI
Severity: normal
Priority: P3
Summary: Wrong key in plugin.xml
Resolution: FIXED"
94738,"Product: JDT
Component: Text
Severity: normal
Priority: P2
Summary: [misc] Occurrences marking not always updated on typing
Resolution: FIXED"
15197,"Product: JDT
Component: Debug
Severity: normal
Priority: P3
Summary: Prompt when > 1 config for selected type
Resolution: FIXED"
6668,"Product: JDT
Component: UI
Severity: normal
Priority: P1
Summary: 'Replace from History' doesn't use source range from working copy
Resolution: FIXED"
226496,"Product: JDT
Component: UI
Severity: normal
Priority: P3
Summary: [Package Exlorer] Filter 'empty packages' does not show packages with non-Java files
Resolution: FIXED"
28069,"Product: JDT
Component: Core
Severity: blocker
Priority: P2
Summary: JDTCompilerAdapter and compiler.batch.Main out of sync in I20021210 build
Resolution: FIXED"
24383,"Product: Platform
Component: Ant
Severity: normal
Priority: P2
Summary: Update the printUsage of InternalAntRunner
Resolution: FIXED"
19644,"Product: PDE
Component: UI
Severity: normal
Priority: P2
Summary: NullMenuManager NullToolBarManager return null for getOverrides
Resolution: FIXED"
119599,"Product: Platform
Component: UI
Severity: critical
Priority: P2
Summary: [Dialogs] Every PopupDialiog is leaked if PopupDialolg.HOVER_SHELLSTYLE or SWT.ON_TOP is set
Resolution: FIXED"
405800,"Product: Platform
Component: UI
Severity: normal
Priority: P3
Summary: The NPE when the editor with invalid resource gets active
Resolution: FIXED"
470535,"Product: JDT
Component: Core
Severity: normal
Priority: P3
Summary: Bug in UserLibrary.hashCode()
Resolution: FIXED"
369916,"Product: PDE
Component: UI
Severity: normal
Priority: P3
Summary: 'Tracing' page content feels odd
Resolution: FIXED"
50203,"Product: JDT
Component: Debug
Severity: normal
Priority: P2
Summary: Exception in error log + blank rendered in sessions view
Resolution: FIXED"
297187,"Product: PDE
Component: UI
Severity: trivial
Priority: P3
Summary: UI polish for Delete Plug-in Projects dialog
Resolution: FIXED"
61284,"Product: Platform
Component: Ant
Severity: normal
Priority: P2
Summary: Failing code completion tests for Ant
Resolution: FIXED"
40680,"Product: JDT
Component: Debug
Severity: normal
Priority: P3
Summary: Usability issues with Edit JRE dialog
Resolution: FIXED"
26800,"Product: JDT
Component: Debug
Severity: normal
Priority: P2
Summary: No javadoc generated in org.eclipse.jdt.doc.isv
Resolution: FIXED"
32823,"Product: JDT
Component: Debug
Severity: normal
Priority: P2
Summary: Stepping into already executed method brings up unknown source editor
Resolution: FIXED"
6381,"Product: JDT
Component: UI
Severity: normal
Priority: P2
Summary: Cleanup Add/Replace Local History items in Package Viewer
Resolution: FIXED"
315095,"Product: PDE
Component: UI
Severity: normal
Priority: P3
Summary: [doc] Missing degredation comment for SchemaTraversePerfTest#testSchemaTraverse()
Resolution: FIXED"
218903,"Product: Platform
Component: UI
Severity: enhancement
Priority: P3
Summary: [Viewers] support extensibility of the refresh job in FilteredTree
Resolution: FIXED"
25900,"Product: JDT
Component: Text
Severity: critical
Priority: P1
Summary: NPE in CompilationUnitEditor
Resolution: FIXED"
55242,"Product: Platform
Component: Ant
Severity: normal
Priority: P2
Summary: NPE on shutting down Eclipse
Resolution: FIXED"
400363,"Product: PDE
Component: Build
Severity: normal
Priority: P3
Summary: PDE Build test failures due to JUnit 3 removal
Resolution: FIXED"
137182,"Product: Platform
Component: Text
Severity: normal
Priority: P2
Summary: [hovering] Annotation hover always placed at same horizontal position
Resolution: FIXED"
46740,"Product: Platform
Component: Ant
Severity: major
Priority: P3
Summary: Loss of the separate output directories for org.eclipse.ant.ui
Resolution: FIXED"
175859,"Product: Platform
Component: UI
Severity: enhancement
Priority: P3
Summary: [DataBinding] Use MessageFormat for validation hints
Resolution: FIXED"
1743,"Product: JDT
Component: Debug
Severity: normal
Priority: P2
Summary: Scrapbook should have accelerator for Display (1GKZ3BT)
Resolution: FIXED"
62356,"Product: Platform
Component: Compare
Severity: normal
Priority: P3
Summary: Use progress service when running compare input
Resolution: FIXED"
7309,"Product: Platform
Component: Team
Severity: normal
Priority: P1
Summary: Should be allowed to save patch directly into the file system
Resolution: FIXED"
68142,"Product: Platform
Component: Text
Severity: major
Priority: P2
Summary: [implementation] IAE when reverting file
Resolution: FIXED"
11405,"Product: JDT
Component: Debug
Severity: normal
Priority: P2
Summary: Launch Timeout
Resolution: FIXED"
23477,"Product: Platform
Component: Debug
Severity: major
Priority: P2
Summary: Most recent launch config lost after each restart
Resolution: FIXED"
395324,"Product: PDE
Component: UI
Severity: normal
Priority: P3
Summary: Do not add all EEs to ant properties to avoid 206 filename or extension is too long errors
Resolution: FIXED"
58560,"Product: Platform
Component: UI
Severity: major
Priority: P1
Summary: [DetachedView] Detached view toolbars stop working
Resolution: FIXED"
4203,"Product: JDT
Component: UI
Severity: normal
Priority: P3
Summary: DCR: Javadoc code assist should offer better support for closing tags (1GKQ0IM)
Resolution: FIXED"
196066,"Product: Platform
Component: UI
Severity: trivial
Priority: P3
Summary: Missing doc for new splash handling in 3.3
Resolution: FIXED"
6481,"Product: Platform
Component: Debug
Severity: normal
Priority: P2
Summary: Feature: Annotate launch with transaction id
Resolution: FIXED"
415721,"Product: Platform
Component: Search
Severity: major
Priority: P3
Summary: [WorkbenchParts] Accessibility - Keyboard focus lost after search
Resolution: FIXED"
23566,"Product: Platform
Component: SWT
Severity: normal
Priority: P1
Summary: Accessibility - toolbar not accessible by keyboard
Resolution: FIXED"
270973,"Product: PDE
Component: API Tools
Severity: enhancement
Priority: P3
Summary: Allow 'include' lists to be used for our Ant tasks
Resolution: FIXED"
58533,"Product: Platform
Component: UI
Severity: major
Priority: P2
Summary: Need to check for setSystem being set after schedule
Resolution: FIXED"
135446,"Product: Platform
Component: UI
Severity: minor
Priority: P3
Summary: [DataBinding] Provide javadoc for TextObservableValue
Resolution: FIXED"
11210,"Product: JDT
Component: Core
Severity: normal
Priority: P2
Summary: ResourceDeltas are lost when merging deltas
Resolution: FIXED"
41241,"Product: JDT
Component: UI
Severity: enhancement
Priority: P2
Summary: enhance 'move static' to handle member types [refactoring]
Resolution: FIXED"
36870,"Product: Platform
Component: Ant
Severity: normal
Priority: P2
Summary: Separate the Ant UI from ExternalToolsUI
Resolution: FIXED"
389647,"Product: Platform
Component: User Assistance
Severity: normal
Priority: P3
Summary: multiple broken links on the platform-ua site
Resolution: FIXED"
209943,"Product: JDT
Component: Debug
Severity: normal
Priority: P3
Summary: LaunchConfigurationQueryParticipant does not respect search scope
Resolution: FIXED"
136416,"Product: Platform
Component: Debug
Severity: normal
Priority: P3
Summary: Terminated threads appearing in debug view
Resolution: FIXED"
300771,"Product: PDE
Component: UI
Severity: normal
Priority: P3
Summary: Dead code in pde.ui
Resolution: FIXED"
9285,"Product: JDT
Component: Debug
Severity: normal
Priority: P3
Summary: 1GRKEIW:Debugger scrolls up and down when it is not needed
Resolution: FIXED"
110243,"Product: Platform
Component: UI
Severity: major
Priority: P1
Summary: heap monitor causes errors during tests
Resolution: FIXED"
22458,"Product: JDT
Component: Core
Severity: major
Priority: P2
Summary: Refactoring a package does not move the package's directory
Resolution: FIXED"
81612,"Product: JDT
Component: UI
Severity: normal
Priority: P2
Summary: Invalid thread access while refactoring
Resolution: FIXED"
5339,"Product: JDT
Component: Debug
Severity: normal
Priority: P3
Summary: ""Not responding"" in stack trace after breakpoint encountered
Resolution: FIXED"
228264,"Product: Platform
Component: Debug
Severity: normal
Priority: P3
Summary: NPE when copying stack trace.
Resolution: FIXED"
137769,"Product: Platform
Component: Debug
Severity: minor
Priority: P3
Summary: [launching] Launch history is not updated/Run Last Launched fails due to working set filter
Resolution: FIXED"
104852,"Product: Platform
Component: Debug
Severity: normal
Priority: P3
Summary: Debug View  changes focus on removal of terminated launch forcing editor popup
Resolution: FIXED"
14060,"Product: Platform
Component: Debug
Severity: normal
Priority: P1
Summary: stepping slow - timer takes 99% of CPU
Resolution: FIXED"
250056,"Product: JDT
Component: Core
Severity: normal
Priority: P3
Summary: [compiler][null] Another assert and ""Redundant null check""
Resolution: FIXED"
6414,"Product: JDT
Component: UI
Severity: normal
Priority: P3
Summary: inline temp not activated on a valid selection
Resolution: FIXED"
356108,"Product: PDE
Component: Doc
Severity: normal
Priority: P3
Summary: Update the screen shots for the API Tools errors / warnings page
Resolution: FIXED"
65356,"Product: Platform
Component: Debug
Severity: normal
Priority: P3
Summary: source lookup tab migration from 2.1 to 3.0
Resolution: FIXED"
65391,"Product: Platform
Component: Ant
Severity: normal
Priority: P2
Summary: No confirm before migration of external builder: 2.1.3 -> 3.0
Resolution: FIXED"
32842,"Product: JDT
Component: Debug
Severity: normal
Priority: P2
Summary: Java Line Breakpoint - instance restriction problem
Resolution: FIXED"
248054,"Product: Platform
Component: Debug
Severity: normal
Priority: P3
Summary: Can't set breakpoint annotation as Highlighted
Resolution: FIXED"
448863,"Product: Platform
Component: Search
Severity: normal
Priority: P3
Summary: [Search] Refresh on Access ignored during text search
Resolution: FIXED"
19435,"Product: JDT
Component: UI
Severity: normal
Priority: P2
Summary: Artwork
Resolution: FIXED"
140565,"Product: JDT
Component: UI
Severity: normal
Priority: P3
Summary: [clean up] 'change all acces through instances' + 'remove unused imports' leads to code with fatal errors
Resolution: FIXED"
54976,"Product: JDT
Component: Debug
Severity: normal
Priority: P3
Summary: VM fails to launch when specifying default VM arguments
Resolution: FIXED"
76511,"Product: Platform
Component: UI
Severity: normal
Priority: P2
Summary: [Progress] NPE creating hierarchy
Resolution: FIXED"
66688,"Product: Platform
Component: Search
Severity: normal
Priority: P2
Summary: Search dialog: 'Customize' button has wrong size
Resolution: FIXED"
268986,"Product: Platform
Component: UI
Severity: normal
Priority: P3
Summary: Each ActionFactory should specify its commandId
Resolution: FIXED"
81674,"Product: Platform
Component: UI
Severity: normal
Priority: P2
Summary: [Progress] NPE in JobErrorDialog
Resolution: FIXED"
178246,"Product: JDT
Component: Debug
Severity: normal
Priority: P3
Summary: inspect/all instances popup should expand first element
Resolution: FIXED"
14143,"Product: Platform
Component: Debug
Severity: normal
Priority: P1
Summary: Breakpoints View appears with ""Go to file"" button enabled regardless of breakpoints
Resolution: FIXED"
31293,"Product: JDT
Component: UI
Severity: minor
Priority: P2
Summary: substandard language in source actions if file is read-only
Resolution: FIXED"
85103,"Product: Platform
Component: UI
Severity: major
Priority: P2
Summary: [Preferences] Poor colour choice for preference page titles
Resolution: FIXED"
100068,"Product: JDT
Component: Debug
Severity: normal
Priority: P3
Summary: CCE exception from class prepare breakpoint
Resolution: FIXED"
151838,"Product: Platform
Component: UI
Severity: normal
Priority: P2
Summary: [Markers] ArrayIndexOutOfBoundsException while queuing viewer updates
Resolution: FIXED"
308636,"Product: Platform
Component: Debug
Severity: normal
Priority: P3
Summary: Translation Question - WSW36#078
Resolution: FIXED"
175418,"Product: Platform
Component: UI
Severity: normal
Priority: P3
Summary: [DataBinding] TreePath moved to internal package
Resolution: FIXED"
255932,"Product: JDT
Component: UI
Severity: enhancement
Priority: P2
Summary: [api] Make RefactoringSaveHelper API
Resolution: FIXED"
120629,"Product: JDT
Component: UI
Severity: normal
Priority: P3
Summary: No provider name for org.eclipse.jdt.core.manipulation plug-in
Resolution: FIXED"
148965,"Product: JDT
Component: Debug
Severity: normal
Priority: P2
Summary: Performance problem in detail pane when there is a lot of plugins.
Resolution: FIXED"
87400,"Product: Platform
Component: UI
Severity: major
Priority: P2
Summary: Unable to open synchronize view context menu
Resolution: FIXED"
481792,"Product: PDE
Component: Build
Severity: normal
Priority: P3
Summary: PDE feature does not require JDT feature
Resolution: FIXED"
33897,"Product: Platform
Component: UI
Severity: enhancement
Priority: P2
Summary: [Import/Export] Export to .tar.gz or .tar.bz2
Resolution: FIXED"
378723,"Product: Platform
Component: IDE
Severity: normal
Priority: P3
Summary: [Mac] File proxy in window title bar not available any more
Resolution: FIXED"
142936,"Product: JDT
Component: Text
Severity: normal
Priority: P2
Summary: [implementation] Possible NPE in JavaEditor.adjustHighlightRange
Resolution: FIXED"
70503,"Product: Platform
Component: UI
Severity: major
Priority: P1
Summary: [Commands] ctrl+c, ctrl+v, ctrl+x accelerators dont work in some scenarios
Resolution: FIXED"
97786,"Product: Platform
Component: UI
Severity: normal
Priority: P3
Summary: [Viewers] - Lazy Virtual Table View Test - duplicate items appear after delete
Resolution: FIXED"
398235,"Product: PDE
Component: UI
Severity: normal
Priority: P3
Summary: running PluginModelManager.UpdateClasspathsJob causes race condition, locks
Resolution: FIXED"
21769,"Product: JDT
Component: Debug
Severity: normal
Priority: P3
Summary: Invalid code index stepping in junit code
Resolution: FIXED"
434134,"Product: Platform
Component: UI
Severity: normal
Priority: P1
Summary: [CSS] Active part's 2nd line toolbar background color looks wrong
Resolution: FIXED"
436247,"Product: Platform
Component: UI
Severity: normal
Priority: P3
Summary: [Themes] ""Colors and Fonts"" pref page fails with NPE when running with '-cssTheme none'
Resolution: FIXED"
94562,"Product: JDT
Component: Text
Severity: normal
Priority: P2
Summary: AFE when switching between editor not on the build path
Resolution: FIXED"
309415,"Product: JDT
Component: Text
Severity: normal
Priority: P3
Summary: [implementation][nls tooling] DBCS3.6: 'Find Broken Externalized Strings' not handle constants with CJK Ext-B.
Resolution: FIXED"
467309,"Product: Platform
Component: Debug
Severity: major
Priority: P1
Summary: NPE in LaunchViewBreadcrumb.dispose
Resolution: FIXED"
216838,"Product: PDE
Component: UI
Severity: normal
Priority: P3
Summary: CCE in help editor
Resolution: FIXED"
299082,"Product: Platform
Component: User Assistance
Severity: major
Priority: P3
Summary: [Intro] label attribute of tag link doesn't substitute variables like $varName$
Resolution: FIXED"
25914,"Product: JDT
Component: UI
Severity: major
Priority: P1
Summary: Method signature refactor does not update Outline
Resolution: FIXED"
268393,"Product: JDT
Component: Debug
Severity: normal
Priority: P3
Summary: Debugger not letting me change value on null String
Resolution: FIXED"
63685,"Product: Platform
Component: Ant
Severity: enhancement
Priority: P3
Summary: Customize what happens on each build kind when using external builders and Ant
Resolution: FIXED"
212758,"Product: PDE
Component: UI
Severity: enhancement
Priority: P3
Summary: Show list with running plug-ins that affect import
Resolution: FIXED"
143855,"Product: Platform
Component: Compare
Severity: normal
Priority: P1
Summary: class org.eclipse.compare.internal.CompareNavigator should be made public
Resolution: FIXED"
89548,"Product: Platform
Component: Debug
Severity: normal
Priority: P2
Summary: no message for native methods in var view
Resolution: FIXED"
184991,"Product: JDT
Component: UI
Severity: major
Priority: P3
Summary: [package explorer] RuntimeException on startup with Project Explorer open
Resolution: FIXED"
184779,"Product: Platform
Component: UI
Severity: normal
Priority: P3
Summary: [QuickAccess] ClassCastException in quick access
Resolution: FIXED"
199799,"Product: Platform
Component: UI
Severity: normal
Priority: P3
Summary: [DataBinding] 3.3.1: JavaBeanObservableValue may cause NPE when used with ComputedValue
Resolution: FIXED"
11407,"Product: Platform
Component: UI
Severity: normal
Priority: P2
Summary: [Preferences] ScopedPreferenceStore#needsSaving always returns true
Resolution: FIXED"
75273,"Product: Platform
Component: Text
Severity: normal
Priority: P3
Summary: [rulers] Team menus should not appear in ruler context menu
Resolution: FIXED"
467902,"Product: JDT
Component: Core
Severity: enhancement
Priority: P3
Summary: [content assist] Add InternalCompletionProposal.getBinding/setBinding
Resolution: FIXED"
72881,"Product: Platform
Component: Debug
Severity: normal
Priority: P3
Summary: LineTracker Test Failure.
Resolution: FIXED"
45239,"Product: Platform
Component: Compare
Severity: normal
Priority: P3
Summary: Show ancestor for incoming and outgoing changes
Resolution: FIXED"
19007,"Product: JDT
Component: UI
Severity: major
Priority: P1
Summary: Assertion failure when copy/pasting import statement
Resolution: FIXED"
232711,"Product: JDT
Component: UI
Severity: normal
Priority: P3
Summary: [ccp] ""copy qualified name"" should copy path to ICU
Resolution: FIXED"
39953,"Product: JDT
Component: UI
Severity: normal
Priority: P3
Summary: Navigator sort wrong in Java Source Attachment -> Workspace
Resolution: FIXED"
18276,"Product: JDT
Component: UI
Severity: normal
Priority: P1
Summary: Java Search action set is missing the name for the menu
Resolution: FIXED"
126754,"Product: Platform
Component: UI
Severity: normal
Priority: P2
Summary: [Progress] Infinit number of Building Workspace jobss
Resolution: FIXED"
56233,"Product: Platform
Component: UI
Severity: normal
Priority: P3
Summary: [EditorMgmt] Ctrl-E does not work with two Eclipse windows
Resolution: FIXED"
7974,"Product: Platform
Component: Debug
Severity: critical
Priority: P1
Summary: Stack overflow pressing ""remove all"" from Expression View
Resolution: FIXED"
16702,"Product: JDT
Component: Debug
Severity: normal
Priority: P2
Summary: Unhandled NPE in HCR manager
Resolution: FIXED"
19261,"Product: Platform
Component: Search
Severity: critical
Priority: P1
Summary: Text search should not use TEXT from team
Resolution: FIXED"
39979,"Product: Platform
Component: Debug
Severity: normal
Priority: P3
Summary: Edit button should be disabled for multiselect
Resolution: FIXED"
337347,"Product: Platform
Component: UI
Severity: enhancement
Priority: P3
Summary: Mention that IPartListener2 implementations can implement IPageChangedListener to get page change notifications
Resolution: FIXED"
331954,"Product: PDE
Component: API Tools
Severity: normal
Priority: P3
Summary: Polish Use Scan Feature II
Resolution: FIXED"
396009,"Product: Platform
Component: Releng
Severity: normal
Priority: P2
Summary: org.eclipse.sdk.examples.source version is not matching its feature.xml in 4.2.2 build M20121205-1200
Resolution: FIXED"
169458,"Product: Platform
Component: UI
Severity: critical
Priority: P1
Summary: [ErrorHandling] New status handling shows wrong severity icons
Resolution: FIXED"
21400,"Product: JDT
Component: Debug
Severity: normal
Priority: P3
Summary: Loss of member details in text of Breakpoints
Resolution: FIXED"
86174,"Product: Platform
Component: Ant
Severity: major
Priority: P3
Summary: AntSecurityException while running nested antRunner
Resolution: FIXED"
60064,"Product: Platform
Component: Debug
Severity: trivial
Priority: P3
Summary: Memory preference page is missing mnemonic
Resolution: FIXED"
10595,"Product: JDT
Component: Debug
Severity: critical
Priority: P1
Summary: Debug into non-JavaBuildPath no longer works.
Resolution: FIXED"
1751,"Product: JDT
Component: Debug
Severity: critical
Priority: P1
Summary: Console misses style range for quick output (1GL4R1L)
Resolution: FIXED"
46418,"Product: JDT
Component: Debug
Severity: normal
Priority: P2
Summary: PDE classpath containers not working for non-PDE applications
Resolution: FIXED"
380218,"Product: Platform
Component: Text
Severity: normal
Priority: P3
Summary: TUR4.2: Regular Expression \C violates the relation between doted I and dotless I in Turkish.
Resolution: FIXED"
79760,"Product: JDT
Component: Core
Severity: normal
Priority: P3
Summary: ASTRewrite should support replacing n nodes with m nodes to better maintain formatting
Resolution: FIXED"
159597,"Product: Platform
Component: UI
Severity: normal
Priority: P3
Summary: [Viewers] getRowPart(Point) behaves differently on Table than on Tree
Resolution: FIXED"
429553,"Product: Platform
Component: UI
Severity: normal
Priority: P3
Summary: [CSS] ColorDefinitions defined by CSS and modified by user are wrongly read from preference store
Resolution: FIXED"
68586,"Product: JDT
Component: Text
Severity: critical
Priority: P2
Summary: [implementation] Reconciling should be more robust
Resolution: FIXED"
79441,"Product: Platform
Component: UI
Severity: normal
Priority: P3
Summary: [Dialogs] Save As dialog not resizable
Resolution: FIXED"
63407,"Product: Platform
Component: UI
Severity: normal
Priority: P2
Summary: [JFace] image reading is unbuffered
Resolution: FIXED"
218293,"Product: PDE
Component: UI
Severity: enhancement
Priority: P3
Summary: [log view] log selection menu should be radio style
Resolution: FIXED"
292936,"Product: PDE
Component: UI
Severity: minor
Priority: P3
Summary: ""Plug-in with a property page"" template generates incorrect code
Resolution: FIXED"
26918,"Product: Platform
Component: Ant
Severity: normal
Priority: P1
Summary: Projects with external builders cause NPEs when built in headless mode
Resolution: FIXED"
106243,"Product: JDT
Component: Debug
Severity: normal
Priority: P3
Summary: clear detail formatter cache when 'max detail length' pref changes
Resolution: FIXED"
11923,"Product: Platform
Component: Debug
Severity: normal
Priority: P2
Summary: Console preference page needs reworking
Resolution: FIXED"
5139,"Product: JDT
Component: Debug
Severity: normal
Priority: P1
Summary: Remove SnippetSupportBreakpoint
Resolution: FIXED"
53451,"Product: JDT
Component: Text
Severity: minor
Priority: P3
Summary: [preferences][templates] 'New/Edit Template' dialog closes dialog on ESC instead of Code Assistant
Resolution: FIXED"
112661,"Product: Platform
Component: Team
Severity: normal
Priority: P2
Summary: [Patch] Comments on Apply Patch support and dialog
Resolution: FIXED"
162005,"Product: Platform
Component: UI
Severity: normal
Priority: P3
Summary: [QuickAccess] Persist previous picks
Resolution: FIXED"
16046,"Product: Platform
Component: Debug
Severity: normal
Priority: P2
Summary: Launch configuration dialog doesn't/can't cancel a launch
Resolution: FIXED"
353814,"Product: PDE
Component: UI
Severity: trivial
Priority: P3
Summary: ExternalModelManager#extractJar - prove for NPE
Resolution: FIXED"
80996,"Product: JDT
Component: UI
Severity: normal
Priority: P3
Summary: [Quick Fix] Incorrect return type of created method
Resolution: FIXED"
21423,"Product: Platform
Component: SWT
Severity: normal
Priority: P2
Summary: GTK : GPF in Shell.setVisible()
Resolution: FIXED"
56870,"Product: JDT
Component: Core
Severity: normal
Priority: P2
Summary: copied file not shown in package explorer / java browser [ccp]
Resolution: FIXED"
56829,"Product: Platform
Component: SWT
Severity: normal
Priority: P1
Summary: CBanner not sized correctly after coolbar wraps
Resolution: FIXED"
64466,"Product: Platform
Component: UI
Severity: normal
Priority: P2
Summary: Workbench preference page does not properly set dialog font
Resolution: FIXED"
363626,"Product: JDT
Component: Core
Severity: critical
Priority: P3
Summary: IcedTea6 1.10.4 crash
Resolution: NOT_ECLIPSE"
329533,"Product: Platform
Component: Search
Severity: normal
Priority: P3
Summary: Keywords is not highlighted in the ""search view""
Resolution: FIXED"
17676,"Product: Platform
Component: Debug
Severity: normal
Priority: P1
Summary: Run menu history menus not updated after organize favorites
Resolution: FIXED"
85260,"Product: JDT
Component: UI
Severity: normal
Priority: P2
Summary: IAE when trying to copy name of TestSuite to clipboard [junit]
Resolution: FIXED"
6510,"Product: JDT
Component: Debug
Severity: normal
Priority: P3
Summary: NPE changing Java Debug Options with active debug target
Resolution: FIXED"
58910,"Product: Platform
Component: UI
Severity: normal
Priority: P1
Summary: [Contexts] [Javadoc]  org.eclipse.ui.contexts issues
Resolution: FIXED"
276953,"Product: PDE
Component: UI
Severity: normal
Priority: P3
Summary: [target] Font leak in target platform preference page
Resolution: FIXED"
74604,"Product: Platform
Component: UI
Severity: enhancement
Priority: P1
Summary: [KeyBindings] Chose key to edit from View pane
Resolution: FIXED"
5138,"Product: Platform
Component: Text
Severity: normal
Priority: P3
Summary: [typing] Double-click-drag to select multiple words doesn't work
Resolution: FIXED"
6109,"Product: JDT
Component: Debug
Severity: critical
Priority: P1
Summary: NPE stopping Timer
Resolution: FIXED"
42601,"Product: Platform
Component: Text
Severity: major
Priority: P2
Summary: Save as don't work anymore
Resolution: FIXED"
293693,"Product: JDT
Component: Debug
Severity: minor
Priority: P3
Summary: 'Scrapbook Page' wizard icons does not have the + sign
Resolution: FIXED"
139562,"Product: Platform
Component: Debug
Severity: normal
Priority: P3
Summary: Regression...Launch Dialogs lose default button handling
Resolution: FIXED"
48378,"Product: Platform
Component: Debug
Severity: normal
Priority: P3
Summary: Adapting to deprecation of IWorkingCopy
Resolution: FIXED"
354579,"Product: JDT
Component: Core
Severity: normal
Priority: P3
Summary: Fup of bug 289247: Investigate validity of the fix vis-a-vis JLS.
Resolution: FIXED"
353358,"Product: PDE
Component: Doc
Severity: normal
Priority: P3
Summary: Replace screenshots and text for changing Provider to Vendor
Resolution: FIXED"
100914,"Product: Platform
Component: User Assistance
Severity: normal
Priority: P3
Summary: [Help][Context] Help view refreshing when there's nothing to refresh
Resolution: FIXED"
60183,"Product: JDT
Component: Debug
Severity: normal
Priority: P3
Summary: Console label only shows executable
Resolution: FIXED"
210368,"Product: JDT
Component: Debug
Severity: normal
Priority: P3
Summary: Run configuration dialog does not show error message if on tab with error
Resolution: FIXED"
121698,"Product: Platform
Component: Text
Severity: major
Priority: P2
Summary: [quick diff] NPE in DocumentLineDiffer.searchForRepetitionField
Resolution: FIXED"
235824,"Product: Platform
Component: Debug
Severity: minor
Priority: P3
Summary: [doc] Help topics missing
Resolution: FIXED"
334281,"Product: PDE
Component: API Tools
Severity: major
Priority: P3
Summary: Could not locate method ... error logged
Resolution: FIXED"
405867,"Product: Platform
Component: UI
Severity: normal
Priority: P3
Summary: Quick Access doesn't allow to show all matches any more
Resolution: FIXED"
179305,"Product: Platform
Component: UI
Severity: normal
Priority: P2
Summary: [DataBinding] Required-Bundle: org.eclipse.core.runtime
Resolution: FIXED"
15949,"Product: JDT
Component: Debug
Severity: normal
Priority: P3
Summary: JDIDebugTarget can resume threads which hit a breakpoint early
Resolution: FIXED"
124141,"Product: Platform
Component: UI
Severity: major
Priority: P2
Summary: [Progress] ProgressView does not populate until first update occurs
Resolution: FIXED"
328467,"Product: PDE
Component: UI
Severity: normal
Priority: P3
Summary: double clicking on required features does not open feature
Resolution: FIXED"
127025,"Product: JDT
Component: Debug
Severity: normal
Priority: P3
Summary: system thread filter loses selection/collapses on first invocation
Resolution: FIXED"
74028,"Product: Platform
Component: UI
Severity: normal
Priority: P2
Summary: [View Mgmt] Save confirmation dialog pops up when close ISaveablePart view
Resolution: FIXED"
313175,"Product: PDE
Component: UI
Severity: normal
Priority: P3
Summary: No problem generated when missing output.<lib> entry
Resolution: FIXED"
64791,"Product: Platform
Component: SWT
Severity: normal
Priority: P1
Summary: [KeyBindings] accelerator strings displayed incorrectly.
Resolution: FIXED"
94111,"Product: JDT
Component: Core
Severity: normal
Priority: P1
Summary: [assist] provide parameter hints for template instantiations
Resolution: FIXED"
99518,"Product: Platform
Component: SWT
Severity: major
Priority: P3
Summary: Extremely jumpy resizing in the ControlExample
Resolution: FIXED"
52556,"Product: JDT
Component: Debug
Severity: normal
Priority: P3
Summary: Classpath does not update when JRE changed
Resolution: FIXED"
37913,"Product: JDT
Component: UI
Severity: enhancement
Priority: P3
Summary: Suggest creating field instead of local variable if naming matches preferences for field [quick fix]
Resolution: FIXED"
362816,"Product: JDT
Component: Core
Severity: normal
Priority: P3
Summary: level的机制
Resolution: INVALID"
42625,"Product: JDT
Component: UI
Severity: normal
Priority: P2
Summary: Default for compiler compliance level
Resolution: FIXED"
84007,"Product: Platform
Component: UI
Severity: normal
Priority: P2
Summary: [Preferences] [DynamicUI] Workbench-level preference nodes need lifecycle
Resolution: FIXED"
285727,"Product: PDE
Component: UI
Severity: normal
Priority: P3
Summary: [junit] default auto start setting doesn't work
Resolution: FIXED"
319872,"Product: Platform
Component: Ant
Severity: normal
Priority: P3
Summary: [projection] IllegalStateException once code template has been used inside an xml file
Resolution: FIXED"
220784,"Product: JDT
Component: Debug
Severity: normal
Priority: P3
Summary: Allow EE files to use path list in -Dee.src property until closer to M6
Resolution: FIXED"
198428,"Product: Platform
Component: Debug
Severity: normal
Priority: P2
Summary: [launching] Deadlock deleting launch configuration
Resolution: FIXED"
5533,"Product: JDT
Component: UI
Severity: normal
Priority: P1
Summary: Intempestive code assist scenario
Resolution: FIXED"
97454,"Product: JDT
Component: UI
Severity: enhancement
Priority: P3
Summary: [quick fix] Quick fix to create attributes on annotations
Resolution: FIXED"
117101,"Product: Platform
Component: Debug
Severity: normal
Priority: P2
Summary: [flex-hierarchy] select/expand states not cleared from cache
Resolution: FIXED"
89500,"Product: JDT
Component: Text
Severity: normal
Priority: P2
Summary: [nls tooling] Externalize String wizard: usability improvements
Resolution: FIXED"
220822,"Product: PDE
Component: UI
Severity: normal
Priority: P3
Summary: bundle version for org.eclipse.pde in 3.4m5 is older than eclipse 3.3.1.1
Resolution: FIXED"
43146,"Product: JDT
Component: Text
Severity: normal
Priority: P2
Summary: [misc] Assertion failed in LinkedPositionManager.getPositions when using surrounding with try-catch
Resolution: FIXED"
38900,"Product: Platform
Component: Ant
Severity: normal
Priority: P2
Summary: Ant target names not quoted when ""Run Ant in a separate Java virtual machine"" is checked
Resolution: FIXED"
230080,"Product: JDT
Component: UI
Severity: normal
Priority: P3
Summary: [package explorer] NPEs from working set without image
Resolution: FIXED"
225097,"Product: JDT
Component: Debug
Severity: trivial
Priority: P3
Summary: Get rid of outdated context Id ""org.eclipse.ui.globalScope""
Resolution: FIXED"
406608,"Product: PDE
Component: UI
Severity: normal
Priority: P1
Summary: PDE has renamed LauncherUtils.clearWorkspace()
Resolution: FIXED"
22088,"Product: JDT
Component: Debug
Severity: enhancement
Priority: P3
Summary: Setting JRE only adds RT.JAR to CLASSPATH
Resolution: FIXED"
152472,"Product: Platform
Component: Debug
Severity: normal
Priority: P3
Summary: debug platform should not hold locks while notifying context change listeners
Resolution: FIXED"
62794,"Product: JDT
Component: UI
Severity: normal
Priority: P3
Summary: Stub on code assist: Should check if method name is valid Java id
Resolution: FIXED"
172026,"Product: Platform
Component: Debug
Severity: normal
Priority: P3
Summary: [launching] alt+enter shortcut dies when resource adapter cannot be resolved
Resolution: FIXED"
49700,"Product: Platform
Component: UI
Severity: major
Priority: P2
Summary: [Dialogs] creating working set leaks an image
Resolution: FIXED"
43328,"Product: JDT
Component: Debug
Severity: normal
Priority: P3
Summary: Missing NLS strings for JavaObjectBrowser
Resolution: FIXED"
6497,"Product: JDT
Component: UI
Severity: minor
Priority: P3
Summary: Code Formatter Preferences: Keep else if on same line option is back to front
Resolution: FIXED"
131930,"Product: Platform
Component: Debug
Severity: normal
Priority: P2
Summary: New Variables view is hard to use
Resolution: FIXED"
185124,"Product: JDT
Component: UI
Severity: normal
Priority: P3
Summary: [render] Colored labels don't update on 'Apply'
Resolution: FIXED"
104320,"Product: Platform
Component: Ant
Severity: normal
Priority: P3
Summary: Should not call IDocumentSetupParticipant.setup(IDocument)
Resolution: FIXED"
5387,"Product: JDT
Component: Debug
Severity: normal
Priority: P3
Summary: Can add the same exception breakpoint multiple times
Resolution: FIXED"
67314,"Product: JDT
Component: UI
Severity: normal
Priority: P2
Summary: Refactoring - NPE when extracting interface [refactoring]
Resolution: FIXED"
26980,"Product: Platform
Component: UI
Severity: major
Priority: P2
Summary: [Cell Editors] ComboBoxCellEditor is too small
Resolution: FIXED"
231116,"Product: JDT
Component: Text
Severity: normal
Priority: P3
Summary: [breadcrumb] Dropdown opens and then closes when clicking shrinked item
Resolution: FIXED"
352808,"Product: PDE
Component: UI
Severity: normal
Priority: P3
Summary: Editing the configuration area location doesn't mark the launch configuration as changed
Resolution: FIXED"
34065,"Product: JDT
Component: UI
Severity: major
Priority: P3
Summary: Move to/from default package should inform user about potential errors [refactoring]
Resolution: FIXED"
274862,"Product: Platform
Component: UI
Severity: normal
Priority: P2
Summary: [Preferences] Cannot perform scrolling via keyboard in preference dialog
Resolution: FIXED"
149519,"Product: Platform
Component: Text
Severity: enhancement
Priority: P2
Summary: [api][hovering] Push down F2 (Show Tooltip Description) feature for hovers
Resolution: FIXED"
92988,"Product: Platform
Component: UI
Severity: normal
Priority: P2
Summary: [Viewers] potential NPE in AbstractTreeViewer
Resolution: FIXED"
414436,"Product: Platform
Component: UI
Severity: normal
Priority: P3
Summary: ResourcePerspective throws PartInitException if org.eclipse.ui.navigator.resources isn't available
Resolution: FIXED"
12012,"Product: JDT
Component: Debug
Severity: critical
Priority: P3
Summary: J9 plugin needs to be updated
Resolution: FIXED"
149633,"Product: JDT
Component: Text
Severity: normal
Priority: P3
Summary: [implementation] AssertionFailedError in DocumentLineDifferInitializationTest
Resolution: FIXED"
43,"Product: Platform
Component: Team
Severity: major
Priority: P1
Summary: Cannot rename a project and then release it (1GDHAHF)
Resolution: FIXED"
129027,"Product: Platform
Component: UI
Severity: normal
Priority: P3
Summary: [Workbench] remove comment about experimental status from IProductConstants
Resolution: FIXED"
173896,"Product: Platform
Component: Debug
Severity: normal
Priority: P3
Summary: NPE while debugging
Resolution: FIXED"
320533,"Product: Platform
Component: Search
Severity: critical
Priority: P2
Summary: Replacing text in a set of files should only modify each physical resource once
Resolution: FIXED"
131922,"Product: Platform
Component: Debug
Severity: normal
Priority: P3
Summary: index out of bounds handling cell selection
Resolution: FIXED"
435574,"Product: Platform
Component: UI
Severity: normal
Priority: P3
Summary: [Themes] Dark theme overrides text editor background color
Resolution: FIXED"
95416,"Product: Platform
Component: Ant
Severity: normal
Priority: P3
Summary: NPE on code assist
Resolution: FIXED"
36267,"Product: Platform
Component: UI
Severity: critical
Priority: P1
Summary: [Key Bindings] Key binding and unknown command (conflict)
Resolution: FIXED"
263234,"Product: Platform
Component: UI
Severity: normal
Priority: P3
Summary: [Dialogs] Filter Controls in FilteredTree should vertically align CENTER
Resolution: FIXED"
45288,"Product: Platform
Component: Ant
Severity: normal
Priority: P3
Summary: Help: Running Ant buildfiles programmatically incorrect
Resolution: FIXED"
23735,"Product: JDT
Component: Debug
Severity: normal
Priority: P3
Summary: Array Index out of bounds
Resolution: FIXED"
55813,"Product: Platform
Component: Ant
Severity: normal
Priority: P3
Summary: ProjectHelper static state needs to be cleaned up
Resolution: FIXED"
59291,"Product: JDT
Component: Core
Severity: critical
Priority: P2
Summary: Deadlock between AllTypes cache and setClasspathContainer
Resolution: FIXED"
396213,"Product: Platform
Component: Releng
Severity: normal
Priority: P2
Summary: improve handling/coordination of base builder
Resolution: FIXED"
17470,"Product: JDT
Component: UI
Severity: major
Priority: P2
Summary: Lose list contents when searching from Java Browsing
Resolution: FIXED"
55538,"Product: JDT
Component: UI
Severity: normal
Priority: P3
Summary: ImportRewrite imports in wrong line
Resolution: FIXED"
230344,"Product: JDT
Component: Text
Severity: normal
Priority: P3
Summary: [breadcrumb] Open right most drop down should set focus into dropdown
Resolution: FIXED"
97121,"Product: Platform
Component: Ant
Severity: major
Priority: P3
Summary: It takes forever to open folder with large xml file
Resolution: FIXED"
440237,"Product: Platform
Component: UI
Severity: minor
Priority: P3
Summary: [Preferences] Startup and shutdown preference page: Restore defaults does not work as expected
Resolution: FIXED"
41699,"Product: JDT
Component: Debug
Severity: normal
Priority: P2
Summary: DirectorySourceLocation changes: break tests / javadoc contract
Resolution: FIXED"
315466,"Product: PDE
Component: Doc
Severity: normal
Priority: P3
Summary: Add doc for PDE property pages
Resolution: FIXED"
90510,"Product: Platform
Component: Debug
Severity: normal
Priority: P3
Summary: [Memory View] Default EBCDIC code page not supported by Sun JVM
Resolution: FIXED"
178427,"Product: JDT
Component: Debug
Severity: normal
Priority: P3
Summary: NPE in AllReferencesActionDelegate
Resolution: FIXED"
258736,"Product: Platform
Component: UI
Severity: enhancement
Priority: P3
Summary: [Viewers] [JFace] setUseHashLookUp() and multiple occurrences of same domain object in TreeViewer
Resolution: FIXED"
67560,"Product: Platform
Component: Text
Severity: trivial
Priority: P2
Summary: [misc] Non-externalized string in AbstractControlContentAssistSubjectAdapter
Resolution: FIXED"
191389,"Product: JDT
Component: Debug
Severity: minor
Priority: P3
Summary: TVT33:TCT636: ja: No mnemonic for ""Step through filters""
Resolution: FIXED"
90760,"Product: Platform
Component: Ant
Severity: normal
Priority: P3
Summary: AntEditorTests failing
Resolution: FIXED"
6503,"Product: JDT
Component: UI
Severity: normal
Priority: P2
Summary: Search page - should offer case sensitivity check box
Resolution: FIXED"
6066,"Product: JDT
Component: UI
Severity: normal
Priority: P3
Summary: template: for (array) - little more smartness would be cool
Resolution: FIXED"
166976,"Product: JDT
Component: Debug
Severity: critical
Priority: P2
Summary: [jres] JRE container classpath entries not computed properly per project
Resolution: FIXED"
30380,"Product: JDT
Component: Text
Severity: critical
Priority: P1
Summary: Show outline doesn't get focus
Resolution: FIXED"
217805,"Product: JDT
Component: Text
Severity: major
Priority: P3
Summary: [breadcrumb] Widget disposed exception when opening type
Resolution: FIXED"
99593,"Product: Platform
Component: Search
Severity: minor
Priority: P3
Summary: Replace dialog does not show special characters in the replace field using regex mode
Resolution: FIXED"
174722,"Product: Platform
Component: Debug
Severity: normal
Priority: P3
Summary: [Memory View] a possible out-of-bound array access in ""org.eclipse.debug.ui/ui/org/eclipse/debug/ui/memory/AbstractTableRendering.java""
Resolution: FIXED"
8317,"Product: JDT
Component: UI
Severity: normal
Priority: P2
Summary: Missing mnemonics in Java-->Compiler preference page
Resolution: FIXED"
162892,"Product: JDT
Component: UI
Severity: major
Priority: P3
Summary: [clean up] takes wrong profile
Resolution: FIXED"
20901,"Product: Platform
Component: Debug
Severity: normal
Priority: P3
Summary: Terminate debug target when >1 running causes concurrent exception
Resolution: FIXED"
378319,"Product: PDE
Component: UI
Severity: normal
Priority: P3
Summary: [quick fix] Add 'org.junit' to required bundles appears twice
Resolution: FIXED"
251789,"Product: JDT
Component: UI
Severity: enhancement
Priority: P3
Summary: Open External Javadoc should use Web Browser settings
Resolution: FIXED"
147213,"Product: Platform
Component: Debug
Severity: normal
Priority: P3
Summary: Resume Button disabled after suspending target
Resolution: FIXED"
43226,"Product: JDT
Component: Debug
Severity: normal
Priority: P1
Summary: Deadlock using 0916
Resolution: FIXED"
69948,"Product: Platform
Component: Ant
Severity: normal
Priority: P3
Summary: TVT3.0: tools.jar warning message is too long
Resolution: FIXED"
217896,"Product: JDT
Component: UI
Severity: normal
Priority: P3
Summary: [build path] New Java Project - JRE group's radio buttons are misbehaving
Resolution: FIXED"
94423,"Product: Platform
Component: Debug
Severity: normal
Priority: P3
Summary: Breakpoints cannot be shown in resource working set if  the working set is not a project
Resolution: FIXED"
67367,"Product: PDE
Component: Doc
Severity: normal
Priority: P3
Summary: F1 help missing for Run/Debug As > JUnit Plug-in Test
Resolution: FIXED"
98020,"Product: Platform
Component: UI
Severity: major
Priority: P3
Summary: [Contributions] the Resource perspective's Search menu disappears
Resolution: FIXED"
136383,"Product: Platform
Component: Debug
Severity: normal
Priority: P3
Summary: [NPE] changing filters when type is selected in LCD
Resolution: FIXED"
152919,"Product: Platform
Component: IDE
Severity: major
Priority: P2
Summary: [Import/Export] import existing project w/ copy is inefficient
Resolution: FIXED"
166236,"Product: Platform
Component: UI
Severity: major
Priority: P3
Summary: [Viewers] ViewerColumn needs a dispose method
Resolution: FIXED"
126342,"Product: JDT
Component: Text
Severity: normal
Priority: P3
Summary: [key binding] Suggestions for AbstractInformationControl
Resolution: FIXED"
215855,"Product: PDE
Component: UI
Severity: major
Priority: P3
Summary: NPE running product export wizard
Resolution: FIXED"
63335,"Product: Platform
Component: Ant
Severity: normal
Priority: P3
Summary: VM arguments text pane should grab horizontal space
Resolution: FIXED"
94996,"Product: Platform
Component: UI
Severity: normal
Priority: P2
Summary: [Import/Export] Missing mnemonics in export to archive wizard page
Resolution: FIXED"
217951,"Product: Platform
Component: Debug
Severity: normal
Priority: P3
Summary: Missing detail formatter for registers group
Resolution: FIXED"
205511,"Product: JDT
Component: Doc
Severity: normal
Priority: P3
Summary: javadoc warning in N20071004-0010
Resolution: FIXED"
149316,"Product: JDT
Component: UI
Severity: major
Priority: P3
Summary: [move method] Move method refactoring does not handle parameters correctly
Resolution: FIXED"
10252,"Product: JDT
Component: Debug
Severity: normal
Priority: P2
Summary: Class StandardVM doubles fields from super class
Resolution: FIXED"
96326,"Product: Platform
Component: UI
Severity: normal
Priority: P2
Summary: [Preferences] Preferences tree flickers heavily while typing into the filter field
Resolution: FIXED"
1723,"Product: JDT
Component: Debug
Severity: normal
Priority: P2
Summary: No code assist in display view for binaries with source (1GLE0F6)
Resolution: FIXED"
8971,"Product: JDT
Component: Debug
Severity: normal
Priority: P2
Summary: Functions keys in custom perspective does not work
Resolution: FIXED"
138370,"Product: Platform
Component: Text
Severity: enhancement
Priority: P3
Summary: [misc] Simplify setup of ContentAssistAction
Resolution: FIXED"
94794,"Product: JDT
Component: UI
Severity: minor
Priority: P3
Summary: quick fix for missing javadoc tags inserts @param at wrong position
Resolution: FIXED"
75308,"Product: Platform
Component: UI
Severity: major
Priority: P2
Summary: [Encoding] Cannot reset encoding
Resolution: FIXED"
126942,"Product: JDT
Component: Debug
Severity: normal
Priority: P3
Summary: AIOB during launch
Resolution: FIXED"
249809,"Product: Platform
Component: UI
Severity: enhancement
Priority: P3
Summary: [EditorMgmt] adopt schema identifier attribute for org.eclipse.ui.editors
Resolution: FIXED"
10917,"Product: Platform
Component: Compare
Severity: normal
Priority: P3
Summary: Patch support does not use mnemonics
Resolution: FIXED"
269296,"Product: JDT
Component: Core
Severity: normal
Priority: P3
Summary: [assist] ""Java code assist took too long: the proposal list might be incomplete""
Resolution: WORKSFORME"
302536,"Product: Platform
Component: IDE
Severity: normal
Priority: P3
Summary: [Markers] Broken double checked locking in MarkerSupportRegistry
Resolution: FIXED"
161617,"Product: JDT
Component: Core
Severity: normal
Priority: P3
Summary: [ast rewrite] replacing InstanceofExpression.LEFT_OPERAND_PROPERTY should ensure whitespace
Resolution: FIXED"
150970,"Product: Platform
Component: Debug
Severity: normal
Priority: P3
Summary: Progress Monitor not handled correctly during launch
Resolution: FIXED"
374058,"Product: Platform
Component: IDE
Severity: normal
Priority: P3
Summary: Quick Access drop-down list is overly wide
Resolution: FIXED"
1558,"Product: JDT
Component: Debug
Severity: enhancement
Priority: P2
Summary: Feature: CRC's and in synch (1GD0ANF)
Resolution: FIXED"
189987,"Product: JDT
Component: UI
Severity: major
Priority: P3
Summary: [package explorer] Plug-in Dependencies in Package Explorer does not update
Resolution: FIXED"
362945,"Product: PDE
Component: UI
Severity: normal
Priority: P3
Summary: Editing the configuration area location doesn't mark the launch configuration as changed
Resolution: FIXED"
77252,"Product: Platform
Component: Debug
Severity: trivial
Priority: P3
Summary: Consistency in SDK consoles
Resolution: FIXED"
184755,"Product: Platform
Component: UI
Severity: normal
Priority: P3
Summary: [DataBinding] internal tree content provider does not work
Resolution: FIXED"
201264,"Product: JDT
Component: Debug
Severity: normal
Priority: P3
Summary: several files not indexing correctly in help
Resolution: FIXED"
58240,"Product: Platform
Component: Team
Severity: major
Priority: P2
Summary: authentication disabled by empty password
Resolution: FIXED"
14045,"Product: JDT
Component: Debug
Severity: normal
Priority: P1
Summary: Deadlock exiting workspace
Resolution: FIXED"
26882,"Product: Platform
Component: Ant
Severity: enhancement
Priority: P2
Summary: Need ""run for build kinds"" UI for project builders
Resolution: FIXED"
276486,"Product: JDT
Component: Text
Severity: normal
Priority: P3
Summary: [content assist] anonymous type completion does not add method implementation stubs when type already imported
Resolution: FIXED"
18324,"Product: JDT
Component: UI
Severity: normal
Priority: P3
Summary: Hardcoded strings in Java prefs
Resolution: FIXED"
150481,"Product: JDT
Component: UI
Severity: major
Priority: P3
Summary: [clean up] Removing qualified this expressions may change semantic
Resolution: FIXED"
61004,"Product: Platform
Component: UI
Severity: normal
Priority: P2
Summary: ""Open user dialog"" job should be marked as System job
Resolution: FIXED"
333631,"Product: JDT
Component: Text
Severity: normal
Priority: P3
Summary: [nls tooling] Rename properties key/field adds additional '='
Resolution: FIXED"
425662,"Product: Platform
Component: Releng
Severity: enhancement
Priority: P2
Summary: Update JDT compiler to produce M5 with M4 compiler
Resolution: FIXED"
282308,"Product: Platform
Component: Debug
Severity: normal
Priority: P2
Summary: [launching] Launch configuration dialog resizes willy-nilly to my frustration
Resolution: FIXED"
97200,"Product: JDT
Component: UI
Severity: normal
Priority: P3
Summary: [package explorer] [working sets] Enable 'New' action for working sets
Resolution: FIXED"
428894,"Product: JDT
Component: Core
Severity: normal
Priority: P3
Summary: Unify antrun plugin version used.
Resolution: FIXED"
128314,"Product: Platform
Component: Debug
Severity: normal
Priority: P3
Summary: NPE after clicking in stack
Resolution: FIXED"
488954,"Product: Platform
Component: UI
Severity: minor
Priority: P3
Summary: Update JRE_CONTAINER to 1.8 for UITestSuite.launch
Resolution: FIXED"
128978,"Product: Platform
Component: Debug
Severity: enhancement
Priority: P3
Summary: Add an ""Are You Sure?"" check to ""Remove All"" action in Expressions View
Resolution: FIXED"
131587,"Product: Platform
Component: Debug
Severity: normal
Priority: P3
Summary: launch config dialog has different appearance than the rest of eclipse
Resolution: FIXED"
434314,"Product: Platform
Component: Releng
Severity: normal
Priority: P3
Summary: Copyright for features needs to get 2014
Resolution: FIXED"
148098,"Product: Platform
Component: User Assistance
Severity: normal
Priority: P3
Summary: [Help] Help preference page wording is inconsistent
Resolution: FIXED"
7965,"Product: Platform
Component: Debug
Severity: normal
Priority: P2
Summary: Debug view refresh flicker
Resolution: FIXED"
39474,"Product: JDT
Component: Debug
Severity: critical
Priority: P2
Summary: JavaBreakpoint.recreate() should call getAdapter(IJavaDebugTarget.class)
Resolution: FIXED"
127815,"Product: JDT
Component: Debug
Severity: normal
Priority: P3
Summary: First invocation of ""run to line"" does not work
Resolution: FIXED"
23383,"Product: Platform
Component: Ant
Severity: normal
Priority: P2
Summary: API: Add @since tags
Resolution: FIXED"
61700,"Product: JDT
Component: UI
Severity: major
Priority: P2
Summary: NPE during externlize string [refactoring] [nls]
Resolution: FIXED"
16740,"Product: Platform
Component: Ant
Severity: normal
Priority: P2
Summary: [ExternalTools] Irrelevant stack trace for errors in Ant build file
Resolution: FIXED"
379135,"Product: PDE
Component: UI
Severity: major
Priority: P3
Summary: Incorrect version range created if minimum version is omitted
Resolution: FIXED"
127246,"Product: Platform
Component: Debug
Severity: normal
Priority: P3
Summary: NPE in ViewContextService.perspectiveChanged
Resolution: FIXED"
6169,"Product: JDT
Component: Core
Severity: normal
Priority: P2
Summary: Creating the tasks view hangs the UI thread
Resolution: WORKSFORME"
5025,"Product: Platform
Component: Team
Severity: normal
Priority: P1
Summary: Allow users to create a patch file using 'cvs diff'
Resolution: FIXED"
170717,"Product: JDT
Component: Text
Severity: major
Priority: P2
Summary: [content assist] Content assist fails to work
Resolution: FIXED"
271456,"Product: Platform
Component: UI
Severity: enhancement
Priority: P3
Summary: [Metadata] Add ability to run a single performance test (vs the whole suite)
Resolution: FIXED"
354783,"Product: Platform
Component: UI
Severity: normal
Priority: P3
Summary: [CSS] Refactor custom properties
Resolution: FIXED"
98951,"Product: Platform
Component: UI
Severity: trivial
Priority: P2
Summary: [Doc] [Contributions] Problems with the ""org.eclipse.ui.viewActions"" extension point
Resolution: FIXED"
63908,"Product: JDT
Component: UI
Severity: normal
Priority: P2
Summary: Refactorings should inform user about unprecise matches
Resolution: FIXED"
213718,"Product: Platform
Component: UI
Severity: major
Priority: P2
Summary: [Viewers] OwnerDrawLabelProvider: bug with getData
Resolution: FIXED"
64928,"Product: Platform
Component: Ant
Severity: normal
Priority: P3
Summary: Change builder when workspace is locked
Resolution: FIXED"
310089,"Product: Platform
Component: IDE
Severity: normal
Priority: P3
Summary: Clean up ImportTypeDialog.open()  and CopyFilesAndFoldersOperation API
Resolution: FIXED"
51590,"Product: Platform
Component: UI
Severity: normal
Priority: P2
Summary: [Preferences] Pref Page Workbench/Perspectives; ""Restore Defaults"" does not restore default perspective
Resolution: FIXED"
47778,"Product: JDT
Component: UI
Severity: normal
Priority: P3
Summary: NPE during shutdown [type hierarchy]
Resolution: FIXED"
174235,"Product: Platform
Component: Text
Severity: normal
Priority: P2
Summary: [api][navigation] Cannot resolve conflicting hyperlinking directors
Resolution: FIXED"
262854,"Product: Platform
Component: Debug
Severity: normal
Priority: P3
Summary: Launching deadlock with monitors and thread grouops result in empty labels
Resolution: FIXED"
34695,"Product: Platform
Component: Text
Severity: minor
Priority: P3
Summary: [wording] Title casing issues
Resolution: FIXED"
30679,"Product: Platform
Component: Ant
Severity: normal
Priority: P2
Summary: External tool migration and writing to System.err
Resolution: FIXED"
47629,"Product: JDT
Component: Text
Severity: critical
Priority: P2
Summary: [misc] autocomplete disabled when changing read-only status
Resolution: FIXED"
379792,"Product: Platform
Component: SWT
Severity: normal
Priority: P3
Summary: Tree widgets leaked due to TreeColumn's modelhandle reference in Display.widgetTable
Resolution: FIXED"
183602,"Product: Platform
Component: UI
Severity: enhancement
Priority: P3
Summary: [EditorMgmt] provide API for restoring multiple editors without materialization
Resolution: FIXED"
164858,"Product: Platform
Component: UI
Severity: major
Priority: P3
Summary: [Viewers] TreeViewer.refresh() fails when using SWT.VIRTUAL
Resolution: FIXED"
12563,"Product: JDT
Component: Debug
Severity: normal
Priority: P2
Summary: Extensible remote connection type
Resolution: FIXED"
223828,"Product: Platform
Component: Text
Severity: normal
Priority: P2
Summary: [content assist] proposal table uses strange font for colored labels
Resolution: FIXED"
43518,"Product: JDT
Component: UI
Severity: critical
Priority: P1
Summary: Stepping through session bean is very slow in WSAD v5.1
Resolution: FIXED"
67221,"Product: Platform
Component: UI
Severity: major
Priority: P2
Summary: [Themes]  Cannot customize values of colors/fonts when theme is used.
Resolution: FIXED"
82880,"Product: Platform
Component: Ant
Severity: normal
Priority: P3
Summary: AntTargetsTab will not validate without default target
Resolution: FIXED"
275286,"Product: JDT
Component: UI
Severity: normal
Priority: P3
Summary: [compare] createStructure is called three times for both sides when opening compare editor
Resolution: FIXED"
330206,"Product: Platform
Component: UI
Severity: normal
Priority: P3
Summary: Help button setHelpAvailable(), API is not working
Resolution: FIXED"
215996,"Product: JDT
Component: UI
Severity: normal
Priority: P3
Summary: Leak framework: improve failure trace
Resolution: FIXED"
6424,"Product: JDT
Component: UI
Severity: normal
Priority: P2
Summary: Example Project Creation Wizard should provide a default name
Resolution: FIXED"
438059,"Product: PDE
Component: UI
Severity: normal
Priority: P3
Summary: Template ""Plug-in with a View"" does not set selection provider
Resolution: FIXED"
96044,"Product: JDT
Component: Debug
Severity: normal
Priority: P3
Summary: Breakpoint enable/disable state not preserved during refactoring
Resolution: FIXED"
9128,"Product: JDT
Component: Debug
Severity: normal
Priority: P2
Summary: Cannot evaluate expressions with outerscope variables in inner class
Resolution: FIXED"
7862,"Product: JDT
Component: Debug
Severity: normal
Priority: P1
Summary: Feature: hidden breakpoints
Resolution: FIXED"
99444,"Product: Platform
Component: Ant
Severity: trivial
Priority: P3
Summary: 3.1: TCT 202 - Suggestion
Resolution: FIXED"
34274,"Product: JDT
Component: UI
Severity: normal
Priority: P3
Summary: [wording] typo in member sort pref page
Resolution: FIXED"
46773,"Product: JDT
Component: Text
Severity: normal
Priority: P2
Summary: [formatting][templates] template formatting fails if produced code is not valid java syntax
Resolution: FIXED"
99443,"Product: Platform
Component: Ant
Severity: trivial
Priority: P3
Summary: 3.1: TCT 127, 156, 168, 171, 172, 173  - Translation Clarification
Resolution: FIXED"
59754,"Product: Platform
Component: Debug
Severity: normal
Priority: P3
Summary: critical: error when running any java application from eclipse
Resolution: FIXED"
332109,"Product: JDT
Component: Debug
Severity: normal
Priority: P3
Summary: Canceling 'Open from Clipboard' results in entry dialog
Resolution: FIXED"
18100,"Product: JDT
Component: Debug
Severity: blocker
Priority: P1
Summary: Internal error in Lauch Configurations dialog.
Resolution: FIXED"
19886,"Product: JDT
Component: UI
Severity: enhancement
Priority: P3
Summary: setProjectJavadocLocation() only in internal package [api] [javadoc]
Resolution: FIXED"
337652,"Product: Platform
Component: Doc
Severity: normal
Priority: P3
Summary: Documentation about Working sets is wrong
Resolution: FIXED"
76816,"Product: Platform
Component: Text
Severity: minor
Priority: P3
Summary: [Wizards] Text and location of Open Untitled Text File
Resolution: FIXED"
158778,"Product: Platform
Component: UI
Severity: enhancement
Priority: P3
Summary: [Viewers] request for remove(parent, index) API on tree viewer
Resolution: FIXED"
74375,"Product: Platform
Component: Text
Severity: enhancement
Priority: P2
Summary: [misc] Save as to a location external to the workspace
Resolution: FIXED"
123536,"Product: Platform
Component: UI
Severity: normal
Priority: P2
Summary: An internal error occurred during: ""Fetching children of Problems"".
Resolution: FIXED"
150825,"Product: Platform
Component: Ant
Severity: normal
Priority: P3
Summary: No syntax coloring if Ant Editor is associated with different content type or extension
Resolution: FIXED"
39768,"Product: JDT
Component: Debug
Severity: normal
Priority: P3
Summary: Red X on JRE tab when no error
Resolution: FIXED"
429338,"Product: Platform
Component: UI
Severity: normal
Priority: P3
Summary: [CSS] Colors and Fonts defined in CSS can't be overridden
Resolution: FIXED"
170485,"Product: Platform
Component: Debug
Severity: trivial
Priority: P3
Summary: [launching] no useful help in save and launch dialog
Resolution: FIXED"
63362,"Product: Platform
Component: UI
Severity: major
Priority: P1
Summary: [KeyBindings] [ViewMgmt] Key bindings do not work in detached views
Resolution: FIXED"
489769,"Product: Platform
Component: Doc
Severity: normal
Priority: P3
Summary: Migration item on the What's new welcome page should not have grey background
Resolution: FIXED"
21518,"Product: JDT
Component: Debug
Severity: normal
Priority: P3
Summary: Debugger source lookup problem when debugging against Wireless Toolkit (WTK) 1.04
Resolution: FIXED"
66903,"Product: JDT
Component: Text
Severity: major
Priority: P2
Summary: [projection] collapsing a foldable region puts caret to start of file
Resolution: FIXED"
99503,"Product: JDT
Component: UI
Severity: normal
Priority: P3
Summary: [5.0][enum] overridden method decorators/indicators not shown
Resolution: FIXED"
10784,"Product: JDT
Component: Debug
Severity: normal
Priority: P1
Summary: Launch configurations: Edit button enabled when no environment var to edit
Resolution: FIXED"
83067,"Product: Platform
Component: UI
Severity: enhancement
Priority: P2
Summary: [Dialogs] PathVariableSelectionDialog as API
Resolution: FIXED"
393924,"Product: PDE
Component: UI
Severity: normal
Priority: P3
Summary: New PDE launch configuration does not check bundles in workspace not found in target platform
Resolution: FIXED"
99395,"Product: JDT
Component: UI
Severity: normal
Priority: P3
Summary: [properties] [dialogs] NPE when viewing jar properties
Resolution: FIXED"
216758,"Product: Platform
Component: UI
Severity: normal
Priority: P3
Summary: [EditorMgmt] NavigationHistory - mergeInto produces NavigationHistoryEntries with disposed locations
Resolution: FIXED"
65284,"Product: JDT
Component: Text
Severity: normal
Priority: P2
Summary: [preferences][templates] importing template preferences does not update the template store
Resolution: FIXED"
59727,"Product: Platform
Component: UI
Severity: critical
Priority: P1
Summary: [Progress] ProgressDialog hides modal dialog
Resolution: FIXED"
159539,"Product: Platform
Component: UI
Severity: enhancement
Priority: P3
Summary: [DataBinding] Create a static initializer to create DBC with support for java primitives
Resolution: FIXED"
310747,"Product: JDT
Component: Core
Severity: normal
Priority: P3
Summary: [content assist] Irrelevant proposals while completing inside array initializer.
Resolution: FIXED"
432758,"Product: Platform
Component: UI
Severity: normal
Priority: P3
Summary: [Themes] theme DS instance is started in headless mode even if not needed
Resolution: FIXED"
45484,"Product: Platform
Component: Ant
Severity: normal
Priority: P3
Summary: Ant builds using an external JVM with [input] tasks cannot request input.
Resolution: FIXED"
13349,"Product: JDT
Component: Debug
Severity: normal
Priority: P2
Summary: Add breakpoint action disabled in editor pop-up
Resolution: FIXED"
17652,"Product: JDT
Component: UI
Severity: major
Priority: P1
Summary: Package selection dialog shouldn't have default input value
Resolution: FIXED"
185102,"Product: JDT
Component: UI
Severity: normal
Priority: P3
Summary: [actions] Assign Working Sets if there are no working sets
Resolution: FIXED"
13895,"Product: Platform
Component: UI
Severity: enhancement
Priority: P3
Summary: [Markers] Cannot resize table columns with keyboard or change sort order
Resolution: FIXED"
348379,"Product: JDT
Component: Core
Severity: enhancement
Priority: P3
Summary: [1.7][compiler] Null pointer access warning for strings in switch
Resolution: FIXED"
7859,"Product: JDT
Component: Debug
Severity: normal
Priority: P1
Summary: Feature: method exit breakpoints
Resolution: FIXED"
186527,"Product: Platform
Component: Debug
Severity: normal
Priority: P2
Summary: F11 (Debug Last Launched) behaves wrong in 3.3m7
Resolution: FIXED"
4954,"Product: JDT
Component: Debug
Severity: normal
Priority: P1
Summary: Evaluation does not update variable view
Resolution: FIXED"
5112,"Product: JDT
Component: Debug
Severity: normal
Priority: P3
Summary: Source lookup broken for alternate runtime JRE
Resolution: FIXED"
21478,"Product: Platform
Component: Ant
Severity: normal
Priority: P2
Summary: Insufficient Ant activation error  reporting
Resolution: FIXED"
278107,"Product: PDE
Component: UI
Severity: minor
Priority: P3
Summary: [target] JRE sections named differently
Resolution: FIXED"
147941,"Product: Platform
Component: Text
Severity: enhancement
Priority: P2
Summary: [typing] Smart Home/End functionality should be surfaced in Text editor preferences
Resolution: FIXED"
17277,"Product: JDT
Component: UI
Severity: major
Priority: P1
Summary: Java Editor: converting line delimiters and undo
Resolution: FIXED"
36971,"Product: Platform
Component: Ant
Severity: normal
Priority: P2
Summary: Classpath not set correctly for parsing targets
Resolution: FIXED"
99407,"Product: Platform
Component: Debug
Severity: normal
Priority: P3
Summary: Handle BLE from toggle breakpoint action
Resolution: FIXED"
1744,"Product: JDT
Component: Debug
Severity: minor
Priority: P1
Summary: Display in snippet opens temporary file (1GL0HES)
Resolution: WORKSFORME"
29867,"Product: Platform
Component: SWT
Severity: critical
Priority: P1
Summary: DBCS: Select project ""Properties"" cause core dump in GTK
Resolution: DUPLICATE"
55818,"Product: Platform
Component: Ant
Severity: normal
Priority: P3
Summary: AntEditorContentOutlinePage retains too much state
Resolution: FIXED"
237323,"Product: JDT
Component: Text
Severity: normal
Priority: P3
Summary: [misc] org.eclipse.ui.ide.markerResolution extensions not referenced in Java editor
Resolution: FIXED"
67888,"Product: Platform
Component: Compare
Severity: major
Priority: P2
Summary: [accessibility] Go To Next Difference stops working on reuse of editor
Resolution: FIXED"
203615,"Product: Platform
Component: Debug
Severity: normal
Priority: P3
Summary: TextConsoleViewer leaks Cursors
Resolution: FIXED"
407331,"Product: PDE
Component: UI
Severity: trivial
Priority: P3
Summary: Missing Non-NLS tag in LaunchArgumentsHelper
Resolution: FIXED"
364738,"Product: Platform
Component: UI
Severity: normal
Priority: P3
Summary: Content Types preference page: default encoding is a text field that is not checked against the supported encodings
Resolution: FIXED"
63675,"Product: JDT
Component: UI
Severity: normal
Priority: P3
Summary: Adding packages does not update Java Browsing package view. [browsing]
Resolution: FIXED"
25759,"Product: Platform
Component: Ant
Severity: normal
Priority: P2
Summary: NPE trying to open the antview preferences page
Resolution: FIXED"
190493,"Product: JDT
Component: Core
Severity: major
Priority: P2
Summary: [1.6][compiler] Compiling for 1.6 should not require compiler to run on 1.6 itself
Resolution: FIXED"
56887,"Product: Platform
Component: UI
Severity: critical
Priority: P1
Summary: [KeyBindings] StyledText gets key event when pressing Ctrl+O
Resolution: FIXED"
27322,"Product: JDT
Component: Core
Severity: major
Priority: P2
Summary: ClassCastException during code assist
Resolution: FIXED"
9327,"Product: JDT
Component: Debug
Severity: critical
Priority: P1
Summary: JavaDebugOptionsManager startup loading breakpoints during resource changed
Resolution: FIXED"
114489,"Product: JDT
Component: UI
Severity: normal
Priority: P3
Summary: Using a JDK 1.2.2 shouldn't use compiler compliance level 1.4
Resolution: FIXED"
19485,"Product: Platform
Component: UI
Severity: enhancement
Priority: P3
Summary: [Themes] Should use color setting for fonts.
Resolution: FIXED"
51978,"Product: JDT
Component: Text
Severity: major
Priority: P2
Summary: NPE editing a compilation unit
Resolution: FIXED"
331770,"Product: JDT
Component: Core
Severity: normal
Priority: P3
Summary: org.eclipse.jdt.core.tests.model.JavaSearchBugsTests.testBug323514a() is failing in  N20101202-2000
Resolution: FIXED"
56852,"Product: JDT
Component: Debug
Severity: normal
Priority: P3
Summary: JDT debug dialogs storing dialog settings in the incorrect plugin
Resolution: FIXED"
267897,"Product: JDT
Component: Text
Severity: normal
Priority: P3
Summary: [navigation] 'Open Implementation' sometimes opens Ctrl+T even if there's only one match
Resolution: FIXED"
24571,"Product: JDT
Component: UI
Severity: normal
Priority: P3
Summary: Move To Top Level: puts several statements on one line [refactoring]
Resolution: FIXED"
432826,"Product: Platform
Component: UI
Severity: normal
Priority: P3
Summary: slow setTaskName on ProgressbarDialog on Linux and even worse on OSX
Resolution: FIXED"
35931,"Product: Platform
Component: Text
Severity: normal
Priority: P2
Summary: [painting] Annotations rendered when not necessary
Resolution: FIXED"
5115,"Product: JDT
Component: Debug
Severity: normal
Priority: P1
Summary: Workspace source locator fails with mulitple package fragments
Resolution: FIXED"
382113,"Product: Platform
Component: Releng
Severity: normal
Priority: P2
Summary: Update tests should not appear in 4.2
Resolution: FIXED"
230862,"Product: JDT
Component: UI
Severity: normal
Priority: P3
Summary: [javadoc export] bad resizing behaviour
Resolution: FIXED"
53971,"Product: JDT
Component: UI
Severity: blocker
Priority: P1
Summary: Unexpected huge amount of computation for field rename
Resolution: FIXED"
79043,"Product: Platform
Component: Debug
Severity: normal
Priority: P3
Summary: Translatable attributes not translated in memoryRenderingTypes extensions
Resolution: FIXED"
147530,"Product: Platform
Component: UI
Severity: enhancement
Priority: P3
Summary: [DataBinding] Provide event objects for change listeners
Resolution: FIXED"
43228,"Product: JDT
Component: Text
Severity: critical
Priority: P1
Summary: Encoding Support for Java editor broken
Resolution: FIXED"
60327,"Product: Platform
Component: Debug
Severity: normal
Priority: P1
Summary: Review LaunchViewContextListener multi-window behavior
Resolution: FIXED"
6357,"Product: Platform
Component: Debug
Severity: normal
Priority: P2
Summary: Combine Process/Debug Views
Resolution: FIXED"
17271,"Product: JDT
Component: UI
Severity: critical
Priority: P1
Summary: Not present exception renaming class in java browsing perspective
Resolution: FIXED"
348616,"Product: Platform
Component: UI
Severity: normal
Priority: P3
Summary: Don't override FORMAT Locale
Resolution: FIXED"
348429,"Product: Platform
Component: UI
Severity: major
Priority: P3
Summary: [Perspectives] [Compare] NPE in ContentMergeViewerLayout.layout
Resolution: FIXED"
42814,"Product: Platform
Component: Debug
Severity: enhancement
Priority: P3
Summary: Ability of ""override"" environment
Resolution: FIXED"
5591,"Product: JDT
Component: Debug
Severity: normal
Priority: P2
Summary: Debug perspective missing view shortcuts
Resolution: FIXED"
350854,"Product: JDT
Component: Core
Severity: normal
Priority: P3
Summary: Content Assist keeps crashing.
Resolution: DUPLICATE"
99499,"Product: Platform
Component: Ant
Severity: normal
Priority: P3
Summary: Internal error during matchjob
Resolution: FIXED"
18222,"Product: Platform
Component: Debug
Severity: normal
Priority: P2
Summary: All XML written using platform line delimiters/UTF8
Resolution: FIXED"
383049,"Product: Platform
Component: Releng
Severity: normal
Priority: P2
Summary: Steps to resume builds after Juno
Resolution: FIXED"
78453,"Product: Platform
Component: Ant
Severity: normal
Priority: P3
Summary: Back and forth navigation after hyperlink navigation
Resolution: FIXED"
407270,"Product: Platform
Component: SWT
Severity: major
Priority: P3
Summary: Miss NPE check in org.eclipse.swt.accessibility.Accessible
Resolution: FIXED"
166600,"Product: Platform
Component: UI
Severity: enhancement
Priority: P3
Summary: [DataBinding] Refactor tests to be in the correct packages
Resolution: FIXED"
83956,"Product: Platform
Component: Debug
Severity: normal
Priority: P3
Summary: Hang while debugging
Resolution: FIXED"
132619,"Product: JDT
Component: Debug
Severity: major
Priority: P3
Summary: Can't Add Installed JREs with Simplified Chinese folder name.
Resolution: FIXED"
34203,"Product: JDT
Component: UI
Severity: normal
Priority: P2
Summary: Generate setter produces incorrect code
Resolution: FIXED"
43804,"Product: Platform
Component: UI
Severity: normal
Priority: P1
Summary: [KeyBindings] Entering key sequence appends to previous by default
Resolution: FIXED"
378029,"Product: Platform
Component: UI
Severity: normal
Priority: P3
Summary: Simplify widget-data accesses for CSS information
Resolution: FIXED"
65504,"Product: JDT
Component: Debug
Severity: normal
Priority: P3
Summary: No progress feedback when changing VM installs
Resolution: FIXED"
4955,"Product: JDT
Component: Debug
Severity: normal
Priority: P1
Summary: Hit count breakpoint does not re-enable
Resolution: FIXED"
26636,"Product: Platform
Component: Ant
Severity: normal
Priority: P2
Summary: Cached Ant classloader not reset with classpath change
Resolution: FIXED"
174779,"Product: JDT
Component: Debug
Severity: critical
Priority: P2
Summary: [hot code replace] hot code place not triggered
Resolution: FIXED"
15180,"Product: JDT
Component: Debug
Severity: major
Priority: P2
Summary: DND.ERROR_CANNOT_SET_CLIPBOARD must be handled
Resolution: FIXED"
422536,"Product: Platform
Component: UI
Severity: normal
Priority: P3
Summary: [CSS] styling for preference values
Resolution: FIXED"
184836,"Product: Platform
Component: SWT
Severity: critical
Priority: P3
Summary: Missing shell activation events
Resolution: FIXED"
225403,"Product: Platform
Component: UI
Severity: normal
Priority: P3
Summary: [DataBinding] Fix bugs reported by FindBugs
Resolution: FIXED"
77685,"Product: JDT
Component: Doc
Severity: normal
Priority: P3
Summary: Invalid character in cquickassists.htm
Resolution: FIXED"
312603,"Product: JDT
Component: Core
Severity: normal
Priority: P3
Summary: [content assist] field being declared is proposed as a method argument inside initialization
Resolution: FIXED"
365455,"Product: JDT
Component: Core
Severity: normal
Priority: P3
Summary: Bad interaction between ""@SuppressWarnings for optional errors"" and ""Treat optional errors as Fatal"" options
Resolution: DUPLICATE"
87324,"Product: Platform
Component: UI
Severity: normal
Priority: P2
Summary: Should convert all message classes to NLS
Resolution: FIXED"
74123,"Product: Platform
Component: Debug
Severity: normal
Priority: P3
Summary: Console font problem
Resolution: FIXED"
61117,"Product: Platform
Component: Debug
Severity: normal
Priority: P3
Summary: enable checkbox state after ""Show Breakpoints Supported by Selected Target""
Resolution: FIXED"
365465,"Product: JDT
Component: Core
Severity: normal
Priority: P3
Summary: NPE in BinaryTypeBinding.cachePartsFrom
Resolution: WORKSFORME"
95217,"Product: Platform
Component: UI
Severity: normal
Priority: P1
Summary: [Commands] Remove experimental handlerSubmission element from the ""org.eclipse.ui.commands"" extension point
Resolution: FIXED"
231112,"Product: JDT
Component: UI
Severity: normal
Priority: P3
Summary: [getter setter] Elements not inserted at correct location
Resolution: FIXED"
80942,"Product: Platform
Component: UI
Severity: normal
Priority: P2
Summary: [Preferences] UI glitches in the new preference dialog
Resolution: FIXED"
87779,"Product: Platform
Component: UI
Severity: major
Priority: P2
Summary: [BIDI] Need to enable image lookup to be BIDI aware
Resolution: FIXED"
11047,"Product: JDT
Component: UI
Severity: normal
Priority: P2
Summary: Index out of bounds on text hover
Resolution: FIXED"
92640,"Product: Platform
Component: Ant
Severity: normal
Priority: P3
Summary: Typing performance: Imports reparsed on typing
Resolution: FIXED"
7804,"Product: JDT
Component: Debug
Severity: normal
Priority: P1
Summary: Internal VMDisconnected trying to delete event requests after VM is gone
Resolution: FIXED"
458549,"Product: Platform
Component: Resources
Severity: normal
Priority: P3
Summary: Update maven antrun plugin configuration.
Resolution: FIXED"
50690,"Product: JDT
Component: Debug
Severity: normal
Priority: P2
Summary: Breakpoint condition compiler should not matter about NON-NLS strings
Resolution: FIXED"
188676,"Product: JDT
Component: Debug
Severity: normal
Priority: P3
Summary: [breakpoints] BreakpointMarkerUpdater moves line breakpoint to wrong position
Resolution: FIXED"
331028,"Product: JDT
Component: Text
Severity: major
Priority: P2
Summary: [typing] Indentation broken in enhanced for loop
Resolution: FIXED"
61402,"Product: Platform
Component: Ant
Severity: normal
Priority: P3
Summary: Remove AntEditor annotation and quick diff pref pages
Resolution: FIXED"
174803,"Product: Platform
Component: Text
Severity: normal
Priority: P2
Summary: [misc] backreference syntax documented incorrectly
Resolution: FIXED"
408899,"Product: Platform
Component: User Assistance
Severity: normal
Priority: P3
Summary: [Help] Extenders of help.base.activitySupport see a warning regarding ""localScopeCheckbox"" although that element is unused
Resolution: FIXED"
328686,"Product: PDE
Component: UI
Severity: normal
Priority: P3
Summary: Conflicting mnemonic in 'Edit Target Definition' Tab
Resolution: FIXED"
9102,"Product: JDT
Component: Debug
Severity: normal
Priority: P1
Summary: Remove & Terminate walkback
Resolution: FIXED"
54358,"Product: Platform
Component: SWT
Severity: major
Priority: P1
Summary: Shells don't fire move event when not visible (BBAWT)
Resolution: FIXED"
434352,"Product: JDT
Component: UI
Severity: trivial
Priority: P3
Summary: [preferences] Store method parameter names preference doesn't capture what's really stored
Resolution: FIXED"
331332,"Product: PDE
Component: UI
Severity: normal
Priority: P3
Summary: [target] Target editor should update its content, if the target file was edited with another eclipse editor
Resolution: FIXED"
14113,"Product: JDT
Component: UI
Severity: normal
Priority: P2
Summary: Should listen to F_SOURCEATTACHED and F_SOURCEDETACHED java deltas
Resolution: FIXED"
409538,"Product: Platform
Component: Text
Severity: major
Priority: P3
Summary: org.eclipse.jface.text.rules.MultiLineRule EOF matching behavior changed
Resolution: FIXED"
325829,"Product: JDT
Component: Core
Severity: major
Priority: P3
Summary: Very slow code completion for larger completion lists
Resolution: NOT_ECLIPSE"
267060,"Product: JDT
Component: Debug
Severity: normal
Priority: P3
Summary: Add API for IJavaValue.isNull()
Resolution: FIXED"
17360,"Product: Platform
Component: Debug
Severity: enhancement
Priority: P3
Summary: Should specify default shared config location
Resolution: FIXED"
133867,"Product: Platform
Component: UI
Severity: major
Priority: P2
Summary: [EFS] Project wizard browse button not connected to file system contributor
Resolution: FIXED"
326000,"Product: Platform
Component: IDE
Severity: enhancement
Priority: P3
Summary: [Markers] Problems view enhancements
Resolution: FIXED"
265134,"Product: Platform
Component: UI
Severity: normal
Priority: P3
Summary: [JFace] StyledString.setStyle bolds too much
Resolution: FIXED"
27141,"Product: Platform
Component: Ant
Severity: normal
Priority: P2
Summary: [External Tools] Unexpected Run Ant dialog behaviour.
Resolution: FIXED"
31500,"Product: Platform
Component: Debug
Severity: normal
Priority: P2
Summary: Double click for create a new launch configuration
Resolution: FIXED"
17664,"Product: Platform
Component: Compare
Severity: major
Priority: P3
Summary: Applying a patch with deleted package fails
Resolution: FIXED"
96195,"Product: Platform
Component: User Assistance
Severity: normal
Priority: P2
Summary: [Intro] Link to install SWT examples from intro page installs 3.0 version
Resolution: FIXED"
120736,"Product: Platform
Component: UI
Severity: normal
Priority: P2
Summary: [Markers] NPE during: ""Fetching children of Problems"".
Resolution: FIXED"
324846,"Product: JDT
Component: UI
Severity: normal
Priority: P3
Summary: Test failure in PluginsNotLoadedTest when run from AllZRHTests
Resolution: FIXED"
87787,"Product: Platform
Component: Ant
Severity: normal
Priority: P3
Summary: Widget disposed error creating new builder during build
Resolution: FIXED"
376425,"Product: JDT
Component: Core
Severity: normal
Priority: P3
Summary: suppression of deprecated warning is unnecessary
Resolution: INVALID"
280755,"Product: JDT
Component: UI
Severity: normal
Priority: P3
Summary: [working sets] Check out into new working set results into strange working set
Resolution: FIXED"
254766,"Product: JDT
Component: UI
Severity: normal
Priority: P3
Summary: Eclipse doc - Java incl./excl. pattern page unclear re Java source vs. resource files
Resolution: FIXED"
188485,"Product: JDT
Component: UI
Severity: major
Priority: P3
Summary: [package explorer] image leaked when opening toolbar menu in package explorer
Resolution: FIXED"
66453,"Product: JDT
Component: Debug
Severity: normal
Priority: P3
Summary: String concatenation gives unexpected result in conditional breakpoint expression
Resolution: FIXED"
95321,"Product: JDT
Component: Debug
Severity: normal
Priority: P3
Summary: Missing link from Java Debug to Debug
Resolution: FIXED"
19520,"Product: Platform
Component: Ant
Severity: major
Priority: P2
Summary: [ExternalTools] Performance suffers with console log ouput enabled
Resolution: FIXED"
54925,"Product: Platform
Component: Debug
Severity: enhancement
Priority: P3
Summary: want option to not run programs with errors
Resolution: FIXED"
57735,"Product: JDT
Component: Debug
Severity: normal
Priority: P3
Summary: When including assert tags in private method, breakpoint can't be set
Resolution: FIXED"
18306,"Product: Platform
Component: Debug
Severity: normal
Priority: P2
Summary: Use safe runnables for listeners and ""untrusted"" code
Resolution: FIXED"
3773,"Product: JDT
Component: UI
Severity: major
Priority: P3
Summary: exception creating a package with a magic name (1GEUO3K)
Resolution: FIXED"
116770,"Product: Platform
Component: UI
Severity: normal
Priority: P3
Summary: [Viewers] Memory leak in TreeViewerTest, or TreeViewer, or Tree
Resolution: FIXED"
42733,"Product: JDT
Component: Debug
Severity: normal
Priority: P2
Summary: Edit JRE is very slow
Resolution: FIXED"
5349,"Product: Platform
Component: Debug
Severity: blocker
Priority: P1
Summary: ClassCastExceptions caused by BreakpointManager
Resolution: FIXED"
463070,"Product: JDT
Component: Core
Severity: normal
Priority: P3
Summary: Update maven antrun plugin configuration
Resolution: FIXED"
382706,"Product: PDE
Component: UI
Severity: major
Priority: P3
Summary: Multipage editor gets badly confused
Resolution: FIXED"
406225,"Product: Platform
Component: CVS
Severity: normal
Priority: P3
Summary: org.eclipse.cvs must be increased
Resolution: FIXED"
191297,"Product: JDT
Component: UI
Severity: normal
Priority: P3
Summary: [hashcode/equals] Incorrect generation of the equals method when it already exists and the class extends Object.
Resolution: FIXED"
358527,"Product: Platform
Component: Compare
Severity: normal
Priority: P3
Summary: Applying a Git patch needs too much user work
Resolution: FIXED"
205292,"Product: PDE
Component: UI
Severity: normal
Priority: P3
Summary: NPE from UnresolvedImportFixProcessor
Resolution: FIXED"
51989,"Product: Platform
Component: Debug
Severity: enhancement
Priority: P3
Summary: Please add Run->Run... to the context menu
Resolution: FIXED"
7420,"Product: Platform
Component: Debug
Severity: normal
Priority: P3
Summary: ""Debug UI.xml"" references JDT
Resolution: FIXED"
211786,"Product: Platform
Component: UI
Severity: normal
Priority: P3
Summary: [DataBinding] ComputedList refinements
Resolution: FIXED"
26159,"Product: JDT
Component: Debug
Severity: major
Priority: P3
Summary: NPE evaluating snippet in anonymous inner class
Resolution: FIXED"
209032,"Product: PDE
Component: UI
Severity: normal
Priority: P3
Summary: Widget is disposed error when using the plugin registry view
Resolution: FIXED"
66947,"Product: JDT
Component: UI
Severity: normal
Priority: P2
Summary: 'Add to build path' action available on CUs [build path]
Resolution: FIXED"
140823,"Product: Platform
Component: Debug
Severity: enhancement
Priority: P3
Summary: [launching] Code clean up
Resolution: FIXED"
148995,"Product: JDT
Component: Debug
Severity: critical
Priority: P2
Summary: Deadlock while stepping
Resolution: FIXED"
91786,"Product: Platform
Component: Debug
Severity: normal
Priority: P2
Summary: top frame annotated as ""secondary""
Resolution: FIXED"
80364,"Product: JDT
Component: UI
Severity: normal
Priority: P3
Summary: [Quick Assist] ""Assign parameter to field"" does not work for existing field
Resolution: FIXED"
120539,"Product: JDT
Component: UI
Severity: normal
Priority: P3
Summary: [build path] Build path context menu should contain 'Add source folder'
Resolution: FIXED"
384075,"Product: JDT
Component: Core
Severity: major
Priority: P3
Summary: The compiler reports a spurious error ""The import X collides with another import statement"" when I import and import static the same name.
Resolution: INVALID"
79507,"Product: JDT
Component: UI
Severity: normal
Priority: P3
Summary: [quick assist] ""Inverse if statement"" quick assist doesn't work
Resolution: FIXED"
17490,"Product: Platform
Component: Debug
Severity: normal
Priority: P2
Summary: F1 help for launch config tabs
Resolution: FIXED"
24129,"Product: Platform
Component: Ant
Severity: enhancement
Priority: P2
Summary: Ability to (optionally) run ANT in a separate JVM
Resolution: FIXED"
68023,"Product: PDE
Component: UI
Severity: normal
Priority: P3
Summary: Why does pde always append "".jar"" on the runtime library name
Resolution: FIXED"
64842,"Product: PDE
Component: UI
Severity: normal
Priority: P3
Summary: manifest.mf file does not open in PDE manifest editor
Resolution: FIXED"
53954,"Product: Platform
Component: Debug
Severity: enhancement
Priority: P3
Summary: ""Change variable value"" action.
Resolution: FIXED"
96318,"Product: Platform
Component: UI
Severity: major
Priority: P2
Summary: [Progress] Accessibility problem with Jobs error dialog: can't hide without mouse
Resolution: FIXED"
19661,"Product: JDT
Component: Debug
Severity: normal
Priority: P3
Summary: StepEventImpl.EVENT_KIND is defined as int
Resolution: FIXED"
338789,"Product: JDT
Component: Core
Severity: normal
Priority: P3
Summary: [1.7][assist] No proposal inside a multi catch statement after '|'
Resolution: FIXED"
3638,"Product: JDT
Component: UI
Severity: major
Priority: P1
Summary: Package Viewer: order resource folders before resources? (1GDGLP6)
Resolution: FIXED"
33514,"Product: Platform
Component: Ant
Severity: normal
Priority: P2
Summary: Ant integration appears broken in I20030227
Resolution: FIXED"
111415,"Product: Platform
Component: UI
Severity: normal
Priority: P1
Summary: [G2X] [KeyBindings] interactions: Keys stop working after closing preference page
Resolution: FIXED"
9475,"Product: JDT
Component: Debug
Severity: critical
Priority: P1
Summary: NPE out of LaunchManagerVisitor creating a launch configuration for callback
Resolution: FIXED"
73553,"Product: Platform
Component: Ant
Severity: normal
Priority: P3
Summary: Format keybinding wrong on Mac
Resolution: FIXED"
47164,"Product: Platform
Component: Debug
Severity: enhancement
Priority: P3
Summary: Need to be able to disable go to file action for breakpoints.
Resolution: FIXED"
18360,"Product: JDT
Component: Debug
Severity: normal
Priority: P2
Summary: Snippet editor open java element actions using deprecated superclass
Resolution: FIXED"
25185,"Product: JDT
Component: Core
Severity: critical
Priority: P2
Summary: ClassFormatError compiling a method with a compilation problem
Resolution: FIXED"
47964,"Product: Platform
Component: UI
Severity: normal
Priority: P1
Summary: [KeyBindings] help with multi-stroke keyboard shortcuts pops up unusable window
Resolution: FIXED"
42037,"Product: Platform
Component: Debug
Severity: normal
Priority: P2
Summary: Breakpoint not shown as checked when enabled.
Resolution: FIXED"
109491,"Product: Platform
Component: Debug
Severity: minor
Priority: P3
Summary: Exception in log
Resolution: FIXED"
27984,"Product: Platform
Component: Ant
Severity: normal
Priority: P3
Summary: Total build time wrong
Resolution: FIXED"
259442,"Product: Platform
Component: Debug
Severity: enhancement
Priority: P3
Summary: [Debug] Add a Copy/Paste context menu in the ""Add watch expression"" window
Resolution: FIXED"
265870,"Product: JDT
Component: Debug
Severity: normal
Priority: P3
Summary: Conditional breakpoints sometimes causes debug actions to have wrong states
Resolution: FIXED"
24689,"Product: JDT
Component: Debug
Severity: enhancement
Priority: P2
Summary: Conditional breakpoints when the value of an expression changes
Resolution: FIXED"
1759,"Product: JDT
Component: Debug
Severity: critical
Priority: P1
Summary: Widget is disposed error on breakpoint properties (1GLE3NA)
Resolution: FIXED"
37505,"Product: Platform
Component: SWT
Severity: critical
Priority: P2
Summary: GC.setXORMode() not applying to drawString/Text (BBAWT)
Resolution: FIXED"
117095,"Product: Platform
Component: Debug
Severity: normal
Priority: P2
Summary: [flex-hierarchy] resuming one thread does not select next suspended thread
Resolution: FIXED"
303344,"Product: Platform
Component: IDE
Severity: normal
Priority: P3
Summary: OpenWithMenu unnecessarily downcasts to WorkbenchPage
Resolution: FIXED"
174663,"Product: Platform
Component: User Assistance
Severity: normal
Priority: P3
Summary: [CheatSheet] Update SDK cheat sheets to add translation hints
Resolution: FIXED"
141504,"Product: JDT
Component: Core
Severity: normal
Priority: P3
Summary: [quick fix] Change access to static using declaring class is a no-op
Resolution: DUPLICATE"
154193,"Product: JDT
Component: UI
Severity: major
Priority: P3
Summary: [build path] Can't edit filters on project without separate src folder
Resolution: FIXED"
12716,"Product: Platform
Component: Search
Severity: normal
Priority: P2
Summary: Search results should open on single-click
Resolution: FIXED"
93116,"Product: Platform
Component: UI
Severity: normal
Priority: P2
Summary: Performance optimizatioin in ScopedPreferenceStore
Resolution: FIXED"
182046,"Product: Platform
Component: UI
Severity: normal
Priority: P1
Summary: [Trim] configurer.setSaveAndRestore(true) doesn't work in 3.3M6
Resolution: FIXED"
374789,"Product: PDE
Component: UI
Severity: blocker
Priority: P3
Summary: Buttons in extension editor are broken
Resolution: FIXED"
90508,"Product: Platform
Component: UI
Severity: normal
Priority: P2
Summary: [RCP] [Progress] NullPointerException in ProgressManagerUtil.java
Resolution: FIXED"
11330,"Product: JDT
Component: Debug
Severity: normal
Priority: P1
Summary: JavaEnvironmentTab depends on JavaMainTab
Resolution: FIXED"
268833,"Product: Platform
Component: Text
Severity: major
Priority: P3
Summary: [rulers] NullPointerException in org.eclipse.jface.text.source.LineNumberRulerColumn.getWidth
Resolution: FIXED"
150121,"Product: JDT
Component: Text
Severity: normal
Priority: P2
Summary: [implementation] AIOOBE in org.eclipse.jdt.internal.ui.text.BufferedDocumentScanner.read
Resolution: FIXED"
248661,"Product: JDT
Component: Core
Severity: major
Priority: P2
Summary: Axis2:  Missing required libraries in Axis 2 WS Client Projects
Resolution: FIXED"
62355,"Product: Platform
Component: UI
Severity: normal
Priority: P2
Summary: PerspectiveBarContributionItem leaks a GC
Resolution: FIXED"
90258,"Product: Platform
Component: SWT
Severity: normal
Priority: P3
Summary: Table item not updated when item count == 1
Resolution: FIXED"
20309,"Product: JDT
Component: Core
Severity: normal
Priority: P2
Summary: cannot code resolve on binary method with member type arguments
Resolution: FIXED"
39814,"Product: Platform
Component: Ant
Severity: normal
Priority: P2
Summary: core.resources has invalid external tool builder??
Resolution: FIXED"
85158,"Product: Platform
Component: Ant
Severity: normal
Priority: P3
Summary: Update builders to execute clean target on Clean
Resolution: FIXED"
81251,"Product: JDT
Component: Text
Severity: major
Priority: P2
Summary: [implementation] One CUE leaked by shell listener in ContentAssist2
Resolution: FIXED"
8870,"Product: JDT
Component: Debug
Severity: normal
Priority: P3
Summary: Pluggable JDI client
Resolution: FIXED"
433272,"Product: PDE
Component: Build
Severity: normal
Priority: P3
Summary: ScriptGenerationTests.testBug291527 fails
Resolution: FIXED"
267874,"Product: Platform
Component: Text
Severity: major
Priority: P2
Summary: [block selection] typing over multi-line selection does not work on the Mac
Resolution: FIXED"
370787,"Product: JDT
Component: Core
Severity: normal
Priority: P3
Summary: [compiler][null] Incorrect dead code and null reference warning.
Resolution: INVALID"
121730,"Product: Platform
Component: UI
Severity: normal
Priority: P3
Summary: [Viewers] Test failure in MultipleEqualElementsTreeViewerTest.testExpansion
Resolution: FIXED"
17795,"Product: JDT
Component: Debug
Severity: normal
Priority: P2
Summary: ClassCastException when inspecting expression
Resolution: FIXED"
18385,"Product: Platform
Component: Debug
Severity: critical
Priority: P1
Summary: NPE during launching after removing the launch info
Resolution: FIXED"
343865,"Product: JDT
Component: Core
Severity: normal
Priority: P3
Summary: [assist] CompletionContext token start and end incorrectly returning 0
Resolution: FIXED"
371510,"Product: Platform
Component: UI
Severity: normal
Priority: P3
Summary: [Compatibility] IWorkbenchSiteProgressService.warnOfContentChange not implemented in 4.x
Resolution: FIXED"
67325,"Product: Platform
Component: UI
Severity: normal
Priority: P2
Summary: [Progress] Jobs that should be marked ""system"".
Resolution: FIXED"
12740,"Product: JDT
Component: Debug
Severity: normal
Priority: P1
Summary: Wierd behavior when debugging standalone SWT example
Resolution: FIXED"
101118,"Product: JDT
Component: Debug
Severity: blocker
Priority: P3
Summary: eclipse-SDK-3.1RC3-win32 - Exception processing async thread queue
Resolution: FIXED"
70428,"Product: Platform
Component: Text
Severity: normal
Priority: P3
Summary: schema files -- missing &lt;pre&gt; and &lt;/pre&gt; tags in Examples section
Resolution: FIXED"
190748,"Product: JDT
Component: Core
Severity: blocker
Priority: P2
Summary: [1.5][compiler] AbstractMethodError on derived implementation of derived Interface declaration
Resolution: FIXED"
19887,"Product: JDT
Component: UI
Severity: enhancement
Priority: P3
Summary: Would like compiler options for projects [general issue]
Resolution: FIXED"
27901,"Product: JDT
Component: UI
Severity: enhancement
Priority: P3
Summary: Remove 'Project/' prefix from default build output location [build path]
Resolution: WONTFIX"
6577,"Product: Platform
Component: Debug
Severity: critical
Priority: P1
Summary: NPE in DebugContentProvider
Resolution: FIXED"
352232,"Product: PDE
Component: UI
Severity: normal
Priority: P3
Summary: Target Definition Editor > Add > Features dialog box does not sort list of features found
Resolution: FIXED"
31934,"Product: Platform
Component: Ant
Severity: normal
Priority: P2
Summary: Targets tab gets very wide if lots of targets selected
Resolution: FIXED"
6480,"Product: Platform
Component: Debug
Severity: normal
Priority: P2
Summary: Launch configurations - store with workspace
Resolution: FIXED"
55000,"Product: JDT
Component: Debug
Severity: normal
Priority: P3
Summary: Invalid null check in JDIModelPresentation#getExpressionText()
Resolution: FIXED"
34345,"Product: JDT
Component: Debug
Severity: normal
Priority: P3
Summary: Disabled watch expression label includes ""obsolete""
Resolution: FIXED"
3502,"Product: JDT
Component: UI
Severity: critical
Priority: P2
Summary: DCR: open package to hierarchy (1G8Q7UL)
Resolution: FIXED"
19043,"Product: JDT
Component: UI
Severity: minor
Priority: P3
Summary: Config dialog in Generate J Doc Wizard look bad
Resolution: FIXED"
120619,"Product: JDT
Component: Debug
Severity: normal
Priority: P3
Summary: Add/Edit JRE dialog: remove should remove src attachment, not jar
Resolution: FIXED"
32122,"Product: Platform
Component: SWT
Severity: normal
Priority: P1
Summary: Cannot insert lines into new file code template (regression failure)
Resolution: FIXED"
17536,"Product: Platform
Component: Compare
Severity: critical
Priority: P1
Summary: NPE in compare
Resolution: FIXED"
121089,"Product: Platform
Component: SWT
Severity: blocker
Priority: P3
Summary: LineBackgroundListener no longer works
Resolution: FIXED"
17241,"Product: JDT
Component: UI
Severity: minor
Priority: P2
Summary: &Refactor menu mnemonic clashes with &Run menu
Resolution: FIXED"
10838,"Product: JDT
Component: Debug
Severity: normal
Priority: P2
Summary: Java launch config: don't search entire project for a main class
Resolution: FIXED"
2773,"Product: JDT
Component: UI
Severity: normal
Priority: P3
Summary: Java structure compare should give better indication when no changes (1GJ6ENE)
Resolution: FIXED"
31564,"Product: Platform
Component: UI
Severity: normal
Priority: P2
Summary: [editor mgmt] Remove EditorList Preferences and View
Resolution: FIXED"
95745,"Product: Platform
Component: Debug
Severity: normal
Priority: P3
Summary: console/editor:  allow editor selection/load of source files for none stack traces
Resolution: FIXED"
157460,"Product: Platform
Component: Text
Severity: enhancement
Priority: P2
Summary: [api] Make JFaceTextUtil API
Resolution: FIXED"
7591,"Product: JDT
Component: UI
Severity: normal
Priority: P2
Summary: Flicker when toggeling show inherited filter
Resolution: FIXED"
220720,"Product: Platform
Component: UI
Severity: trivial
Priority: P3
Summary: [RCP] FAQ about ui.ide and RCP is outdated
Resolution: FIXED"
255447,"Product: Platform
Component: UI
Severity: normal
Priority: P3
Summary: [CellEditors] DecoratingStyledCellLabelProviderTest appears to leak TextLayout
Resolution: FIXED"
2265,"Product: Platform
Component: UI
Severity: normal
Priority: P3
Summary: New project wizard bases icon on the closed icon (1GEG3RS)
Resolution: FIXED"
222228,"Product: Platform
Component: Debug
Severity: normal
Priority: P3
Summary: Should delegate to platform adapater manager for adapters
Resolution: FIXED"
220694,"Product: Platform
Component: UI
Severity: normal
Priority: P3
Summary: [Viewers] Javadoc warnings in I20080227-1100
Resolution: FIXED"
300780,"Product: JDT
Component: Text
Severity: normal
Priority: P3
Summary: [spell checking] NPE in SpellCheckEngine.resetUserDictionary on shutdown
Resolution: FIXED"
291950,"Product: JDT
Component: Text
Severity: minor
Priority: P3
Summary: [BiDi] Java editor should not switch to RTL on Ctrl+Right_Shift
Resolution: FIXED"
13352,"Product: JDT
Component: Debug
Severity: normal
Priority: P2
Summary: Condition ignored/no errors reported
Resolution: FIXED"
166811,"Product: JDT
Component: UI
Severity: major
Priority: P3
Summary: [build path] Add access rule to xml.jar from VM results in build that blocks UI
Resolution: FIXED"
75852,"Product: Platform
Component: Debug
Severity: enhancement
Priority: P2
Summary: [variables] Support for custom details view widgets.
Resolution: FIXED"
144207,"Product: Platform
Component: UI
Severity: blocker
Priority: P2
Summary: next / prev not working anymore in search view
Resolution: FIXED"
12665,"Product: JDT
Component: Debug
Severity: normal
Priority: P2
Summary: ClassNotLoaded JDI exception during conditional breakpoint
Resolution: FIXED"
8224,"Product: JDT
Component: UI
Severity: normal
Priority: P1
Summary: Organize imports adds explicit import to wildcard import
Resolution: FIXED"
212901,"Product: Platform
Component: UI
Severity: normal
Priority: P3
Summary: [QuickAccess] spurious empty roll-over tooltips
Resolution: FIXED"
291933,"Product: Platform
Component: User Assistance
Severity: normal
Priority: P3
Summary: Context Servlet does not honor browser Locale when running in Infocenter Mode
Resolution: FIXED"
93577,"Product: Platform
Component: UI
Severity: normal
Priority: P2
Summary: [Encoding] cannot change encoding setting from default to non-default
Resolution: FIXED"
276054,"Product: Platform
Component: Text
Severity: normal
Priority: P3
Summary: [block selection][projection] copy does not copy all folded text
Resolution: FIXED"
202057,"Product: Platform
Component: UI
Severity: normal
Priority: P3
Summary: [RCP] [Workbench] NullPointerException if workbench.close() is called in preStartup of the WorkbenchAdvisor
Resolution: FIXED"
4130,"Product: JDT
Component: Debug
Severity: normal
Priority: P1
Summary: Eclipse Debugger: Setting Breakpoints via keyboard not possilbe (1GITILH)
Resolution: FIXED"
493610,"Product: Platform
Component: User Assistance
Severity: normal
Priority: P3
Summary: quicklinks extension point does not appear in the Help
Resolution: FIXED"
28177,"Product: JDT
Component: Debug
Severity: normal
Priority: P2
Summary: Stack frames not updating when watch expression present
Resolution: FIXED"
127450,"Product: Platform
Component: UI
Severity: normal
Priority: P3
Summary: [Perspectives] addShowInPart is not persisted in perspective
Resolution: WONTFIX"
4257,"Product: JDT
Component: UI
Severity: normal
Priority: P3
Summary: Packages View overwrites files without warning (1GKM8WL)
Resolution: FIXED"
352461,"Product: JDT
Component: UI
Severity: minor
Priority: P2
Summary: [1.7][preferences][formatter] option to wrap before/after '|' in multi-catch should be disabled if ""Do not Wrap"" is selected
Resolution: FIXED"
293583,"Product: PDE
Component: UI
Severity: normal
Priority: P3
Summary: non-externalized string warning in P2Utils
Resolution: FIXED"
31394,"Product: JDT
Component: Debug
Severity: enhancement
Priority: P3
Summary: New console UI does not provide a ""Clear History"" option
Resolution: FIXED"
65872,"Product: JDT
Component: UI
Severity: normal
Priority: P2
Summary: AllTests-Launch does not work [JUnit]
Resolution: WORKSFORME"
109562,"Product: JDT
Component: UI
Severity: normal
Priority: P3
Summary: [code manipulation] ""Sort Members"" reorders the enum constants in enums.
Resolution: FIXED"
278855,"Product: Platform
Component: Debug
Severity: critical
Priority: P2
Summary: unable to show alternate detail panes
Resolution: FIXED"
259592,"Product: Platform
Component: Text
Severity: normal
Priority: P3
Summary: [find/replace][content assist] Regular expression help degrades usability of Find/Replace dialog
Resolution: FIXED"
7914,"Product: JDT
Component: UI
Severity: normal
Priority: P2
Summary: Cannot copy a Java project in the packages view
Resolution: FIXED"
77673,"Product: JDT
Component: Debug
Severity: normal
Priority: P3
Summary: Class load breakpoint problem
Resolution: FIXED"
427076,"Product: Platform
Component: Releng
Severity: normal
Priority: P3
Summary: Touch documentation plug-ins to regenerate examples, Javadoc and extension point doc
Resolution: FIXED"
174210,"Product: Platform
Component: Debug
Severity: normal
Priority: P3
Summary: batched updates don't run if last update canceled
Resolution: FIXED"
416995,"Product: Platform
Component: UI
Severity: normal
Priority: P3
Summary: [Code review] The ""perspective"" string should be turned into a constant on E4Application
Resolution: FIXED"
89490,"Product: JDT
Component: UI
Severity: normal
Priority: P3
Summary: [preferences] Per project configuration: wrong label
Resolution: FIXED"
460417,"Product: Platform
Component: Debug
Severity: normal
Priority: P3
Summary: Fix compiler problems from generified IAdaptable#getAdapter(..)
Resolution: FIXED"
51960,"Product: Platform
Component: SWT
Severity: normal
Priority: P3
Summary: few problem about Dialog Modal and busy cursor
Resolution: WONTFIX"
117965,"Product: Platform
Component: UI
Severity: normal
Priority: P3
Summary: [DataBinding] Change tests plugin to pre-req examples
Resolution: FIXED"
14738,"Product: Platform
Component: Search
Severity: minor
Priority: P2
Summary: Search Scope selection enables the search button
Resolution: FIXED"
137212,"Product: Platform
Component: Debug
Severity: normal
Priority: P3
Summary: Launch Dialogs won't save data
Resolution: FIXED"
139565,"Product: JDT
Component: Text
Severity: normal
Priority: P3
Summary: [syntax highlighting] Two errors during Eclipse startup with opened classfile editors
Resolution: FIXED"
19540,"Product: Platform
Component: UI
Severity: critical
Priority: P1
Summary: XMLMemento.createReadRoot can return null
Resolution: FIXED"
138864,"Product: JDT
Component: Debug
Severity: normal
Priority: P3
Summary: [variables] IllegalArgumentException while updating variables view
Resolution: FIXED"
351426,"Product: JDT
Component: Core
Severity: normal
Priority: P1
Summary: [1.7][code assist] CompletionContext.getExpectedTypesKeys() returns wrong type
Resolution: FIXED"
144132,"Product: Platform
Component: User Assistance
Severity: normal
Priority: P3
Summary: book.css recently changed
Resolution: FIXED"
180460,"Product: JDT
Component: Debug
Severity: normal
Priority: P3
Summary: NPE in BreakpointRenameProjectParticipant when renaming project
Resolution: FIXED"
62250,"Product: JDT
Component: UI
Severity: normal
Priority: P3
Summary: User Library preferences not taken into account [build path]
Resolution: FIXED"
256839,"Product: Platform
Component: UI
Severity: major
Priority: P3
Summary: [Workbench] Workbench.shutdown() doesn't complete due to exception
Resolution: FIXED"
203870,"Product: Platform
Component: Debug
Severity: major
Priority: P3
Summary: Launch tooltip not in synch with selection
Resolution: FIXED"
34874,"Product: JDT
Component: Debug
Severity: normal
Priority: P3
Summary: Context menu on IJavaVariable, IJavaInspectExpression and IJavaWatchExpression
Resolution: FIXED"
365914,"Product: PDE
Component: UI
Severity: normal
Priority: P3
Summary: PDE wizard doesn't properly set the API Tools nature and builder when creating a new plug-in project
Resolution: FIXED"
78449,"Product: JDT
Component: Debug
Severity: normal
Priority: P3
Summary: Closed project error message problems
Resolution: FIXED"
81838,"Product: Platform
Component: UI
Severity: normal
Priority: P3
Summary: [Import/Export] Descriptions for import and export wizards should be in complete sentences
Resolution: FIXED"
6447,"Product: JDT
Component: Debug
Severity: critical
Priority: P1
Summary: Inner class breakpoints not hit
Resolution: FIXED"
52329,"Product: Platform
Component: Ant
Severity: normal
Priority: P3
Summary: Move to Ant 1.6.1
Resolution: FIXED"
90651,"Product: Platform
Component: UI
Severity: normal
Priority: P2
Summary: [Import/Export][Preferences] Unused messages in WorkbenchMessages
Resolution: FIXED"
180971,"Product: Platform
Component: Debug
Severity: normal
Priority: P3
Summary: [breakpoints] export breakpoints dialog scrolled to right
Resolution: FIXED"
100875,"Product: Platform
Component: UI
Severity: normal
Priority: P2
Summary: [Decorators] Decorators with content-type enablements generate CoreExceptions when resources are deleted
Resolution: FIXED"
67944,"Product: JDT
Component: UI
Severity: critical
Priority: P2
Summary: Regression: package explorer doesn't show folders with non package names anymore
Resolution: FIXED"
35076,"Product: Platform
Component: UI
Severity: normal
Priority: P3
Summary: [Key Bindings] Help menu items need command ids
Resolution: FIXED"
67463,"Product: Platform
Component: Debug
Severity: normal
Priority: P3
Summary: Launch Shortcuts schema is incorrect
Resolution: FIXED"
143008,"Product: Platform
Component: Ant
Severity: normal
Priority: P3
Summary: Changing Ant Home and Reloading build file results in ClasscastException
Resolution: FIXED"
30086,"Product: Platform
Component: Ant
Severity: normal
Priority: P2
Summary: Ant view not updated when project deleted
Resolution: FIXED"
479758,"Product: PDE
Component: UI
Severity: blocker
Priority: P3
Summary: PDE fails to read resource property files
Resolution: FIXED"
2848,"Product: Platform
Component: Compare
Severity: normal
Priority: P3
Summary: DCR: Compare with each other editor should indicate changes (1GJY9XD)
Resolution: FIXED"
351464,"Product: JDT
Component: UI
Severity: normal
Priority: P2
Summary: [1.7][quick fix] Don't propose ""Add multi-catch clause to surrounding try"" if only one exception
Resolution: FIXED"
79304,"Product: Platform
Component: Debug
Severity: normal
Priority: P2
Summary: Incorrect stack frame selected
Resolution: FIXED"
307395,"Product: Platform
Component: Text
Severity: major
Priority: P2
Summary: [block selection] Block selection eats lines of text where cursor cuts through tab character
Resolution: FIXED"
341808,"Product: Platform
Component: Text
Severity: enhancement
Priority: P2
Summary: [api][rulers][preferences] Add preference that allows to disable Overview ruler color wash out
Resolution: FIXED"
402429,"Product: Platform
Component: UI
Severity: normal
Priority: P3
Summary: hiddenToolBarItem perspective extension does not react to perspective changes
Resolution: FIXED"
163317,"Product: Platform
Component: UI
Severity: normal
Priority: P3
Summary: [Viewers] Take over SWT programming pattern to JFace Viewers
Resolution: FIXED"
116304,"Product: JDT
Component: Text
Severity: major
Priority: P1
Summary: [content assist] AFE in LazyJavaCompletionProposal after content assis in breakpoint condition
Resolution: FIXED"
16811,"Product: JDT
Component: UI
Severity: major
Priority: P1
Summary: J Working Sets not persisted
Resolution: FIXED"
33893,"Product: JDT
Component: Debug
Severity: normal
Priority: P2
Summary: Preference import can import non-existant JREs
Resolution: FIXED"
91597,"Product: Platform
Component: Debug
Severity: normal
Priority: P2
Summary: OutputStreamMonitor #read method is inefficient
Resolution: FIXED"
73018,"Product: JDT
Component: Debug
Severity: normal
Priority: P2
Summary: NPE in ValidBreakpointLocationLocator
Resolution: FIXED"
310427,"Product: JDT
Component: Core
Severity: normal
Priority: P3
Summary: [content assist] FUP of 236306: Variable proposed before definition.
Resolution: FIXED"
155828,"Product: JDT
Component: UI
Severity: normal
Priority: P2
Summary: [JUnit] Update test suite wizard for JUnit 4: @RunWith(Suite.class)...
Resolution: FIXED"
40048,"Product: Platform
Component: Ant
Severity: major
Priority: P2
Summary: Ant editor has no syntax highlighting
Resolution: FIXED"
295905,"Product: JDT
Component: Text
Severity: normal
Priority: P3
Summary: Open in External Browser does not work any more for URL in Javadoc view
Resolution: FIXED"
1654,"Product: JDT
Component: Debug
Severity: enhancement
Priority: P3
Summary: USABILITY - Can't look at client server output in one perspective (1GFX2ZU)
Resolution: FIXED"
92902,"Product: Platform
Component: Debug
Severity: major
Priority: P2
Summary: Can't launch with errors
Resolution: FIXED"
98683,"Product: Platform
Component: UI
Severity: major
Priority: P3
Summary: [Workbench] Startup progress always on top
Resolution: FIXED"
19856,"Product: Platform
Component: Debug
Severity: normal
Priority: P3
Summary: Create a new launch configuration should always be an option in launch configuration wizard
Resolution: FIXED"
102285,"Product: Platform
Component: UI
Severity: major
Priority: P2
Summary: [Import/Export] Project Import wizard unusably slow
Resolution: FIXED"
387247,"Product: Platform
Component: UI
Severity: normal
Priority: P3
Summary: NPE in MakeHandlersGo#isEnabled()
Resolution: FIXED"
420888,"Product: Platform
Component: Releng
Severity: normal
Priority: P2
Summary: Add categories for JDT, PDE, and CVS
Resolution: FIXED"
194587,"Product: Platform
Component: UI
Severity: normal
Priority: P3
Summary: [DataBinding] Policy.getLog().log() could be a bit more informative
Resolution: FIXED"
23698,"Product: JDT
Component: UI
Severity: enhancement
Priority: P2
Summary: Extract Interface: Interface name clash checking done on Next
Resolution: FIXED"
311162,"Product: JDT
Component: Text
Severity: normal
Priority: P3
Summary: Don't set caret to 'null'
Resolution: FIXED"
468426,"Product: PDE
Component: UI
Severity: major
Priority: P2
Summary: [Templates] plugin.xml contains wrong name - should match name in generated product file
Resolution: FIXED"
30220,"Product: Platform
Component: Ant
Severity: normal
Priority: P2
Summary: external builder not readded to projects
Resolution: FIXED"
138220,"Product: Platform
Component: Debug
Severity: major
Priority: P2
Summary: Using 0424-0010, I got org.eclipse.core.commands.common.NotDefinedException
Resolution: FIXED"
76208,"Product: Platform
Component: Debug
Severity: normal
Priority: P3
Summary: Incorrect code for converting String-> boolean
Resolution: FIXED"
416267,"Product: JDT
Component: Core
Severity: major
Priority: P1
Summary: NPE in QualifiedAllocationExpression.resolveType
Resolution: FIXED"
195416,"Product: Platform
Component: Text
Severity: major
Priority: P3
Summary: [spell checking] spelling removes all other annotations
Resolution: FIXED"
8634,"Product: JDT
Component: Debug
Severity: normal
Priority: P1
Summary: Exception breakpoints not persisted
Resolution: FIXED"
133648,"Product: Platform
Component: User Assistance
Severity: normal
Priority: P3
Summary: [Help] Help search for ""a"" gives internal error
Resolution: FIXED"
65137,"Product: JDT
Component: UI
Severity: normal
Priority: P2
Summary: AssertationFailedException in MoveInnerToTopRefactoring
Resolution: FIXED"
4046,"Product: JDT
Component: UI
Severity: normal
Priority: P3
Summary: NLS: Show dialog when there are no strings to externalize (1GGYN3N)
Resolution: FIXED"
16196,"Product: JDT
Component: Debug
Severity: normal
Priority: P3
Summary: SnippetEditorActionContributor#setActiveEditor can be called with null
Resolution: FIXED"
109969,"Product: JDT
Component: UI
Severity: normal
Priority: P3
Summary: error while computing quick fixes: java.lang.ClassCastException: org.eclipse.jdt.core.dom.FieldAccess
Resolution: FIXED"
232790,"Product: JDT
Component: Text
Severity: normal
Priority: P3
Summary: [misc] @inheritDoc tag does not inherit doc anymore
Resolution: FIXED"
140299,"Product: JDT
Component: UI
Severity: major
Priority: P2
Summary: failing Serial Version Clean Up test
Resolution: FIXED"
47378,"Product: JDT
Component: UI
Severity: critical
Priority: P3
Summary: Generate Getter/Setters is broken in M5 [code manipulation]
Resolution: FIXED"
219892,"Product: Platform
Component: UI
Severity: normal
Priority: P3
Summary: [About] Tooltip for branded features in about dialog should include feature name
Resolution: FIXED"
39033,"Product: JDT
Component: Debug
Severity: normal
Priority: P2
Summary: secondary scrapbook evaluations do not work
Resolution: FIXED"
41958,"Product: JDT
Component: Text
Severity: major
Priority: P2
Summary: No reaction to F2 after Java Tooltip Hover showed up
Resolution: FIXED"
274041,"Product: JDT
Component: UI
Severity: major
Priority: P3
Summary: [JUnit] unable to add JUnit library to build path if eclipse install has space in path
Resolution: FIXED"
112613,"Product: JDT
Component: Debug
Severity: minor
Priority: P3
Summary: Debug's Breakpoint actions act on remote stuff
Resolution: FIXED"
65354,"Product: Platform
Component: UI
Severity: major
Priority: P2
Summary: [Perspectives] Perspective bar incorrectly updated when opening new perspective
Resolution: FIXED"
117090,"Product: Platform
Component: Debug
Severity: normal
Priority: P3
Summary: [flex-hierarchy] terminated threads appear in debug view
Resolution: FIXED"
53715,"Product: Platform
Component: Ant
Severity: enhancement
Priority: P3
Summary: Add environment tab to Ant launch config types
Resolution: FIXED"
193482,"Product: JDT
Component: UI
Severity: trivial
Priority: P3
Summary: [working sets] Working Set Assignments dialog does not use dialog font for checkbox
Resolution: FIXED"
51403,"Product: Platform
Component: Ant
Severity: enhancement
Priority: P3
Summary: Ant in Eclipse breaks after upgrading to Java 1.4.2
Resolution: FIXED"
93674,"Product: Platform
Component: UI
Severity: normal
Priority: P3
Summary: [Dialogs] ProgressMonitorDialog not cancellable when fork is set to false
Resolution: FIXED"
138853,"Product: Platform
Component: CVS
Severity: normal
Priority: P3
Summary: [Sync View] Compare editor opened by Synchronize view only shows right author
Resolution: FIXED"
66171,"Product: Platform
Component: Ant
Severity: normal
Priority: P3
Summary: Polish patch: support view activation via a keyboard shortcut
Resolution: FIXED"
95950,"Product: Platform
Component: Text
Severity: normal
Priority: P2
Summary: [KeyBindings] interactions: ALT/COMMAND+ARROW keybindings should be swapped on Mac
Resolution: FIXED"
331631,"Product: JDT
Component: Core
Severity: normal
Priority: P3
Summary: [perf] FUP of bug 323514: Add perf test
Resolution: DUPLICATE"
177611,"Product: JDT
Component: Debug
Severity: normal
Priority: P3
Summary: Remove illegal references to JavaEditor
Resolution: FIXED"
425257,"Product: Platform
Component: Doc
Severity: enhancement
Priority: P3
Summary: Show porting/migration guide on the 'Migrate' page
Resolution: FIXED"
332150,"Product: PDE
Component: API Tools
Severity: normal
Priority: P3
Summary: Modifying directory on api use report configuration does not make tab dirty
Resolution: FIXED"
45236,"Product: Platform
Component: UI
Severity: normal
Priority: P2
Summary: [KeyBindings] Keybindings lost when 3.0 workspace opened in 2.1
Resolution: WONTFIX"
8176,"Product: Platform
Component: Debug
Severity: normal
Priority: P1
Summary: Mnemonic Collision in Console View
Resolution: FIXED"
135879,"Product: Platform
Component: CVS
Severity: normal
Priority: P2
Summary: [Model Sync] Wrong message on sync
Resolution: FIXED"
182111,"Product: JDT
Component: Debug
Severity: blocker
Priority: P3
Summary: focus lost in the debug view while stopped at BP
Resolution: FIXED"
365985,"Product: Platform
Component: Debug
Severity: minor
Priority: P3
Summary: Compile warning in official build
Resolution: FIXED"
170884,"Product: JDT
Component: UI
Severity: critical
Priority: P1
Summary: [open type] problem with incomplete results
Resolution: FIXED"
8683,"Product: JDT
Component: Debug
Severity: normal
Priority: P1
Summary: NPE after suspending VM attempting to step on system thread
Resolution: FIXED"
275028,"Product: Platform
Component: Debug
Severity: normal
Priority: P3
Summary: [breadcrumb] Rename ""View Mode"" sub-menu and other breadcrumb related actions in Debug view
Resolution: FIXED"
381677,"Product: Platform
Component: Update  (deprecated - use RT>Equinox>p2)
Severity: normal
Priority: P3
Summary: 5 compile warnings in official build
Resolution: FIXED"
226377,"Product: Platform
Component: SWT
Severity: normal
Priority: P3
Summary: NSPasteboard.setText causes crash
Resolution: NOT_ECLIPSE"
34093,"Product: Platform
Component: SWT
Severity: major
Priority: P2
Summary: Menu missing items
Resolution: FIXED"
24986,"Product: Platform
Component: UI
Severity: normal
Priority: P3
Summary: [Welcome] Traversal revisits selection
Resolution: DUPLICATE"
135585,"Product: Platform
Component: Team
Severity: normal
Priority: P2
Summary: [Model Sync] New folders cause multiple items
Resolution: FIXED"
55090,"Product: Platform
Component: UI
Severity: enhancement
Priority: P2
Summary: [Progress] How to show busy in multiple instances of the same view
Resolution: FIXED"
110021,"Product: JDT
Component: Debug
Severity: major
Priority: P3
Summary: Java 5 inconsistency
Resolution: FIXED"
116920,"Product: Platform
Component: UI
Severity: normal
Priority: P3
Summary: [DataBinding] need to handle model change events which don't happen in the UI thread
Resolution: FIXED"
8129,"Product: JDT
Component: UI
Severity: normal
Priority: P1
Summary: NPE in Extract Local Variable
Resolution: FIXED"
44751,"Product: JDT
Component: UI
Severity: normal
Priority: P2
Summary: Jar Packager: Remove dependency on Xerces
Resolution: FIXED"
12746,"Product: JDT
Component: Debug
Severity: enhancement
Priority: P2
Summary: refactoring support for launch configurations
Resolution: FIXED"
34107,"Product: PDE
Component: UI
Severity: normal
Priority: P2
Summary: Target Environment Preference Page: StringIndexOutOfBoundsException
Resolution: FIXED"
419906,"Product: JDT
Component: UI
Severity: normal
Priority: P3
Summary: [JUnit] JUnit View fails to refresh decorations
Resolution: FIXED"
20401,"Product: JDT
Component: Debug
Severity: enhancement
Priority: P3
Summary: Need 'Execute' in addition to 'Inspect' and 'Display'
Resolution: FIXED"
12708,"Product: JDT
Component: Debug
Severity: normal
Priority: P1
Summary: NPE in Add Watchpoint
Resolution: FIXED"
111959,"Product: Platform
Component: UI
Severity: normal
Priority: P3
Summary: [Viewers] ColorAndFontCollector and getColorAndFontCollector() visibility conflict
Resolution: FIXED"
157767,"Product: JDT
Component: UI
Severity: normal
Priority: P3
Summary: [clean up] Code formatter allows to import clean up profiles
Resolution: FIXED"
14879,"Product: JDT
Component: Debug
Severity: normal
Priority: P3
Summary: Run to Line enabled for the SnippetEditor
Resolution: FIXED"
1724,"Product: JDT
Component: Debug
Severity: enhancement
Priority: P2
Summary: Feature: split debug action set in to debug & launch (1GKCQVZ)
Resolution: FIXED"
46621,"Product: JDT
Component: Text
Severity: major
Priority: P1
Summary: [misc] Opening StyledText in java editor is really slow.
Resolution: FIXED"
179455,"Product: Platform
Component: UI
Severity: minor
Priority: P3
Summary: [DataBinding] core.databinding package.html outdated
Resolution: FIXED"
255012,"Product: Platform
Component: UI
Severity: normal
Priority: P3
Summary: [Preferences] PreferenceDialog.handleSave() not called on Apply
Resolution: FIXED"
65649,"Product: JDT
Component: UI
Severity: major
Priority: P3
Summary: ""Run Javadoc wizard"" contributed to XML files
Resolution: FIXED"
196797,"Product: JDT
Component: Text
Severity: major
Priority: P3
Summary: [formatting] Formatting selection corrupts editor
Resolution: FIXED"
14994,"Product: JDT
Component: Debug
Severity: normal
Priority: P3
Summary: Unsigned right shift of char, byte, or short is broken
Resolution: FIXED"
224127,"Product: JDT
Component: Text
Severity: enhancement
Priority: P3
Summary: [breadcrumb] Show non-Java resources as children of packages
Resolution: FIXED"
167789,"Product: Platform
Component: UI
Severity: normal
Priority: P3
Summary: [DataBinding] Colors not changing in Snippet007ColorLabelProvider
Resolution: FIXED"
351441,"Product: JDT
Component: Text
Severity: normal
Priority: P2
Summary: [1.7] Exception occurrences are not marked correctly when an exception in throws declaration is selected.
Resolution: FIXED"
70664,"Product: Platform
Component: Debug
Severity: major
Priority: P3
Summary: TVT3.0:   Improper characters combination ""Run As""
Resolution: FIXED"
167718,"Product: JDT
Component: Debug
Severity: normal
Priority: P3
Summary: NPE in new detail formatter action
Resolution: FIXED"
38495,"Product: JDT
Component: UI
Severity: normal
Priority: P2
Summary: Call hierarchy: OperationCanceledException when pressing stop
Resolution: FIXED"
184441,"Product: Platform
Component: UI
Severity: normal
Priority: P3
Summary: [Viewers] Wrong selection event on change visible working sets
Resolution: FIXED"
328910,"Product: JDT
Component: Core
Severity: critical
Priority: P3
Summary: [compiler]method ""Name clash"" errors are reported
Resolution: DUPLICATE"
16378,"Product: Platform
Component: Debug
Severity: normal
Priority: P2
Summary: Missing icons in launch config creation tabs
Resolution: FIXED"
93549,"Product: Platform
Component: UI
Severity: normal
Priority: P2
Summary: [Import/Export] Disable Finish in import existing projects wizard
Resolution: FIXED"
139381,"Product: JDT
Component: UI
Severity: normal
Priority: P3
Summary: [clean up] CE when adding generated serial version ID
Resolution: FIXED"
214340,"Product: JDT
Component: UI
Severity: major
Priority: P3
Summary: [clean up] Bad enhanced for-loop for arrays which are fields
Resolution: FIXED"
19344,"Product: JDT
Component: UI
Severity: major
Priority: P3
Summary: Add Javadoc comment broken
Resolution: FIXED"
138666,"Product: Platform
Component: UI
Severity: enhancement
Priority: P3
Summary: [EditorMgmt] provide mechanism for restoring editors without materialization
Resolution: FIXED"
231056,"Product: Platform
Component: Text
Severity: major
Priority: P3
Summary: [api] Removal of AnnotationBarHoverManager.Closer.stop(boolean) breaks binary compatibility
Resolution: FIXED"
201239,"Product: Platform
Component: Debug
Severity: trivial
Priority: P3
Summary: Javadoc of ILaunchesListener should mention ILaunchesListener2
Resolution: FIXED"
174421,"Product: Platform
Component: UI
Severity: normal
Priority: P3
Summary: [DataBinding] BindList does not apply Converter
Resolution: FIXED"
33405,"Product: JDT
Component: UI
Severity: major
Priority: P2
Summary: Refactoring extract local variable fails in nested if statements
Resolution: FIXED"
293661,"Product: Platform
Component: Search
Severity: normal
Priority: P3
Summary: 'Java Search' radio buttons overlap each other
Resolution: FIXED"
414995,"Product: Platform
Component: UI
Severity: normal
Priority: P3
Summary: Minimizing Editor Stack does not minimise to tool bar
Resolution: FIXED"
64372,"Product: JDT
Component: UI
Severity: normal
Priority: P2
Summary: Projects showing up in Package Explorer twice [package explorer]
Resolution: FIXED"
65316,"Product: Platform
Component: Debug
Severity: normal
Priority: P3
Summary: Error stopping debug core (i.e. while shutting down eclipse)
Resolution: FIXED"
266263,"Product: Platform
Component: UI
Severity: normal
Priority: P3
Summary: Quick Access dialog does not honor 'Use mixed fonts and colors for labels' preference
Resolution: FIXED"
217933,"Product: Platform
Component: Debug
Severity: major
Priority: P3
Summary: No hyperlink in LCD to set launcher after setting supported mode
Resolution: FIXED"
64895,"Product: JDT
Component: Text
Severity: normal
Priority: P2
Summary: [syntax highlighting] Out of the box semantic coloring settings
Resolution: FIXED"
119123,"Product: PDE
Component: UI
Severity: normal
Priority: P3
Summary: When configuring a plugin subset for a launch configuration, not all plugin names are shown
Resolution: FIXED"
38587,"Product: Platform
Component: UI
Severity: major
Priority: P2
Summary: [Tasks] No tooltips on Problems/Tasks/Bookmarks view toolbar items
Resolution: FIXED"
398279,"Product: Platform
Component: Releng
Severity: major
Priority: P2
Summary: [CBI] com.ibm.icu.base failing build
Resolution: FIXED"
188386,"Product: Platform
Component: UI
Severity: normal
Priority: P3
Summary: [QuickAccess] CTRL-3 and Right-to-left don't play well
Resolution: FIXED"
78141,"Product: Platform
Component: Ant
Severity: major
Priority: P1
Summary: Ant build unable to scan build files using import
Resolution: FIXED"
179036,"Product: Platform
Component: UI
Severity: critical
Priority: P1
Summary: [Commands][Contributions][Context][KitchenSink] verify expression evaluation characteristics
Resolution: FIXED"
306545,"Product: Platform
Component: UI
Severity: major
Priority: P3
Summary: The changes in the Saveable Service causes the Save button to disable for our modeling resources
Resolution: FIXED"
56229,"Product: Platform
Component: UI
Severity: normal
Priority: P2
Summary: [KeyBindings] Delete key does not work in TextCellEditor
Resolution: DUPLICATE"
81274,"Product: Platform
Component: Ant
Severity: normal
Priority: P3
Summary: BadLocationException in Ant Editor
Resolution: FIXED"
442529,"Product: PDE
Component: Build
Severity: normal
Priority: P3
Summary: We should not have empty performance targets
Resolution: FIXED"
7923,"Product: JDT
Component: UI
Severity: normal
Priority: P2
Summary: Extract Local Variable should be more robust against syntax errors
Resolution: FIXED"
362602,"Product: PDE
Component: UI
Severity: normal
Priority: P3
Summary: [target] Target persistence for contributed locations is incorrect
Resolution: FIXED"
105185,"Product: Platform
Component: UI
Severity: enhancement
Priority: P3
Summary: [LinkedResources] Can the New->File->Advanced->Link to file in the file system default to the file name?
Resolution: FIXED"
28013,"Product: Platform
Component: UI
Severity: normal
Priority: P3
Summary: [Editor management] reduce flicker on closing editors
Resolution: FIXED"
51026,"Product: JDT
Component: UI
Severity: normal
Priority: P2
Summary: [Junit] sources
Resolution: FIXED"
378985,"Product: PDE
Component: UI
Severity: trivial
Priority: P3
Summary: Delete org.eclipse.pde.internal.ui.PDEPluginImages.DESC_WORKBENCH_LAUNCHER_WIZ and its icon
Resolution: FIXED"
14805,"Product: JDT
Component: Debug
Severity: normal
Priority: P2
Summary: No free return values in expression eval
Resolution: FIXED"
11326,"Product: Platform
Component: Debug
Severity: normal
Priority: P2
Summary: Restore instead of rebuild launch config index
Resolution: FIXED"
18357,"Product: Platform
Component: UI
Severity: major
Priority: P2
Summary: [ActionSets] Action set ordering is not stable
Resolution: FIXED"
390537,"Product: Platform
Component: UI
Severity: normal
Priority: P3
Summary: The contribution to main tool bar doesn't work.
Resolution: WONTFIX"
34138,"Product: JDT
Component: Debug
Severity: major
Priority: P1
Summary: Invalid thread access during JDT Debug UI plugin startup
Resolution: FIXED"
1605,"Product: JDT
Component: Debug
Severity: enhancement
Priority: P2
Summary: Feature: Watch List (1GEPJ0Z)
Resolution: FIXED"
273630,"Product: JDT
Component: Debug
Severity: normal
Priority: P3
Summary: Errors in breakpoint conditions not handled properly if breakpoint listener votes to resume
Resolution: FIXED"
394013,"Product: Platform
Component: UI
Severity: normal
Priority: P3
Summary: Unable to get dropdown menu in ToolItem to display
Resolution: FIXED"
118635,"Product: JDT
Component: Debug
Severity: normal
Priority: P3
Summary: Duplicate breakpoints created for file not on buildpath
Resolution: FIXED"
423668,"Product: Platform
Component: Releng
Severity: major
Priority: P2
Summary: Build id shown as @build@
Resolution: FIXED"
131765,"Product: Platform
Component: Debug
Severity: normal
Priority: P3
Summary: Columns disappear when resumig to breakpoint
Resolution: FIXED"
20153,"Product: JDT
Component: UI
Severity: normal
Priority: P3
Summary: Export into JAR incorrectly references old description file.
Resolution: FIXED"
41158,"Product: Platform
Component: Ant
Severity: normal
Priority: P2
Summary: NPE from ant classpath provider
Resolution: FIXED"
318569,"Product: JDT
Component: Core
Severity: minor
Priority: P3
Summary: Auto completion adds the parameters of a method even if they are already there
Resolution: WORKSFORME"
236666,"Product: Platform
Component: UI
Severity: normal
Priority: P3
Summary: [DataBinding] Need snippet for two combo example
Resolution: FIXED"
1766,"Product: JDT
Component: Debug
Severity: critical
Priority: P1
Summary: Text too low in change variable value text box (1GLE8CB)
Resolution: FIXED"
86743,"Product: Platform
Component: Debug
Severity: major
Priority: P1
Summary: Register view shows the same as Variables view in CVS HEAD
Resolution: FIXED"
144455,"Product: JDT
Component: UI
Severity: normal
Priority: P3
Summary: [search] Occurrence seach menu items not correctly disabled
Resolution: FIXED"
195848,"Product: JDT
Component: Debug
Severity: normal
Priority: P3
Summary: Add Java Exception Breakpoint dialog should use JavaUI#createTypeDialog(..)
Resolution: FIXED"
475941,"Product: Platform
Component: UI
Severity: normal
Priority: P3
Summary: View docked along with shared editors are causes NullPointerException and broken window
Resolution: FIXED"
6582,"Product: JDT
Component: Debug
Severity: blocker
Priority: P1
Summary: VMPreferencePage - CheckboxTableViewer has no columns anymore
Resolution: FIXED"
19170,"Product: Platform
Component: Debug
Severity: normal
Priority: P1
Summary: LaunchConfigurationDialog etc leakage when last launched is Runtime
Resolution: FIXED"
100551,"Product: JDT
Component: UI
Severity: minor
Priority: P3
Summary: [quick fix] Wrong quick fix label: Change type to 'List<>'
Resolution: FIXED"
88899,"Product: JDT
Component: Debug
Severity: normal
Priority: P3
Summary: Compilation error in ToggleBreakpointAdapter
Resolution: FIXED"
309163,"Product: JDT
Component: UI
Severity: normal
Priority: P2
Summary: Remove J2SE-7 EE support
Resolution: FIXED"
395084,"Product: Platform
Component: UI
Severity: normal
Priority: P3
Summary: IWorkbench.showPerspective(id, window) not working after switching to 4.2.1 target
Resolution: FIXED"
6518,"Product: JDT
Component: Debug
Severity: critical
Priority: P1
Summary: Internal error while doing evaluation
Resolution: FIXED"
52973,"Product: Platform
Component: Ant
Severity: normal
Priority: P3
Summary: Better message for specifying an Ant home that does not exist
Resolution: FIXED"
27493,"Product: Platform
Component: Debug
Severity: enhancement
Priority: P3
Summary: Re-use ""watch list"" actions
Resolution: FIXED"
84234,"Product: Platform
Component: UI
Severity: major
Priority: P2
Summary: [Dialogs] Multiple Errors Have Occurred dialog unusable
Resolution: FIXED"
13920,"Product: Platform
Component: Debug
Severity: normal
Priority: P1
Summary: NPE evaluating in local type in field declaration
Resolution: FIXED"
16350,"Product: JDT
Component: Debug
Severity: normal
Priority: P1
Summary: NativeMethodException from line location request
Resolution: FIXED"
35381,"Product: JDT
Component: UI
Severity: normal
Priority: P2
Summary: Newly added items are not inserted at correct position in package explorer
Resolution: FIXED"
208208,"Product: JDT
Component: UI
Severity: normal
Priority: P3
Summary: [package explorer] Backport bug 207146 (classes folder not updated in Package Explorer) to 3.3.2
Resolution: FIXED"
15748,"Product: Platform
Component: Debug
Severity: normal
Priority: P2
Summary: Duplicate action in launch config dialog
Resolution: FIXED"
141082,"Product: Platform
Component: Compare
Severity: critical
Priority: P1
Summary: CompareEditor.setInput() does not notify ISaveablesLifecycleListener
Resolution: FIXED"
30125,"Product: Platform
Component: Debug
Severity: enhancement
Priority: P2
Summary: Provide inforpops for launch configuration types
Resolution: FIXED"
273654,"Product: PDE
Component: UI
Severity: normal
Priority: P3
Summary: [target] Allow multiselection and delete key on target location tab
Resolution: FIXED"
84507,"Product: Platform
Component: UI
Severity: normal
Priority: P2
Summary: [Preferences] Cancel export preferences dialog exits preferences
Resolution: FIXED"
209447,"Product: PDE
Component: UI
Severity: normal
Priority: P3
Summary: [spy] active wizard page appears twice
Resolution: FIXED"
4113,"Product: JDT
Component: UI
Severity: critical
Priority: P3
Summary: Type Hierarchy does not update when class added (1GII73E)
Resolution: FIXED"
18625,"Product: Platform
Component: SWT
Severity: normal
Priority: P1
Summary: Tabbing in Java editor takes cursor
Resolution: FIXED"
236628,"Product: Platform
Component: UI
Severity: normal
Priority: P2
Summary: [Viewers] [JFace] Excessive Memory Usage by Project Explorer because of styles
Resolution: FIXED"
334756,"Product: Platform
Component: CVS
Severity: major
Priority: P3
Summary: CVS Commit dialog commits comment ""<Click here to enter a commit comment>""
Resolution: FIXED"
128526,"Product: Platform
Component: UI
Severity: normal
Priority: P3
Summary: [ViewMgmt] Show View Dialog should remember size & location
Resolution: FIXED"
79268,"Product: Platform
Component: SWT
Severity: normal
Priority: P3
Summary: Program API does not work with GNOME 2.8 (libgnomevfs-WARNING)
Resolution: FIXED"
360127,"Product: Platform
Component: Debug
Severity: normal
Priority: P3
Summary: Set new text file line delimiter to Unix to prevent conflicts
Resolution: FIXED"
27276,"Product: JDT
Component: Debug
Severity: major
Priority: P2
Summary: instance filter tests not working
Resolution: FIXED"
339866,"Product: JDT
Component: Core
Severity: normal
Priority: P3
Summary: Renaming a Java file causes ""Resource is out of sync with the file system""
Resolution: NOT_ECLIPSE"
15531,"Product: JDT
Component: Debug
Severity: normal
Priority: P1
Summary: Support ""default JRE""
Resolution: FIXED"
105574,"Product: Platform
Component: Debug
Severity: major
Priority: P3
Summary: TVT 3.1 - TCT 466 - Truncated string on Memory monitor
Resolution: FIXED"
83022,"Product: JDT
Component: Debug
Severity: normal
Priority: P2
Summary: ""show type names"" not working with detail formatter
Resolution: FIXED"
82908,"Product: Platform
Component: Debug
Severity: normal
Priority: P3
Summary: console ckpii error
Resolution: FIXED"
29587,"Product: JDT
Component: Debug
Severity: normal
Priority: P2
Summary: Concurrent modification in JDIThread.findVariable
Resolution: FIXED"
164162,"Product: JDT
Component: Text
Severity: normal
Priority: P2
Summary: [implementation] Memory leak in AbstractJavaCompletionProposal due to synthetic this$0 field of anonymous class
Resolution: FIXED"
16757,"Product: Platform
Component: Debug
Severity: normal
Priority: P2
Summary: Launch.removeDebugTarget does not work
Resolution: FIXED"
35171,"Product: Platform
Component: Text
Severity: normal
Priority: P3
Summary: F1 does not work for programmatically added actions
Resolution: FIXED"
76226,"Product: Platform
Component: Ant
Severity: normal
Priority: P3
Summary: Lost some support with changes to AntTargetsTab
Resolution: FIXED"
44495,"Product: JDT
Component: UI
Severity: normal
Priority: P3
Summary: Compiler setting: unnecessary declaration of thrown exception -- RuntimeExceptions [wording]
Resolution: FIXED"
62164,"Product: Platform
Component: UI
Severity: normal
Priority: P2
Summary: Research memory consumption across multiple Eclipse versions
Resolution: WORKSFORME"
88893,"Product: Platform
Component: Ant
Severity: major
Priority: P2
Summary: Building Ant plugin Ant support JARs fails
Resolution: FIXED"
119414,"Product: JDT
Component: UI
Severity: normal
Priority: P3
Summary: [clean up][J2SE50] Failing test case in CleanUpTest#testJava5005
Resolution: FIXED"
21500,"Product: Platform
Component: SWT
Severity: normal
Priority: P2
Summary: GTK: SWT.Activate and SWT.Deactivate events not fired when Shell with NO_TRIM used as its style bit.
Resolution: FIXED"
403098,"Product: PDE
Component: UI
Severity: normal
Priority: P3
Summary: PDE UI Test failures due to incorrect source bundle structure in CBI builds
Resolution: FIXED"
64617,"Product: Platform
Component: Compare
Severity: normal
Priority: P3
Summary: Not prompted to save dirty compare editor
Resolution: FIXED"
50795,"Product: Platform
Component: Ant
Severity: major
Priority: P3
Summary: Possible lockup from executing implicit target
Resolution: FIXED"
31731,"Product: Platform
Component: UI
Severity: enhancement
Priority: P1
Summary: [KeyBindings] Dialogs do not support key bindings
Resolution: FIXED"
272508,"Product: JDT
Component: Debug
Severity: normal
Priority: P3
Summary: Many com.sun.jdi.ObjectCollectedException recently
Resolution: FIXED"
276047,"Product: JDT
Component: UI
Severity: normal
Priority: P3
Summary: [common navigator] Unwanted contribution to non-Java resources
Resolution: FIXED"
228673,"Product: JDT
Component: Debug
Severity: normal
Priority: P3
Summary: [classpath] Use BuildPathDialogAccess for archive selection in workspace
Resolution: FIXED"
25341,"Product: JDT
Component: Debug
Severity: enhancement
Priority: P2
Summary: infopops not available from Launch Configurations
Resolution: FIXED"
61788,"Product: Platform
Component: Ant
Severity: major
Priority: P3
Summary: Cleanup IntrospectionHelpers when editor closes
Resolution: FIXED"
128027,"Product: Platform
Component: Search
Severity: normal
Priority: P3
Summary: Polish search API specs
Resolution: FIXED"
60644,"Product: Platform
Component: UI
Severity: enhancement
Priority: P2
Summary: Error notification dialog doesn';t need error dialog
Resolution: FIXED"
10640,"Product: JDT
Component: Debug
Severity: normal
Priority: P2
Summary: NPE on empty workspace with launch configurations
Resolution: FIXED"
66497,"Product: Platform
Component: UI
Severity: normal
Priority: P2
Summary: All projects deletion triggers full workspace reindexing
Resolution: FIXED"
102780,"Product: JDT
Component: Core
Severity: major
Priority: P1
Summary: [formatter] CodeFormatter does not format Javadoc
Resolution: FIXED"
113557,"Product: Platform
Component: UI
Severity: major
Priority: P2
Summary: [Markers] Class cast exception when selecting all in problems view
Resolution: FIXED"
65749,"Product: JDT
Component: UI
Severity: normal
Priority: P3
Summary: Got ""Widget is disposed"" error using 200406040800 [type hierarchy]
Resolution: FIXED"
48243,"Product: Platform
Component: UI
Severity: normal
Priority: P1
Summary: [KeyBindings] Keybinding reassignments
Resolution: FIXED"
74189,"Product: Platform
Component: Update  (deprecated - use RT>Equinox>p2)
Severity: normal
Priority: P3
Summary: Install/Update pref Page; clean workspace differs from ""Restore Defaults""
Resolution: FIXED"
386866,"Product: PDE
Component: UI
Severity: normal
Priority: P3
Summary: WSW38 TVT Possible non-externalized strings - Tracing booleans
Resolution: FIXED"
76416,"Product: JDT
Component: Text
Severity: minor
Priority: P3
Summary: Method signature using QuickFix incorrect in static methods
Resolution: FIXED"
43661,"Product: Platform
Component: Debug
Severity: normal
Priority: P3
Summary: Exceptions occured after removeing a breakpoint.
Resolution: FIXED"
6737,"Product: JDT
Component: Debug
Severity: critical
Priority: P1
Summary: JDIDebugTarget still registered with JavaHCR manager after terminate and remove
Resolution: FIXED"
191062,"Product: Platform
Component: User Assistance
Severity: normal
Priority: P2
Summary: [Help] Help - Dynamically created Contents show in English regardless of -nl option
Resolution: FIXED"
330841,"Product: JDT
Component: Core
Severity: normal
Priority: P3
Summary: Public Methods Flagged As Unused
Resolution: INVALID"
162987,"Product: JDT
Component: Debug
Severity: normal
Priority: P2
Summary: [breakpoints] Renaming a class with breakpoints causes JavaModelException
Resolution: FIXED"
265376,"Product: Platform
Component: Debug
Severity: normal
Priority: P3
Summary: [breadcrumb] Breadcrumb doesn't update layout after the view is resized.
Resolution: FIXED"
80000,"Product: JDT
Component: Text
Severity: major
Priority: P2
Summary: [projection] Nested code should not be unfold if not needed
Resolution: FIXED"
208943,"Product: PDE
Component: UI
Severity: enhancement
Priority: P3
Summary: Quickfix for BREE should be more verbose
Resolution: FIXED"
12157,"Product: Platform
Component: Debug
Severity: normal
Priority: P1
Summary: Debug event sets
Resolution: FIXED"
51748,"Product: JDT
Component: Debug
Severity: normal
Priority: P1
Summary: Error while creating scrapbook page (spellcheck?)
Resolution: FIXED"
10919,"Product: JDT
Component: Debug
Severity: normal
Priority: P2
Summary: Scrapbook can't print arrays
Resolution: FIXED"
20435,"Product: JDT
Component: Core
Severity: major
Priority: P2
Summary: NPE when searching java method
Resolution: FIXED"
3883,"Product: JDT
Component: Debug
Severity: normal
Priority: P2
Summary: error dialog in display is too scary (1GF24YQ)
Resolution: FIXED"
198919,"Product: JDT
Component: UI
Severity: normal
Priority: P3
Summary: [reorg] Test failure in MoveTest in N20070805-0010
Resolution: FIXED"
144422,"Product: Platform
Component: Text
Severity: enhancement
Priority: P3
Summary: [encoding] Save problems dialog not useful when problems with encodings are encountered
Resolution: FIXED"
100688,"Product: Platform
Component: UI
Severity: normal
Priority: P3
Summary: [JFace] Geometry.setLocation does not behave as documented
Resolution: FIXED"
38412,"Product: Platform
Component: UI
Severity: major
Priority: P3
Summary: [Actions] Navigator tree cell editors too small
Resolution: FIXED"
89926,"Product: Platform
Component: Ant
Severity: normal
Priority: P3
Summary: Checking the ""Set Input Handler"" box clears the default ""java.library.path""
Resolution: FIXED"
340640,"Product: PDE
Component: UI
Severity: major
Priority: P3
Summary: Manifest Editor unstable in 3.7
Resolution: FIXED"
152794,"Product: Platform
Component: Debug
Severity: normal
Priority: P3
Summary: ConcurrentModificationException disposing consoles from Ant UI test suite
Resolution: FIXED"
37451,"Product: Platform
Component: Ant
Severity: normal
Priority: P3
Summary: XDOCtasks.xml does not need to be included in binary plugin
Resolution: FIXED"
7735,"Product: JDT
Component: Debug
Severity: enhancement
Priority: P3
Summary: Enhancement Request: double-click stack trace to reach source
Resolution: FIXED"
11997,"Product: JDT
Component: Debug
Severity: normal
Priority: P2
Summary: IllegalArgumentException in ManageWatchpointAction
Resolution: FIXED"
66835,"Product: JDT
Component: UI
Severity: normal
Priority: P2
Summary: Deleting a package with CUs opened and dirty results in stale package explorer [refactoring]
Resolution: FIXED"
94766,"Product: JDT
Component: Text
Severity: trivial
Priority: P3
Summary: [nls tooling] NLS: when switching to new Eclipse mode the common prefix should change
Resolution: FIXED"
24100,"Product: Platform
Component: Debug
Severity: normal
Priority: P1
Summary: LaunchConfigurationWorkingSetPage.setSelection should work without container being set
Resolution: FIXED"
1741,"Product: JDT
Component: Debug
Severity: normal
Priority: P2
Summary: Scrapbook actions missing from context menu (1GKZ2C1)
Resolution: FIXED"
115321,"Product: JDT
Component: UI
Severity: normal
Priority: P3
Summary: [clean up] Qualify with 'this' does not generate a 'this' if more then 350 warnings in a CU
Resolution: FIXED"
189672,"Product: JDT
Component: UI
Severity: normal
Priority: P3
Summary: [junit] JUnit container source attachment broken for 3.8.2
Resolution: FIXED"
29236,"Product: Platform
Component: Ant
Severity: normal
Priority: P2
Summary: AntView tests & Ant editor tests
Resolution: FIXED"
285750,"Product: Platform
Component: SWT
Severity: normal
Priority: P3
Summary: [Widgets] Combo - No selection event when selection changed with keyboard
Resolution: FIXED"
51609,"Product: JDT
Component: UI
Severity: major
Priority: P3
Summary: Not all interfaces shown in Type Hierarchy
Resolution: FIXED"
376329,"Product: Platform
Component: UI
Severity: normal
Priority: P3
Summary: Arrow keys in quick access dialog also move carat in search box
Resolution: FIXED"
251629,"Product: JDT
Component: UI
Severity: major
Priority: P3
Summary: Adding JUnit by quick fix throws IAE
Resolution: FIXED"
427391,"Product: PDE
Component: API Tools
Severity: normal
Priority: P3
Summary: Change format on save options to reduce gratuitous changes in patches
Resolution: FIXED"
60676,"Product: Platform
Component: UI
Severity: minor
Priority: P2
Summary: [Keybindings]  Ctrl+a to select all text in the Find/Replace window does not work
Resolution: FIXED"
300648,"Product: JDT
Component: Text
Severity: major
Priority: P3
Summary: [implementation] Java Editor scrolls around when I expand selection
Resolution: FIXED"
397209,"Product: Platform
Component: Releng
Severity: normal
Priority: P2
Summary: org.eclipse.sdk.examples.source version is not matching its feature.xml
Resolution: FIXED"
50230,"Product: JDT
Component: Text
Severity: major
Priority: P2
Summary: Paste omits a character
Resolution: FIXED"
49853,"Product: JDT
Component: Debug
Severity: enhancement
Priority: P3
Summary: Persist size of ""add step filter"" dialog
Resolution: FIXED"
70493,"Product: Platform
Component: Debug
Severity: normal
Priority: P3
Summary: Possible NPE in ViewTabCursorManager
Resolution: FIXED"
65351,"Product: Platform
Component: Debug
Severity: normal
Priority: P3
Summary: Breakpoint migration from 2.1 to 3.0
Resolution: FIXED"
119581,"Product: JDT
Component: Debug
Severity: normal
Priority: P3
Summary: EE preference page flags bogus errors and does not save.
Resolution: FIXED"
139859,"Product: Platform
Component: Debug
Severity: normal
Priority: P2
Summary: selection lost while traversing tree
Resolution: FIXED"
69623,"Product: JDT
Component: Text
Severity: enhancement
Priority: P2
Summary: [hovering] Show why there's no Javadoc
Resolution: FIXED"
64930,"Product: Platform
Component: UI
Severity: major
Priority: P2
Summary: [Progress] Strange build behaviour when autobuild is off and workspace locked
Resolution: FIXED"
4077,"Product: JDT
Component: UI
Severity: major
Priority: P3
Summary: JDK1.4 - Assertions - text coloring should deal with 'assert' (1GHS3A3)
Resolution: FIXED"
140564,"Product: Platform
Component: Resources
Severity: major
Priority: P2
Summary: When deleting 10.000 files eclipse freezes
Resolution: FIXED"
82573,"Product: JDT
Component: Debug
Severity: normal
Priority: P2
Summary: formatting stack traces from Ant/java output
Resolution: FIXED"
198437,"Product: Platform
Component: Debug
Severity: normal
Priority: P3
Summary: EMPTY_STRING constant not used
Resolution: FIXED"
3947,"Product: JDT
Component: UI
Severity: major
Priority: P3
Summary: cannot drag and drop source folders (1GF7OQL)
Resolution: FIXED"
197951,"Product: JDT
Component: UI
Severity: normal
Priority: P3
Summary: [pull up] selecting members triggers a long operation
Resolution: FIXED"
70002,"Product: Platform
Component: Text
Severity: critical
Priority: P2
Summary: [implementation] NPE while opening the first java editor
Resolution: FIXED"
89566,"Product: JDT
Component: Debug
Severity: critical
Priority: P2
Summary: Searching for installed JREs broken
Resolution: FIXED"
1569,"Product: JDT
Component: Debug
Severity: enhancement
Priority: P3
Summary: Would like to inspect from the context of an inspect result (1GDKNZ7)
Resolution: FIXED"
46127,"Product: JDT
Component: Debug
Severity: normal
Priority: P3
Summary: Annoying IOException in the error log
Resolution: FIXED"
120533,"Product: JDT
Component: Debug
Severity: normal
Priority: P3
Summary: strange name for unresolved JRE
Resolution: FIXED"
307175,"Product: PDE
Component: UI
Severity: normal
Priority: P3
Summary: Filtering in Error Log view is voodoo
Resolution: FIXED"
39713,"Product: Platform
Component: Ant
Severity: normal
Priority: P2
Summary: Ant build not triggered on second save
Resolution: FIXED"
55306,"Product: Platform
Component: Ant
Severity: normal
Priority: P3
Summary: Incorrect schema for org.eclipse.ant.core.extraClasspathEntries
Resolution: FIXED"
72232,"Product: Platform
Component: UI
Severity: enhancement
Priority: P1
Summary: [Keys] Indicate sort order on Keys > View page
Resolution: FIXED"
66712,"Product: Platform
Component: UI
Severity: major
Priority: P2
Summary: [Workbench] IWorkbenchWindow.getShell() should not return null
Resolution: FIXED"
42984,"Product: Platform
Component: Ant
Severity: normal
Priority: P2
Summary: No way to set working directory, VM args for Ant processes
Resolution: FIXED"
34745,"Product: JDT
Component: UI
Severity: normal
Priority: P2
Summary: Incoming changes get in twice
Resolution: FIXED"
287009,"Product: JDT
Component: Core
Severity: normal
Priority: P3
Summary: Inner Annotation Checks are Missing
Resolution: FIXED"
48747,"Product: Platform
Component: Ant
Severity: normal
Priority: P3
Summary: Specify Ant logger argument then build fails
Resolution: FIXED"
125540,"Product: Platform
Component: UI
Severity: enhancement
Priority: P1
Summary: Add IBindingService to all of the sites
Resolution: FIXED"
102876,"Product: JDT
Component: UI
Severity: normal
Priority: P3
Summary: [code manipulation] Generated method comment @see tag is not valid while overriding method
Resolution: FIXED"
65205,"Product: Platform
Component: Compare
Severity: normal
Priority: P3
Summary: Compare editor doesn't update correctly while scrolling
Resolution: FIXED"
17086,"Product: Platform
Component: UI
Severity: major
Priority: P2
Summary: Emacs: problems with mark
Resolution: FIXED"
57140,"Product: Platform
Component: Ant
Severity: normal
Priority: P3
Summary: Ant launching and the prelaunch checks
Resolution: FIXED"
20884,"Product: JDT
Component: Debug
Severity: enhancement
Priority: P3
Summary: breakpoint properties dialog help context id
Resolution: FIXED"
11982,"Product: Platform
Component: Debug
Severity: normal
Priority: P2
Summary: Logging exceptions
Resolution: FIXED"
54654,"Product: Platform
Component: UI
Severity: normal
Priority: P1
Summary: [KeyBindings] Edit in place in the navigator does not support the delete key
Resolution: FIXED"
4084,"Product: JDT
Component: Debug
Severity: normal
Priority: P3
Summary: Open on decl/rec type bug
Resolution: FIXED"
327443,"Product: JDT
Component: Debug
Severity: normal
Priority: P3
Summary: Open from Clipboard action should not care about line breaks and other whitespace
Resolution: FIXED"
38270,"Product: Platform
Component: Update  (deprecated - use RT>Equinox>p2)
Severity: normal
Priority: P3
Summary: [new UI] Part 3,B2: Bogus is not grayed out, XYZ is checked in the Optional Features page
Resolution: WORKSFORME"
385379,"Product: Platform
Component: UI
Severity: normal
Priority: P3
Summary: [CSS] Provide the editor ID as a CSS class
Resolution: FIXED"
5822,"Product: JDT
Component: Debug
Severity: enhancement
Priority: P2
Summary: Customizable run/debug profiles
Resolution: FIXED"
116232,"Product: JDT
Component: UI
Severity: enhancement
Priority: P3
Summary: [clean up] clean up: add 'use enhanced for loop when possible'
Resolution: FIXED"
64745,"Product: Platform
Component: UI
Severity: major
Priority: P2
Summary: User waiting dialog won't go away - had to kill Eclipse.
Resolution: FIXED"
33870,"Product: Platform
Component: Ant
Severity: normal
Priority: P2
Summary: The build.properties for org.eclipse.ant.tests.core is incorrect
Resolution: FIXED"
169023,"Product: Platform
Component: UI
Severity: enhancement
Priority: P3
Summary: [WorkingSets] ""Add to working set"" drop down should include a ""new working set"" option
Resolution: FIXED"
312872,"Product: PDE
Component: UI
Severity: normal
Priority: P3
Summary: NPE having enabled Error on ""Missing project specific Java compiler settings""
Resolution: FIXED"
386807,"Product: JDT
Component: UI
Severity: normal
Priority: P3
Summary: OptionalMessageDialog must not use CANCEL
Resolution: FIXED"
79180,"Product: Platform
Component: UI
Severity: major
Priority: P2
Summary: [Viewers] TableViewer virtual manager may not handle programmatic scrolling
Resolution: FIXED"
18070,"Product: JDT
Component: Core
Severity: normal
Priority: P2
Summary: NullPointerException during build
Resolution: DUPLICATE"
95844,"Product: Platform
Component: UI
Severity: normal
Priority: P2
Summary: [Contributions] Unsafe setRedraw() in ToolbarManager.update
Resolution: FIXED"
125071,"Product: Platform
Component: UI
Severity: enhancement
Priority: P2
Summary: [Commands] request: command-ify update actions in org.eclipse.ui.ide
Resolution: FIXED"
264680,"Product: Platform
Component: UI
Severity: normal
Priority: P3
Summary: [JFace] Using StyledString.setStyle to insert styles erases remaining styles
Resolution: FIXED"
105767,"Product: JDT
Component: Debug
Severity: normal
Priority: P2
Summary: Javadoc missing from IRuntimeClasspathEntry entries
Resolution: FIXED"
4353,"Product: JDT
Component: UI
Severity: normal
Priority: P3
Summary: Exception while creating new Template
Resolution: FIXED"
139024,"Product: Platform
Component: Debug
Severity: trivial
Priority: P3
Summary: Ant JRE tab has clipped widgets on the bottom
Resolution: FIXED"
66867,"Product: Platform
Component: Debug
Severity: normal
Priority: P3
Summary: icon allignment
Resolution: FIXED"
49579,"Product: Platform
Component: Ant
Severity: normal
Priority: P2
Summary: Adapt to the marker annotation changes
Resolution: FIXED"
24984,"Product: Platform
Component: UI
Severity: normal
Priority: P3
Summary: [About] Linux-motif traversal skipping buttons in About Dialog
Resolution: INVALID"
139818,"Product: JDT
Component: UI
Severity: major
Priority: P3
Summary: [api] Allow extending the Javadoc export wizard
Resolution: FIXED"
267659,"Product: PDE
Component: UI
Severity: normal
Priority: P3
Summary: [target] editor needs a way to collapse all content...
Resolution: FIXED"
26870,"Product: Platform
Component: Debug
Severity: normal
Priority: P2
Summary: Incorrect interpretation of command line
Resolution: FIXED"
1689,"Product: JDT
Component: Debug
Severity: normal
Priority: P2
Summary: Debugger selects incorrect stack frame after HCR (1GIQ56J)
Resolution: FIXED"
168153,"Product: Platform
Component: UI
Severity: enhancement
Priority: P3
Summary: [DataBinding] Simplify the management of the default Realm
Resolution: FIXED"
368646,"Product: JDT
Component: Core
Severity: normal
Priority: P3
Summary: [rename] rejects LocalVariable with initializer
Resolution: FIXED"
400758,"Product: Platform
Component: Releng
Severity: major
Priority: P2
Summary: [CBI] proceedOnError if compile errors
Resolution: FIXED"
19412,"Product: JDT
Component: Debug
Severity: normal
Priority: P2
Summary: more than one JRE on classpath
Resolution: FIXED"
57851,"Product: Platform
Component: UI
Severity: critical
Priority: P1
Summary: [Progress] NPE in WorkbenchSiteProgressService
Resolution: FIXED"
1601,"Product: JDT
Component: Debug
Severity: minor
Priority: P1
Summary: Displaying a variable appends to same line (1GENIVH)
Resolution: FIXED"
17071,"Product: Platform
Component: UI
Severity: normal
Priority: P3
Summary: Emacs: Ctrl+Z should Scroll Up
Resolution: FIXED"
185170,"Product: JDT
Component: UI
Severity: normal
Priority: P3
Summary: [working sets] New wizards started off working sets have wrong init values
Resolution: FIXED"
96921,"Product: Platform
Component: Ant
Severity: trivial
Priority: P3
Summary: Trailing Space  after property values
Resolution: FIXED"
394650,"Product: Platform
Component: Debug
Severity: normal
Priority: P3
Summary: Cannot open context help with launch config or type selected in any launch configuration dialog
Resolution: FIXED"
138493,"Product: Platform
Component: Team
Severity: major
Priority: P1
Summary: (NeedsApproval)Exception in synchronize view
Resolution: FIXED"
361327,"Product: JDT
Component: Core
Severity: normal
Priority: P3
Summary: Static import resolution does not record all static elements being imported
Resolution: FIXED"
46436,"Product: JDT
Component: Text
Severity: major
Priority: P2
Summary: [typing] String constant split/auto-indent leaves carriage returns in file
Resolution: FIXED"
17583,"Product: JDT
Component: Debug
Severity: normal
Priority: P3
Summary: Can't remove break point
Resolution: FIXED"
13085,"Product: Platform
Component: Debug
Severity: normal
Priority: P1
Summary: DebugActionGroups cannot handle two actions with same ID in views
Resolution: FIXED"
37648,"Product: Platform
Component: Compare
Severity: normal
Priority: P3
Summary: Exceptions after one of the compare viewer inputs got deleted
Resolution: FIXED"
17957,"Product: JDT
Component: UI
Severity: major
Priority: P1
Summary: Missing string in Members view
Resolution: FIXED"
172728,"Product: Platform
Component: Debug
Severity: enhancement
Priority: P3
Summary: [detail pane] detail panes should be available in inspect popup
Resolution: FIXED"
89591,"Product: Platform
Component: UI
Severity: normal
Priority: P2
Summary: ContainerCheckedTreeViewer can be deleted
Resolution: FIXED"
243347,"Product: Platform
Component: IDE
Severity: minor
Priority: P3
Summary: [Wizards] TarFile should not throw NPE in finalize()
Resolution: FIXED"
10929,"Product: JDT
Component: UI
Severity: normal
Priority: P1
Summary: All types cache is flushed to frequently
Resolution: FIXED"
16385,"Product: JDT
Component: UI
Severity: enhancement
Priority: P2
Summary: Filters should have a description in addition to a name
Resolution: FIXED"
389158,"Product: Platform
Component: UI
Severity: normal
Priority: P3
Summary: setSelection(..., true) on virtual table viewer does not set keyboard focus on the element
Resolution: FIXED"
27072,"Product: Platform
Component: UI
Severity: normal
Priority: P2
Summary: [ActionSets] SelectionListenerAction allocates 2 * ArrayList(10) everytime selection changes
Resolution: FIXED"
34998,"Product: JDT
Component: UI
Severity: normal
Priority: P2
Summary: Move instance method refactoring: target type selection issue[refactoring]
Resolution: FIXED"
432847,"Product: Platform
Component: UI
Severity: critical
Priority: P1
Summary: [Contributions] Duplicate view toolbar buttons; menu enablement problems in Git Repositories view
Resolution: FIXED"
9655,"Product: JDT
Component: Debug
Severity: normal
Priority: P3
Summary: open type/open exception - should be consistent w.r.t. empty entry
Resolution: FIXED"
71050,"Product: Platform
Component: UI
Severity: normal
Priority: P2
Summary: [Progress] Progress of a Job doesn't reflect correctly in Progress Monitor View
Resolution: FIXED"
93262,"Product: Platform
Component: UI
Severity: normal
Priority: P3
Summary: [Workbench] [Tests] Need regression tests for XMLMemento
Resolution: FIXED"
24390,"Product: Platform
Component: UI
Severity: normal
Priority: P3
Summary: [Welcome] Ctrl+Tab should tab out of the welcome page
Resolution: FIXED"
208263,"Product: JDT
Component: Core
Severity: normal
Priority: P3
Summary: [ast rewrite] performance problems with lots of changes
Resolution: FIXED"
24179,"Product: Platform
Component: UI
Severity: normal
Priority: P3
Summary: [About] Drag select in Welcome editor causes link  to open
Resolution: FIXED"
91889,"Product: JDT
Component: Debug
Severity: critical
Priority: P1
Summary: top frame not selected when monitor added to stack
Resolution: FIXED"
268966,"Product: PDE
Component: UI
Severity: normal
Priority: P3
Summary: Import binary plug-ins does not update source attachment when replacing existing non-jared plug-ins
Resolution: FIXED"
130751,"Product: Platform
Component: Ant
Severity: major
Priority: P3
Summary: NPE creating build.xml file
Resolution: FIXED"
188313,"Product: JDT
Component: UI
Severity: trivial
Priority: P3
Summary: [preferences] dialog font not used in clean up dialog
Resolution: FIXED"
10200,"Product: Platform
Component: Debug
Severity: normal
Priority: P2
Summary: Need menu options to edit launch configurations
Resolution: FIXED"
256409,"Product: PDE
Component: UI
Severity: enhancement
Priority: P3
Summary: PDE Spy should show type of selection
Resolution: FIXED"
25933,"Product: JDT
Component: Debug
Severity: normal
Priority: P2
Summary: After adding a parent folder, no longer able to add sub folder to classpath.
Resolution: FIXED"
24821,"Product: Platform
Component: Debug
Severity: enhancement
Priority: P2
Summary: [Key Bindings] Provide debug action definitions
Resolution: FIXED"
60927,"Product: Platform
Component: Debug
Severity: normal
Priority: P3
Summary: notifyResult(...) in OpenLaunchDialogAction
Resolution: FIXED"
37248,"Product: Platform
Component: Ant
Severity: normal
Priority: P2
Summary: Make org.eclipse.ant.tests.ui part of the build
Resolution: FIXED"
125005,"Product: Platform
Component: Debug
Severity: normal
Priority: P2
Summary: renaming a project prompts for deleting launch configs
Resolution: FIXED"
45061,"Product: Platform
Component: Debug
Severity: normal
Priority: P3
Summary: [launching] LaunchHistory is serialized 9 times on preference change
Resolution: FIXED"
37173,"Product: Platform
Component: Ant
Severity: normal
Priority: P3
Summary: VariableSelectionDialog needs a key listener
Resolution: FIXED"
82987,"Product: JDT
Component: Text
Severity: major
Priority: P2
Summary: 3.1 M4 can cause overview ruler to disappear forever
Resolution: FIXED"
354465,"Product: Platform
Component: UI
Severity: minor
Priority: P3
Summary: Don't override FORMAT Locale (was: Should only set default locale if there are indeed NL extensions)
Resolution: FIXED"
17922,"Product: JDT
Component: Core
Severity: normal
Priority: P2
Summary: ClassCastException on rename temp
Resolution: FIXED"
89493,"Product: JDT
Component: UI
Severity: normal
Priority: P3
Summary: [build path] Per-project settings should be called Project-specific settings [preference]
Resolution: FIXED"
95988,"Product: Platform
Component: Ant
Severity: normal
Priority: P2
Summary: javac error linking not working
Resolution: FIXED"
63700,"Product: JDT
Component: UI
Severity: normal
Priority: P3
Summary: Javadoc problem with project/package formatting
Resolution: FIXED"
58662,"Product: Platform
Component: UI
Severity: normal
Priority: P2
Summary: System Jobs showing in progress viewers
Resolution: FIXED"
175248,"Product: JDT
Component: Debug
Severity: normal
Priority: P3
Summary: Variables view escapes Strings twice (too many \)
Resolution: FIXED"
182324,"Product: Platform
Component: Debug
Severity: minor
Priority: P3
Summary: [launching] When launching a project with errors the warning dialog title says ""Errors in Project{0}""
Resolution: FIXED"
81398,"Product: JDT
Component: UI
Severity: enhancement
Priority: P3
Summary: [quick fix] Switch to 5.0 quick fix should change jre as well
Resolution: FIXED"
17321,"Product: JDT
Component: Debug
Severity: normal
Priority: P2
Summary: Problem in Installed JREs preferences
Resolution: FIXED"
232496,"Product: JDT
Component: UI
Severity: normal
Priority: P3
Summary: Exception with Javadoc view linked to selection and closed project
Resolution: FIXED"
9501,"Product: JDT
Component: Debug
Severity: normal
Priority: P2
Summary: Hidden watchpoint support
Resolution: FIXED"
112553,"Product: Platform
Component: Debug
Severity: normal
Priority: P3
Summary: ConcurrentModificationException in BreakpointManager
Resolution: FIXED"
205248,"Product: Platform
Component: UI
Severity: normal
Priority: P3
Summary: [Databinding] Observables on Text with FOCUS_OUT event incorrectly notify with no change
Resolution: FIXED"
89487,"Product: JDT
Component: UI
Severity: normal
Priority: P3
Summary: NPE in PropertyAndPreferencePage.updateLinkVisibility
Resolution: FIXED"
219204,"Product: JDT
Component: UI
Severity: major
Priority: P3
Summary: [clean up] Remove static accesses through instances may remove code with side-effects
Resolution: FIXED"
24751,"Product: JDT
Component: Debug
Severity: enhancement
Priority: P3
Summary: AppletLauncher should allow other classes of appletviewer to be used
Resolution: FIXED"
3329,"Product: JDT
Component: Core
Severity: normal
Priority: P2
Summary: Specification for IJavaElementDelta needed (1GHVW5M)
Resolution: FIXED"
134833,"Product: Platform
Component: Debug
Severity: normal
Priority: P2
Summary: Thread Change events not handled properly
Resolution: FIXED"
15162,"Product: JDT
Component: Core
Severity: normal
Priority: P2
Summary: Assertion failure during shutdown
Resolution: FIXED"
338450,"Product: Platform
Component: UI
Severity: normal
Priority: P3
Summary: [Compatibility] List of recently opened editors not persisted across workbench restarts
Resolution: FIXED"
11147,"Product: JDT
Component: UI
Severity: normal
Priority: P2
Summary: No content assist between left paren and string  literal
Resolution: FIXED"
57598,"Product: JDT
Component: Debug
Severity: normal
Priority: P3
Summary: Remove ""New Scrapbook Page"" toolbar button
Resolution: FIXED"
125462,"Product: Platform
Component: Text
Severity: normal
Priority: P2
Summary: [api][javadoc] Finalize API
Resolution: FIXED"
218553,"Product: Platform
Component: UI
Severity: trivial
Priority: P3
Summary: [JFace] mis-spelling of their in applyDialogFont(...)
Resolution: FIXED"
81621,"Product: Platform
Component: UI
Severity: normal
Priority: P2
Summary: [Viewers] AssertionFailedException when navigating virtual tables
Resolution: FIXED"
85732,"Product: Platform
Component: SWT
Severity: normal
Priority: P3
Summary: getClientArea() cause Shell to be resized to its initial size
Resolution: FIXED"
26750,"Product: Platform
Component: Ant
Severity: enhancement
Priority: P2
Summary: ""Run with..."" dialog for AntView
Resolution: FIXED"
95912,"Product: Platform
Component: UI
Severity: normal
Priority: P3
Summary: ClassCircularityError during startup
Resolution: FIXED"
60305,"Product: Platform
Component: Debug
Severity: normal
Priority: P3
Summary: Layout problems on the Environment tab
Resolution: FIXED"
351272,"Product: Platform
Component: User Assistance
Severity: normal
Priority: P3
Summary: [Help][Index] Keyword Index: Blank line after parent nodes that link a help page
Resolution: FIXED"
62558,"Product: Platform
Component: SWT
Severity: minor
Priority: P1
Summary: Null Pointer when opening Folder in File>Open External File
Resolution: FIXED"
74948,"Product: Platform
Component: Text
Severity: major
Priority: P2
Summary: Exception when cutting a method
Resolution: FIXED"
191951,"Product: Platform
Component: Debug
Severity: normal
Priority: P3
Summary: NPE when attempt to set build location to workspace_loc:<Any rse location>
Resolution: FIXED"
16218,"Product: JDT
Component: Debug
Severity: normal
Priority: P2
Summary: Asked to save changes when none
Resolution: FIXED"
33117,"Product: Platform
Component: Ant
Severity: major
Priority: P2
Summary: ClassCastException with tasks using Xerces
Resolution: FIXED"
115203,"Product: Platform
Component: UI
Severity: normal
Priority: P3
Summary: [Graphics] Splash screen with version number
Resolution: FIXED"
206752,"Product: Platform
Component: UI
Severity: normal
Priority: P3
Summary: [OLE] Error when opening not SQL files
Resolution: FIXED"
325258,"Product: JDT
Component: UI
Severity: normal
Priority: P2
Summary: [type hierarchy] Improve label rendering in Type Hierarchy
Resolution: FIXED"
32787,"Product: Platform
Component: Ant
Severity: normal
Priority: P2
Summary: AssertionFailedException selecting error node in AntEditor outline
Resolution: FIXED"
133701,"Product: Platform
Component: CVS
Severity: normal
Priority: P2
Summary: [Model Sync] Need a sorter for model providers
Resolution: FIXED"
227877,"Product: Platform
Component: Debug
Severity: enhancement
Priority: P2
Summary: [launch] RelaunchLastAction should *not* be internal
Resolution: FIXED"
313385,"Product: PDE
Component: UI
Severity: trivial
Priority: P3
Summary: Plug-ins view: change mnemonic in Import As from I to m
Resolution: FIXED"
400276,"Product: Platform
Component: UI
Severity: normal
Priority: P3
Summary: Errors when removing or moving multiple parts from/between stacks
Resolution: FIXED"
229022,"Product: Platform
Component: UI
Severity: major
Priority: P3
Summary: [Progress] Display#getShells returns disposed shell
Resolution: FIXED"
215320,"Product: JDT
Component: Core
Severity: major
Priority: P3
Summary: Javadoc contents retrieval doesn't support proxy connections
Resolution: DUPLICATE"
205451,"Product: PDE
Component: UI
Severity: trivial
Priority: P3
Summary: Plugin Manifest editor's ""Add"" button on extension page places dialog in wrong place
Resolution: FIXED"
178643,"Product: Platform
Component: UI
Severity: major
Priority: P3
Summary: [DataBinding] ValueBinding does not remove model/target listeners on dispose
Resolution: FIXED"
81631,"Product: Platform
Component: UI
Severity: normal
Priority: P2
Summary: [Preferences] Preferences dialog not layouted properly
Resolution: FIXED"
4050,"Product: JDT
Component: UI
Severity: normal
Priority: P3
Summary: Externalize Strings: Checks keys even if not used (1GGZ0PC)
Resolution: FIXED"
61221,"Product: Platform
Component: Debug
Severity: normal
Priority: P2
Summary: No progress dialog when prompted to wait for build
Resolution: FIXED"
47668,"Product: JDT
Component: Debug
Severity: normal
Priority: P3
Summary: Exclude exception location
Resolution: FIXED"
464359,"Product: Platform
Component: PMC
Severity: enhancement
Priority: P3
Summary: Mars plan update 3
Resolution: FIXED"
95297,"Product: Platform
Component: Ant
Severity: minor
Priority: P3
Summary: Ant export filter: Export also JUnit tests
Resolution: FIXED"
44856,"Product: JDT
Component: Debug
Severity: normal
Priority: P2
Summary: errors in label update
Resolution: FIXED"
141324,"Product: Platform
Component: Debug
Severity: normal
Priority: P3
Summary: NPE in JDIDebugTarget.getRootThreadGroups()
Resolution: FIXED"
15988,"Product: Platform
Component: Debug
Severity: normal
Priority: P1
Summary: ArrayIndexOutOfBoundsException in config reselection
Resolution: FIXED"
162517,"Product: JDT
Component: Core
Severity: normal
Priority: P2
Summary: [model] concurrent access to HashMap
Resolution: FIXED"
406014,"Product: PDE
Component: UI
Severity: normal
Priority: P3
Summary: Change keybindings in RCP Mail template
Resolution: FIXED"
15835,"Product: JDT
Component: Debug
Severity: normal
Priority: P1
Summary: Scrap book does not work
Resolution: FIXED"
61723,"Product: JDT
Component: UI
Severity: major
Priority: P3
Summary: NPE when opening GetterSetterDialog
Resolution: FIXED"
24131,"Product: Platform
Component: Ant
Severity: enhancement
Priority: P3
Summary: Ability to debug ANT buildfile in some type of ANT debugger
Resolution: FIXED"
106091,"Product: JDT
Component: Debug
Severity: enhancement
Priority: P3
Summary: Code assist for eval in context of an array
Resolution: FIXED"
349540,"Product: PDE
Component: UI
Severity: minor
Priority: P3
Summary: Missing character in string
Resolution: FIXED"
433830,"Product: Platform
Component: UI
Severity: major
Priority: P1
Summary: Part's background color is wrong
Resolution: FIXED"
11053,"Product: Platform
Component: Debug
Severity: normal
Priority: P2
Summary: Launch view too optimistic on source lookup
Resolution: FIXED"
381605,"Product: PDE
Component: UI
Severity: normal
Priority: P3
Summary: comparator shows ""class is different""
Resolution: FIXED"
340641,"Product: JDT
Component: Core
Severity: normal
Priority: P3
Summary: Autocomplete / content assist require internet connection
Resolution: INVALID"
66049,"Product: Platform
Component: Text
Severity: normal
Priority: P2
Summary: NPE when attempting to paste
Resolution: FIXED"
429754,"Product: Platform
Component: UI
Severity: normal
Priority: P3
Summary: [CSS] Update the 'e4 default' theme with the 'active.noFocus' state
Resolution: FIXED"
89835,"Product: Platform
Component: Debug
Severity: normal
Priority: P2
Summary: NPE getting Logical structure
Resolution: FIXED"
329002,"Product: Platform
Component: IDE
Severity: normal
Priority: P2
Summary: Load hidden Problems views on workbench start
Resolution: FIXED"
12027,"Product: JDT
Component: Debug
Severity: normal
Priority: P3
Summary: Breakpoints requests are not created for interfaces
Resolution: FIXED"
115099,"Product: JDT
Component: UI
Severity: normal
Priority: P2
Summary: Adapt Package explore tor new working set API isSelfUpdating
Resolution: FIXED"
343475,"Product: JDT
Component: Core
Severity: minor
Priority: P3
Summary: [1.7] Compiler warning for invalid type inside switch needs to be improved
Resolution: FIXED"
249498,"Product: Platform
Component: UI
Severity: enhancement
Priority: P3
Summary: [Wizards] Increase size of Help Icon on wizards
Resolution: FIXED"
432347,"Product: PDE
Component: API Tools
Severity: normal
Priority: P3
Summary: asm.tree needs to be added to pde feature
Resolution: FIXED"
70929,"Product: Platform
Component: UI
Severity: normal
Priority: P2
Summary: [Workbench] TVT3.0:  Java Search Hover has extra mnemonic
Resolution: FIXED"
66498,"Product: Platform
Component: UI
Severity: normal
Priority: P2
Summary: ProgressMonitorJobsDialog should not sync exec using parent shell
Resolution: FIXED"
204453,"Product: JDT
Component: UI
Severity: normal
Priority: P3
Summary: [pull up] NPE in PullUp Refactoring when selecting 'Add Required'
Resolution: FIXED"
34546,"Product: JDT
Component: UI
Severity: trivial
Priority: P3
Summary: [wording] Generated comment wording not quite correct
Resolution: FIXED"
54072,"Product: JDT
Component: Debug
Severity: enhancement
Priority: P3
Summary: [java launching] Provide API to extend launch shortcuts with different modes
Resolution: FIXED"
434195,"Product: PDE
Component: UI
Severity: critical
Priority: P3
Summary: Very long build times after plugin manifest update
Resolution: FIXED"
101350,"Product: Platform
Component: UI
Severity: major
Priority: P2
Summary: [About] Code to open error log has non-Foundation reference
Resolution: FIXED"
26702,"Product: Platform
Component: Debug
Severity: enhancement
Priority: P2
Summary: Allow single launch config to be edited
Resolution: FIXED"
125420,"Product: Platform
Component: UI
Severity: enhancement
Priority: P2
Summary: [Commands] parameters: allow commands to specify return type
Resolution: FIXED"
206794,"Product: Platform
Component: IDE
Severity: normal
Priority: P3
Summary: 'Open With > ...' submenu behaves strange when file out of sync
Resolution: FIXED"
120579,"Product: JDT
Component: UI
Severity: normal
Priority: P3
Summary: [quick fix] NullPointerException on Ctrl+1 quickfix suggestion
Resolution: FIXED"
86511,"Product: JDT
Component: Text
Severity: major
Priority: P2
Summary: [projection] IAE after QuickFix 'Create method in supertype' and File > Revert
Resolution: FIXED"
85192,"Product: Platform
Component: UI
Severity: normal
Priority: P2
Summary: [KeyBindings] preference page: ArrayIndexOutOfBounds if add special key while modifier pressed
Resolution: FIXED"
7317,"Product: JDT
Component: UI
Severity: normal
Priority: P1
Summary: ClassCastException during move
Resolution: FIXED"
133852,"Product: Platform
Component: Text
Severity: enhancement
Priority: P2
Summary: [rulers] Allow to make a revision sticky
Resolution: FIXED"
366354,"Product: PDE
Component: UI
Severity: normal
Priority: P3
Summary: Compile errors in build N20111211-2000
Resolution: FIXED"
353568,"Product: PDE
Component: API Tools
Severity: normal
Priority: P3
Summary: API Tools test failures in I20110729-1200
Resolution: FIXED"
69952,"Product: Platform
Component: Debug
Severity: enhancement
Priority: P3
Summary: ILaunchConfigurationListener's launchConfigurationRemoved gets a configuration that doesn't exist
Resolution: FIXED"
135982,"Product: Platform
Component: Search
Severity: major
Priority: P3
Summary: NLS missing message: TextSearchEngine_scanning in: org.eclipse.search.internal.ui.SearchMessages
Resolution: FIXED"
26405,"Product: Platform
Component: Ant
Severity: normal
Priority: P3
Summary: AntTargetsTab doesn't save target selection
Resolution: FIXED"
17953,"Product: JDT
Component: Core
Severity: normal
Priority: P1
Summary: NullPointerException when compiling cocoon2
Resolution: DUPLICATE"
147335,"Product: Platform
Component: Debug
Severity: normal
Priority: P3
Summary: [help] Source Tab has no context help topic
Resolution: FIXED"
215980,"Product: JDT
Component: UI
Severity: enhancement
Priority: P2
Summary: [render] Mark projects that have build path problems
Resolution: FIXED"
73201,"Product: JDT
Component: Debug
Severity: normal
Priority: P2
Summary: Improving jdt.debug.ui to display generic information
Resolution: FIXED"
50735,"Product: JDT
Component: Text
Severity: major
Priority: P2
Summary: [navigation] Cursor changes to a hand
Resolution: FIXED"
293771,"Product: PDE
Component: UI
Severity: normal
Priority: P3
Summary: Deselecting 'Include all plug-ins from target in Java search' does not remove them
Resolution: FIXED"
130828,"Product: Platform
Component: Debug
Severity: normal
Priority: P3
Summary: Breakpoints View go to file icon is gone.
Resolution: FIXED"
53735,"Product: Platform
Component: UI
Severity: normal
Priority: P2
Summary: [KeyBindings] Can't override keys in ""editing java context"" using general context
Resolution: FIXED"
178352,"Product: Platform
Component: User Assistance
Severity: normal
Priority: P2
Summary: [Webapp] Sync with toc doesnt work with anchors
Resolution: FIXED"
20365,"Product: JDT
Component: Debug
Severity: major
Priority: P2
Summary: Bidi - NPE when closing Eclipse
Resolution: FIXED"
80830,"Product: Platform
Component: SWT
Severity: normal
Priority: P3
Summary: implement GC.drawFocus
Resolution: FIXED"
497444,"Product: Platform
Component: SWT
Severity: normal
Priority: P3
Summary: [GTK3] Progress indicator not updating in the splash screen of Eclipse
Resolution: FIXED"
117057,"Product: Platform
Component: Debug
Severity: normal
Priority: P3
Summary: [flex-hierarchy] NPE in RemoveAllTerminatedAction
Resolution: FIXED"
380857,"Product: PDE
Component: API Tools
Severity: normal
Priority: P3
Summary: Fix mixed line delimiters
Resolution: FIXED"
228022,"Product: Platform
Component: UI
Severity: enhancement
Priority: P2
Summary: [CommonNavigator] Allow content providers to explicitly specify their ordering
Resolution: FIXED"
99471,"Product: JDT
Component: UI
Severity: normal
Priority: P2
Summary: JDK compliance on New Java project wizard doesn't  change compiler compliance
Resolution: FIXED"
25129,"Product: JDT
Component: Text
Severity: major
Priority: P2
Summary: IAE in eating code assist
Resolution: FIXED"
247506,"Product: Platform
Component: UI
Severity: normal
Priority: P3
Summary: [Markers] Marker views behave wrong in single-click mode
Resolution: FIXED"
58290,"Product: Platform
Component: Debug
Severity: trivial
Priority: P3
Summary: Launch error message spelling
Resolution: FIXED"
56057,"Product: JDT
Component: Debug
Severity: enhancement
Priority: P3
Summary: AssignValueAction should do evaluations
Resolution: FIXED"
26113,"Product: JDT
Component: Debug
Severity: normal
Priority: P1
Summary: Scrapbook launches showing up in history
Resolution: FIXED"
86840,"Product: JDT
Component: Text
Severity: normal
Priority: P2
Summary: AFE in DefaultJavaFoldingStructureProvider after undoing refactoring
Resolution: FIXED"
339430,"Product: Platform
Component: Releng
Severity: normal
Priority: P2
Summary: Delta pack for Eclipse 4.2
Resolution: FIXED"
294738,"Product: Platform
Component: UI
Severity: trivial
Priority: P3
Summary: [Viewers] (JFace) Assertion for missing LabelProvider in ViewerColumn
Resolution: FIXED"
323200,"Product: Platform
Component: Doc
Severity: trivial
Priority: P3
Summary: Action Binding contribution example is incorrect for Common Navigator Framework
Resolution: FIXED"
84076,"Product: Platform
Component: UI
Severity: critical
Priority: P1
Summary: [Viewers][Progress]Refreshing Variables View blocks UI thread
Resolution: FIXED"
46197,"Product: Platform
Component: UI
Severity: trivial
Priority: P3
Summary: [Workbench] bogus javadoc for IMemento.TAG_ID
Resolution: FIXED"
63339,"Product: Platform
Component: Ant
Severity: normal
Priority: P3
Summary: AntUtil#getFileForLocation(...) has incorrect behavior on WinOS
Resolution: FIXED"
400150,"Product: Platform
Component: IDE
Severity: minor
Priority: P3
Summary: Multiple Quick fix error message is wrong for non-JDT problems
Resolution: FIXED"
8772,"Product: JDT
Component: Debug
Severity: normal
Priority: P1
Summary: Infinitely looping stack trace in target pgm locks UI
Resolution: FIXED"
10839,"Product: JDT
Component: Debug
Severity: normal
Priority: P1
Summary: Java launch config: main type checks are too constraining
Resolution: FIXED"
18411,"Product: JDT
Component: Core
Severity: normal
Priority: P2
Summary: External JAR refresh - caching problem
Resolution: FIXED"
71053,"Product: Platform
Component: UI
Severity: major
Priority: P1
Summary: [ActivityMgmt] IllegalArgException in Capability preference page
Resolution: FIXED"
15867,"Product: JDT
Component: Debug
Severity: normal
Priority: P3
Summary: JavaConnectTab problems: Mneumonics, NumberFormatException
Resolution: FIXED"
164548,"Product: JDT
Component: Debug
Severity: trivial
Priority: P3
Summary: vm name background is always white
Resolution: FIXED"
95179,"Product: JDT
Component: UI
Severity: normal
Priority: P3
Summary: [type filters] Type Filters not respected
Resolution: FIXED"
81277,"Product: Platform
Component: UI
Severity: normal
Priority: P3
Summary: Uncompressed Tar archiving is 10 to 20 X slower then zip or compressed tar
Resolution: FIXED"
16669,"Product: Platform
Component: UI
Severity: major
Priority: P2
Summary: [Coolbar] Tab order for coolbar items is backwards
Resolution: FIXED"
169683,"Product: JDT
Component: Debug
Severity: normal
Priority: P3
Summary: javadoc warning in N20070105-0010
Resolution: FIXED"
40212,"Product: Platform
Component: Ant
Severity: normal
Priority: P3
Summary: incorrect location of 'properties' in context menu of ant view
Resolution: FIXED"
107496,"Product: JDT
Component: Text
Severity: enhancement
Priority: P2
Summary: [content assist] Automatic Imports Enhancement
Resolution: FIXED"
42282,"Product: Platform
Component: Debug
Severity: normal
Priority: P3
Summary: Inconsistent double-quote escaping in LaunchVariableUtil
Resolution: FIXED"
9649,"Product: JDT
Component: Debug
Severity: blocker
Priority: P1
Summary: Can't rebuild all - never returns
Resolution: FIXED"
3851,"Product: JDT
Component: Debug
Severity: normal
Priority: P2
Summary: Runnables on build path as .class not detected (1GEX6I0)
Resolution: FIXED"
330947,"Product: PDE
Component: API Tools
Severity: enhancement
Priority: P3
Summary: Investigate support for generating .api_description files for bundles that are not API tools enabled
Resolution: FIXED"
287250,"Product: PDE
Component: UI
Severity: enhancement
Priority: P3
Summary: allow product export to create .war files rather than .zip
Resolution: FIXED"
226920,"Product: PDE
Component: UI
Severity: normal
Priority: P3
Summary: org.eclipse.pde.p2.ui is missing legal files
Resolution: FIXED"
13480,"Product: JDT
Component: Debug
Severity: normal
Priority: P1
Summary: NPE creating Java Project when running Runtime Workbench
Resolution: FIXED"
44877,"Product: JDT
Component: Debug
Severity: normal
Priority: P2
Summary: Wrong JDK source lookup if Compile-JDK <> Debug-JDK
Resolution: FIXED"
49047,"Product: JDT
Component: Debug
Severity: normal
Priority: P3
Summary: scrapbook suspends on uncaught exceptions
Resolution: FIXED"
99029,"Product: JDT
Component: Debug
Severity: normal
Priority: P3
Summary: scrapbook does not respect background color
Resolution: FIXED"
190875,"Product: JDT
Component: Debug
Severity: normal
Priority: P3
Summary: help id associated with wrong widget on two pref pages
Resolution: FIXED"
32824,"Product: Platform
Component: Ant
Severity: normal
Priority: P2
Summary: BadLocationException creating build.xml file
Resolution: FIXED"
219577,"Product: PDE
Component: UI
Severity: trivial
Priority: P3
Summary: Use lowercase 'w' in 'Link with Editor'
Resolution: FIXED"
94302,"Product: JDT
Component: UI
Severity: normal
Priority: P3
Summary: [Quick fix] on A.class offers odd generic replacement
Resolution: FIXED"
231073,"Product: Platform
Component: Text
Severity: major
Priority: P3
Summary: Fix for bug 185773 breaks binary compatibility
Resolution: FIXED"
58719,"Product: JDT
Component: Text
Severity: normal
Priority: P2
Summary: [content assist] Context information: show parameters should show parameters for all overloaded methods
Resolution: FIXED"
55162,"Product: Platform
Component: UI
Severity: normal
Priority: P1
Summary: IPresentablePart needs to be able to opt out of done state
Resolution: FIXED"
64737,"Product: JDT
Component: Text
Severity: normal
Priority: P2
Summary: Ctrl-Right at start of line moves only tab-wise (in M9)
Resolution: FIXED"
273489,"Product: Platform
Component: UI
Severity: normal
Priority: P3
Summary: [Mac] We should not nest sheets
Resolution: FIXED"
459413,"Product: Platform
Component: SWT
Severity: normal
Priority: P3
Summary: 2 compile warnings in official build
Resolution: FIXED"
118543,"Product: Platform
Component: Text
Severity: normal
Priority: P3
Summary: [implementation] Convert line delimiters actions are not always enabled when they should be
Resolution: FIXED"
31692,"Product: JDT
Component: UI
Severity: critical
Priority: P2
Summary: NPE in ProblemsLabelDecorator.isInside
Resolution: FIXED"
219930,"Product: Platform
Component: UI
Severity: normal
Priority: P3
Summary: [Dialogs] [Themes] FilteredItemsSelectionDialog too small after changing dialog font
Resolution: FIXED"
29112,"Product: Platform
Component: Debug
Severity: enhancement
Priority: P3
Summary: Add key binding to ""open link"" action in console
Resolution: FIXED"
360600,"Product: JDT
Component: Core
Severity: normal
Priority: P3
Summary: Since 3.7.1 JDT formatter has trouble with 0x8000000000000000L and 0x80000000
Resolution: DUPLICATE"
118435,"Product: Platform
Component: UI
Severity: normal
Priority: P2
Summary: [Markers] Trying to implement WorkbenchMarkerResolution
Resolution: FIXED"
65191,"Product: JDT
Component: UI
Severity: normal
Priority: P3
Summary: Can't attach source from folder to JAR [build path]
Resolution: FIXED"
4953,"Product: JDT
Component: Debug
Severity: normal
Priority: P2
Summary: Double click does not change value in inspector
Resolution: FIXED"
49445,"Product: Platform
Component: Ant
Severity: enhancement
Priority: P3
Summary: outline and ant runner views should  include imported targets
Resolution: FIXED"
94991,"Product: JDT
Component: UI
Severity: enhancement
Priority: P2
Summary: Support new default line separator API in code that creates text files.
Resolution: FIXED"
55421,"Product: JDT
Component: Core
Severity: blocker
Priority: P2
Summary: Cannot save a .java file in a non-java project anymore
Resolution: FIXED"
24693,"Product: Platform
Component: SWT
Severity: major
Priority: P2
Summary: org.eclipse.swt.graphics.GC.drawString() fails to draw euro sign
Resolution: FIXED"
17581,"Product: JDT
Component: UI
Severity: major
Priority: P2
Summary: CompletionProposalPopup should null its instance vars on hide()
Resolution: FIXED"
322572,"Product: PDE
Component: API Tools
Severity: normal
Priority: P3
Summary: API Tools ant tasks should use links/profile metadata to discover bundles in an installation
Resolution: FIXED"
16358,"Product: JDT
Component: Debug
Severity: normal
Priority: P3
Summary: Advanced actions creating dialogs on the wrong shell
Resolution: FIXED"
22005,"Product: Platform
Component: Debug
Severity: normal
Priority: P3
Summary: Review UI runnables
Resolution: FIXED"
85422,"Product: Platform
Component: UI
Severity: normal
Priority: P2
Summary: [Preferences] Editors preference page should use new SWT Link widget
Resolution: FIXED"
10566,"Product: JDT
Component: Debug
Severity: normal
Priority: P1
Summary: Copy value in variables view should work with CTRL-C
Resolution: FIXED"
150526,"Product: Platform
Component: Team
Severity: normal
Priority: P2
Summary: [Sync View] StorageTypedElement should not extend BufferedContent
Resolution: FIXED"
295145,"Product: PDE
Component: UI
Severity: normal
Priority: P3
Summary: Eclipse RCP with a view template
Resolution: FIXED"
64871,"Product: JDT
Component: Text
Severity: normal
Priority: P3
Summary: Fonts preference page: Unneeded subcategory 'Java->Editor'
Resolution: FIXED"
62368,"Product: Platform
Component: Resources
Severity: major
Priority: P1
Summary: JobManager deadlock
Resolution: FIXED"
16314,"Product: JDT
Component: UI
Severity: normal
Priority: P2
Summary: smoke 0518: deleting of javadioc'ed method messes indenting
Resolution: FIXED"
95548,"Product: Platform
Component: UI
Severity: normal
Priority: P2
Summary: Editors page not sized properly on startup
Resolution: FIXED"
18206,"Product: Platform
Component: Compare
Severity: minor
Priority: P2
Summary: Casing, wording issue on ""Last Resource reached"" prompt
Resolution: FIXED"
388628,"Product: Platform
Component: UI
Severity: normal
Priority: P3
Summary: [Viewers] ILazyTreeContentProvider: NPE when refreshing viewer while an inner node is selected and using OwnerDrawLabelProvider
Resolution: FIXED"
63614,"Product: JDT
Component: UI
Severity: normal
Priority: P2
Summary: Filter ""empty parent packages"" does not work correctly in browsing perspective [browsing]
Resolution: FIXED"
134038,"Product: Platform
Component: Team
Severity: major
Priority: P1
Summary: [Model Sync] unresponsive contect menu in synchronize view
Resolution: FIXED"
221520,"Product: Platform
Component: UI
Severity: major
Priority: P3
Summary: [Decorators] NPE in CVS decorator
Resolution: FIXED"
275240,"Product: PDE
Component: UI
Severity: normal
Priority: P3
Summary: Externalize strings wizard fails to detect strings that need externalizing
Resolution: FIXED"
233471,"Product: JDT
Component: UI
Severity: trivial
Priority: P3
Summary: [quick fix] Call to IUndoManager#aboutToPerformChange must be follwed by changePerformed
Resolution: FIXED"
285838,"Product: JDT
Component: APT
Severity: normal
Priority: P2
Summary: [apt] IdeFilerImpl breaks javax.annotation.processing.Filer contract
Resolution: FIXED"
28282,"Product: Platform
Component: Debug
Severity: normal
Priority: P2
Summary: Launch view doesn't select stack frame when it is made visible
Resolution: FIXED"
126790,"Product: Platform
Component: Debug
Severity: normal
Priority: P3
Summary: Variables view update problems
Resolution: FIXED"
30079,"Product: JDT
Component: Debug
Severity: normal
Priority: P2
Summary: Modifying JRE contents shouldn't trigger a build without asking permission
Resolution: FIXED"
86842,"Product: JDT
Component: UI
Severity: normal
Priority: P3
Summary: [quick assist] Intention ""Split variable declaration"" loses ""final""
Resolution: FIXED"
22230,"Product: JDT
Component: Debug
Severity: enhancement
Priority: P2
Summary: #setButtonLayoutData addition
Resolution: FIXED"
139902,"Product: Platform
Component: Text
Severity: trivial
Priority: P3
Summary: [Preferences] wrong keywords for linked mode pref-page
Resolution: FIXED"
50025,"Product: JDT
Component: Core
Severity: normal
Priority: P2
Summary: uppercase ZIP and JAR classpath entries ignored
Resolution: FIXED"
217852,"Product: JDT
Component: Debug
Severity: major
Priority: P2
Summary: [jres] search for installed JREs adds many bogus EE configurations
Resolution: FIXED"
430012,"Product: Platform
Component: SWT
Severity: enhancement
Priority: P1
Summary: [BiDi] Implement contextual base text direction for Widgets
Resolution: FIXED"
47194,"Product: JDT
Component: Text
Severity: major
Priority: P2
Summary: [typing] Paste inserts partial string
Resolution: FIXED"
332325,"Product: PDE
Component: API Tools
Severity: enhancement
Priority: P3
Summary: Provide problem/reference counts in xml from Analysis and Use Scan tasks
Resolution: FIXED"
163836,"Product: JDT
Component: Debug
Severity: major
Priority: P3
Summary: StackOverflowError in JavaLaunchableTester.hasMainInChildren(..)
Resolution: FIXED"
143245,"Product: JDT
Component: UI
Severity: normal
Priority: P3
Summary: [build path] [regression] New Project Wizard: adding a source folder resets output folder location to default
Resolution: FIXED"
249490,"Product: JDT
Component: Debug
Severity: normal
Priority: P3
Summary: JDI fails to unmarshal JDWP reply packet correctly
Resolution: FIXED"
24808,"Product: JDT
Component: UI
Severity: normal
Priority: P3
Summary: Refactor String ""+"" expression not correct [refactoring]
Resolution: FIXED"
348492,"Product: JDT
Component: Core
Severity: normal
Priority: P3
Summary: [1.7] Improve error msg on strings in switch in 1.5 mode
Resolution: FIXED"
44343,"Product: Platform
Component: Ant
Severity: normal
Priority: P3
Summary: Create an object model for Ant UI
Resolution: FIXED"
56196,"Product: Platform
Component: UI
Severity: major
Priority: P2
Summary: [Progress] Cannot create file when using repository
Resolution: FIXED"
78555,"Product: Platform
Component: SWT
Severity: normal
Priority: P3
Summary: compare editor appears to crash workbench
Resolution: DUPLICATE"
9065,"Product: JDT
Component: Debug
Severity: normal
Priority: P1
Summary: WID opening editor for breakpoint
Resolution: FIXED"
53152,"Product: Platform
Component: Ant
Severity: normal
Priority: P2
Summary: Eclipse ""locks up""  aka super slow when editing a large build.xml
Resolution: FIXED"
9353,"Product: JDT
Component: Debug
Severity: normal
Priority: P1
Summary: <Not responding> stack frame after suspending VM
Resolution: FIXED"
267090,"Product: JDT
Component: UI
Severity: major
Priority: P2
Summary: leaking OpenTypeSelectionDialogs
Resolution: FIXED"
138214,"Product: Platform
Component: CVS
Severity: normal
Priority: P2
Summary: [History View] Group by Date no longer works
Resolution: FIXED"
66990,"Product: Platform
Component: Debug
Severity: normal
Priority: P2
Summary: PopupInformationControl does not specify shell for handler
Resolution: FIXED"
77416,"Product: Platform
Component: Debug
Severity: normal
Priority: P3
Summary: Filter console factories by capabilities
Resolution: FIXED"
159768,"Product: Platform
Component: UI
Severity: normal
Priority: P3
Summary: [DataBinding] update policies need to be implemented
Resolution: FIXED"
19426,"Product: Platform
Component: UI
Severity: major
Priority: P2
Summary: Editor name in tab changes
Resolution: FIXED"
25729,"Product: JDT
Component: Text
Severity: major
Priority: P2
Summary: Java editor opening up build.xml
Resolution: FIXED"
229302,"Product: JDT
Component: UI
Severity: normal
Priority: P3
Summary: [jar exporter] External class folder not exported by runnable jar wizard
Resolution: FIXED"
40708,"Product: JDT
Component: Debug
Severity: normal
Priority: P3
Summary: breakpoint properties dialog title
Resolution: FIXED"
44100,"Product: Platform
Component: Debug
Severity: major
Priority: P2
Summary: UI blocked removing breakpoints from breakpoints view with other jobs
Resolution: FIXED"
234228,"Product: Platform
Component: UI
Severity: normal
Priority: P3
Summary: [JavaDoc] [Viewers] AbstractTableViewer#replace(Object, int) JavaDoc misses description for arguments
Resolution: FIXED"
6211,"Product: JDT
Component: Debug
Severity: normal
Priority: P2
Summary: IOExceptions thrown as VMDisconnectedExceptions
Resolution: FIXED"
7461,"Product: Platform
Component: Debug
Severity: normal
Priority: P2
Summary: ""Show Breakpoints..."" button does not show tooltip
Resolution: FIXED"
163044,"Product: JDT
Component: UI
Severity: major
Priority: P3
Summary: [clean up] Custom profile not removed when going back
Resolution: FIXED"
13993,"Product: Platform
Component: Debug
Severity: normal
Priority: P1
Summary: Debug and Run buttons have been accidentally swapped
Resolution: FIXED"
480545,"Product: JDT
Component: Core
Severity: normal
Priority: P3
Summary: Vararg of type ending with number, crashes ASTParser
Resolution: FIXED"
1720,"Product: Platform
Component: Debug
Severity: normal
Priority: P2
Summary: Issue: breakpoint manager breaks lazy plug-in load rule (1GKKDTA)
Resolution: FIXED"
223558,"Product: JDT
Component: Text
Severity: critical
Priority: P2
Summary: [breadcrumb] Blocked in endless display loop while opening dropdown
Resolution: FIXED"
251817,"Product: JDT
Component: UI
Severity: major
Priority: P3
Summary: [clean up] Fail to invoke ""Clean Up"" at project level
Resolution: FIXED"
170848,"Product: Platform
Component: UI
Severity: enhancement
Priority: P3
Summary: [DataBinding] Expand observables for Control
Resolution: FIXED"
178208,"Product: Platform
Component: Text
Severity: enhancement
Priority: P2
Summary: [typing] Triple-click should also select line delimiter
Resolution: FIXED"
19554,"Product: JDT
Component: Debug
Severity: normal
Priority: P3
Summary: Accessibility : cannot add Exception breakpoint from menu
Resolution: FIXED"
484268,"Product: PDE
Component: UI
Severity: major
Priority: P3
Summary: [apitools] Method lookups must use type erased signatures
Resolution: FIXED"
63514,"Product: JDT
Component: UI
Severity: normal
Priority: P2
Summary: [implementation] ""Add Constructor from Superclass"" command should insert blank lines [code manipulation]
Resolution: FIXED"
34803,"Product: JDT
Component: UI
Severity: normal
Priority: P3
Summary: AddMethodDelegateAction includes System.out.println statements
Resolution: FIXED"
1753,"Product: JDT
Component: Debug
Severity: critical
Priority: P1
Summary: NPE in LocalEvaluationEngine
Resolution: FIXED"
68938,"Product: Platform
Component: UI
Severity: enhancement
Priority: P1
Summary: [Contributions] Allow contributions based on active editor input
Resolution: FIXED"
28088,"Product: Platform
Component: Debug
Severity: normal
Priority: P2
Summary: Console view caused NPE when ""becomesVisible""
Resolution: FIXED"
136018,"Product: PDE
Component: UI
Severity: normal
Priority: P3
Summary: Launching a newly-created product does not pick up the correct JRE
Resolution: FIXED"
462065,"Product: Platform
Component: UI
Severity: normal
Priority: P3
Summary: ToolTip crash when widget gets disposed
Resolution: FIXED"
348711,"Product: PDE
Component: API Tools
Severity: normal
Priority: P3
Summary: ApiErrorsWarningsConfigurationBlock should use handler service to execute commands
Resolution: FIXED"
86772,"Product: Platform
Component: Ant
Severity: normal
Priority: P3
Summary: CCE Opening empty Ant build script
Resolution: FIXED"
96766,"Product: Platform
Component: Debug
Severity: normal
Priority: P3
Summary: Console hyperlinks broken by 3.1M7
Resolution: FIXED"
126666,"Product: Platform
Component: Debug
Severity: normal
Priority: P3
Summary: NPE in target on latest code
Resolution: FIXED"
63533,"Product: JDT
Component: Debug
Severity: major
Priority: P3
Summary: An internal error occurred during: ""Launching""
Resolution: FIXED"
76077,"Product: Platform
Component: UI
Severity: normal
Priority: P2
Summary: [ActivityMgmt] [Contributions] CompilationUnitEditor leak
Resolution: FIXED"
104743,"Product: JDT
Component: UI
Severity: normal
Priority: P3
Summary: Type Filters matches types it shouldn't
Resolution: FIXED"
78866,"Product: JDT
Component: Debug
Severity: normal
Priority: P3
Summary: Using new registry API
Resolution: FIXED"
24919,"Product: JDT
Component: UI
Severity: enhancement
Priority: P3
Summary: quick fix: native methods do not specify a body either [quick fix]
Resolution: FIXED"
3578,"Product: JDT
Component: Debug
Severity: major
Priority: P1
Summary: DCR: Enable/Disable a breakpoint in vertical ruler of Java Editor (1GFQ6DY)
Resolution: FIXED"
289955,"Product: PDE
Component: UI
Severity: enhancement
Priority: P3
Summary: [templates] EventAdmin
Resolution: FIXED"
458141,"Product: Platform
Component: UI
Severity: major
Priority: P3
Summary: ProgressManagerUtil.getDefaultParent() does not honor splash shell -> new shell hidden behind splash screen
Resolution: FIXED"
405578,"Product: PDE
Component: UI
Severity: normal
Priority: P3
Summary: Eclipse4 prevents second app from starting when mixing -data
Resolution: FIXED"
6575,"Product: JDT
Component: Debug
Severity: normal
Priority: P3
Summary: JDIDebugTarget not cleaned up on shutdown
Resolution: FIXED"
5114,"Product: JDT
Component: Debug
Severity: normal
Priority: P1
Summary: Add exception dialog ignores caught/uncaught selection
Resolution: FIXED"
441495,"Product: JDT
Component: UI
Severity: normal
Priority: P3
Summary: PreTVT44: (bidi) ""Original Source"" and ""Refactored Source"" in API Tools Javadoc Conversion panel are not mirrored and incorrect text orientation is found
Resolution: FIXED"
146951,"Product: Platform
Component: UI
Severity: major
Priority: P2
Summary: [EditorMgmt] Files shown with wrong icons in the navigator
Resolution: FIXED"
49016,"Product: Platform
Component: Ant
Severity: normal
Priority: P3
Summary: [Ant view] Missing acclerator keys
Resolution: FIXED"
66033,"Product: Platform
Component: Debug
Severity: enhancement
Priority: P3
Summary: Move isAutoManageViews() to LaunchViewContextListener
Resolution: FIXED"
340945,"Product: JDT
Component: Core
Severity: enhancement
Priority: P3
Summary: Extension Request of JavaContentAssistInvocationContext
Resolution: FIXED"
5367,"Product: JDT
Component: Debug
Severity: normal
Priority: P1
Summary: Meaningless brackets presented with primitive display options
Resolution: FIXED"
24453,"Product: JDT
Component: Core
Severity: critical
Priority: P2
Summary: ast: problems with missing ParenthesizedExpression nodes
Resolution: FIXED"
44452,"Product: JDT
Component: UI
Severity: normal
Priority: P3
Summary: I20031008: NPE in organize imports [code manipulation]
Resolution: FIXED"
94650,"Product: JDT
Component: UI
Severity: normal
Priority: P3
Summary: DBCS3.1: JUnit example build error
Resolution: FIXED"
313489,"Product: PDE
Component: UI
Severity: critical
Priority: P3
Summary: Plug-in import failed: could not delete files (JAR) / target out of sync
Resolution: FIXED"
109039,"Product: Platform
Component: Team
Severity: normal
Priority: P3
Summary: [Sync  View] Refresh (F5) does not refresh but start synchronizing
Resolution: FIXED"
192212,"Product: Platform
Component: Debug
Severity: normal
Priority: P3
Summary: Screenshots out of date in isv doc
Resolution: FIXED"
10282,"Product: Platform
Component: Debug
Severity: normal
Priority: P1
Summary: Rendering of changed variables
Resolution: FIXED"
47232,"Product: JDT
Component: Debug
Severity: normal
Priority: P3
Summary: classpath tab error  does not disappear
Resolution: FIXED"
65067,"Product: Platform
Component: Debug
Severity: normal
Priority: P3
Summary: switch perspective when breakpoint hit not honored
Resolution: FIXED"
23488,"Product: JDT
Component: UI
Severity: enhancement
Priority: P1
Summary: move inner to top level - cannot handle some type accesses [refactoring]
Resolution: FIXED"
6991,"Product: JDT
Component: Debug
Severity: critical
Priority: P1
Summary: Hot keys do not work for inspect/display in scrapbook
Resolution: FIXED"
344554,"Product: PDE
Component: UI
Severity: normal
Priority: P3
Summary: Remove property doesnt works after edit
Resolution: FIXED"
181642,"Product: Platform
Component: UI
Severity: enhancement
Priority: P3
Summary: [Viewers] [JFace] Why doesn't BaseLabelProvider.dispose() call clearListeners()?
Resolution: FIXED"
130982,"Product: JDT
Component: Core
Severity: major
Priority: P2
Summary: META-INF directories shown as empty META-INF.* packages in J2EE Navigator
Resolution: FIXED"
8337,"Product: JDT
Component: Debug
Severity: normal
Priority: P1
Summary: HotSwap: Two error dialogs redefining class during debug on 1.4
Resolution: FIXED"
423704,"Product: Platform
Component: UI
Severity: normal
Priority: P3
Summary: [CSS] Update the classic theme to use the default color and font definitions
Resolution: FIXED"
381647,"Product: Platform
Component: Releng
Severity: normal
Priority: P2
Summary: Disable Versioning Compare Tool test
Resolution: FIXED"
165528,"Product: Platform
Component: UI
Severity: normal
Priority: P3
Summary: [QuickAccess] We should only list enabled commands / actions
Resolution: FIXED"
54756,"Product: Platform
Component: Ant
Severity: enhancement
Priority: P3
Summary: add *.macrodef & *.ent to editor's file associations
Resolution: FIXED"
12784,"Product: JDT
Component: Debug
Severity: normal
Priority: P1
Summary: String.startsWith(String) creates bad compilation error
Resolution: FIXED"
168901,"Product: Platform
Component: UI
Severity: normal
Priority: P3
Summary: [QuickAccess] Quick Access Dialog should include properties
Resolution: FIXED"
94210,"Product: Platform
Component: SWT
Severity: normal
Priority: P3
Summary: Multiple expansion broken in trees
Resolution: FIXED"
283682,"Product: PDE
Component: UI
Severity: major
Priority: P3
Summary: NPE when product does not want to show filter
Resolution: FIXED"
33381,"Product: JDT
Component: UI
Severity: normal
Priority: P2
Summary: Package explorer context menu enablement not updated on project close/open
Resolution: FIXED"
11246,"Product: JDT
Component: Debug
Severity: normal
Priority: P2
Summary: Exception during launch
Resolution: FIXED"
149891,"Product: Platform
Component: Debug
Severity: major
Priority: P3
Summary: SourceLookupFacility should use IEditorMatchingStrategy
Resolution: FIXED"
184910,"Product: Platform
Component: UI
Severity: normal
Priority: P3
Summary: [Workbench] stack trace in UI when starting eclipse compiled with 1.6 settings from source build
Resolution: FIXED"
92748,"Product: JDT
Component: UI
Severity: normal
Priority: P3
Summary: [quick assist] 'inverse conditions', 'pull negation up' proposed on parameter declaration
Resolution: FIXED"
352804,"Product: PDE
Component: UI
Severity: normal
Priority: P3
Summary: [target] NPE in LoadTargetDefinitionJob#handleReload
Resolution: FIXED"
45356,"Product: JDT
Component: Text
Severity: normal
Priority: P2
Summary: [typing] IndentAction: Pressing Tab at document begin gives IAE
Resolution: FIXED"
20233,"Product: Platform
Component: UI
Severity: normal
Priority: P2
Summary: [Coolbar] Coolbar is not saved with the perspective.
Resolution: FIXED"
5813,"Product: JDT
Component: Text
Severity: normal
Priority: P2
Summary: [navigation] Double-click in outline should activate editor
Resolution: FIXED"
23171,"Product: JDT
Component: Debug
Severity: enhancement
Priority: P3
Summary: Method entry breakpoints on abstract methods
Resolution: FIXED"
20260,"Product: JDT
Component: Debug
Severity: normal
Priority: P1
Summary: TVT2: corrupted characters in java prefs page
Resolution: FIXED"
64175,"Product: Platform
Component: Ant
Severity: normal
Priority: P3
Summary: Differences in Xerces and Crimson parsing breaks external entity handling
Resolution: FIXED"
308539,"Product: JDT
Component: Debug
Severity: major
Priority: P1
Summary: Debug creates many ASTs with bindings on Save
Resolution: FIXED"
285821,"Product: Platform
Component: Text
Severity: normal
Priority: P3
Summary: [find/replace] 'Replace All' does not replace all
Resolution: FIXED"
21456,"Product: Platform
Component: SWT
Severity: normal
Priority: P2
Summary: GTK: Cannot type in Text widget contained in Shell which has style bit as NO_TRIM
Resolution: FIXED"
232100,"Product: JDT
Component: UI
Severity: normal
Priority: P3
Summary: [quick fix] Static import of non existing method proposes to create type
Resolution: FIXED"
63253,"Product: Platform
Component: UI
Severity: normal
Priority: P2
Summary: [Dialogs] ""Go to line"" dialog renders white block
Resolution: FIXED"
429886,"Product: Platform
Component: IDE
Severity: normal
Priority: P3
Summary: [Import/Export] Import wizard hides projects located in workspace folder instead of workspace
Resolution: FIXED"
7204,"Product: Platform
Component: Debug
Severity: normal
Priority: P3
Summary: Copy variables action needs icon
Resolution: FIXED"
82993,"Product: Platform
Component: Debug
Severity: normal
Priority: P3
Summary: ""show qualified names"" broken in breakpoints view
Resolution: FIXED"
217800,"Product: JDT
Component: Text
Severity: major
Priority: P2
Summary: [breadcrumb] Exception when selecting entry from dropdown
Resolution: FIXED"
33034,"Product: JDT
Component: UI
Severity: normal
Priority: P2
Summary: Deleting methods from inner classes does not update members view
Resolution: FIXED"
14928,"Product: Platform
Component: UI
Severity: normal
Priority: P2
Summary: [Workbench] [Doc] Need to document command line parameters
Resolution: FIXED"
38529,"Product: JDT
Component: Debug
Severity: blocker
Priority: P1
Summary: UI locks up toggling on the variable filters
Resolution: FIXED"
22499,"Product: JDT
Component: UI
Severity: major
Priority: P3
Summary: Code assist mangles/truncates import statements [code manipulation]
Resolution: FIXED"
40935,"Product: Platform
Component: Ant
Severity: normal
Priority: P2
Summary: BUILD FAILED message with ant: handling ""-Debug""
Resolution: FIXED"
19226,"Product: PDE
Component: UI
Severity: normal
Priority: P2
Summary: F2 build, E3.2 test feature not listed in the add feature dialog
Resolution: FIXED"
366855,"Product: Platform
Component: UI
Severity: normal
Priority: P3
Summary: MenuHelper.getIconURI() has no provision for non-File- or URL-based imagedescriptors
Resolution: FIXED"
395839,"Product: Platform
Component: UI
Severity: normal
Priority: P3
Summary: AbstractEList$BasicIndexOutOfBoundsException when opening a context menu
Resolution: FIXED"
60751,"Product: PDE
Component: UI
Severity: major
Priority: P3
Summary: [Site Editor] UI still thinks it's on source page when on GUI page
Resolution: FIXED"
77472,"Product: Platform
Component: Debug
Severity: normal
Priority: P3
Summary: NPE in TextConsolePage runnable
Resolution: FIXED"
29545,"Product: JDT
Component: Debug
Severity: normal
Priority: P2
Summary: auto-discover source root paths
Resolution: FIXED"
110481,"Product: Platform
Component: Compare
Severity: enhancement
Priority: P3
Summary: Ability for Apply Patch wizard to work with multiple-project patches
Resolution: FIXED"
42222,"Product: Platform
Component: Ant
Severity: normal
Priority: P3
Summary: Separate VM console output  not showing till end
Resolution: FIXED"
6454,"Product: JDT
Component: UI
Severity: enhancement
Priority: P3
Summary: Have option for showing packages hierarchically
Resolution: FIXED"
90425,"Product: JDT
Component: UI
Severity: normal
Priority: P3
Summary: Code Templates preference pages show recursive links between project-specific and workspace settings
Resolution: FIXED"
38370,"Product: JDT
Component: Debug
Severity: normal
Priority: P2
Summary: default classpath problems with security provider (SunJCE)
Resolution: FIXED"
166706,"Product: Platform
Component: UI
Severity: normal
Priority: P3
Summary: [Databinding] WritableList.clear() does not clear the list
Resolution: FIXED"
18797,"Product: JDT
Component: Debug
Severity: normal
Priority: P2
Summary: Evaluation that hits breakpoint confuses debugging
Resolution: FIXED"
217304,"Product: PDE
Component: UI
Severity: normal
Priority: P3
Summary: [p2] Support source.bundles.txt in p2 installs
Resolution: FIXED"
368027,"Product: JDT
Component: Core
Severity: normal
Priority: P3
Summary: NPE while running builder 'Java Builder'
Resolution: INVALID"
13054,"Product: JDT
Component: UI
Severity: normal
Priority: P2
Summary: ConcurrentModificationException while editing
Resolution: FIXED"
89429,"Product: Platform
Component: Debug
Severity: enhancement
Priority: P3
Summary: Make the SourceLookupUIUtils class public
Resolution: FIXED"
13441,"Product: JDT
Component: Debug
Severity: normal
Priority: P2
Summary: Rename launch config, then save leaves wrong selection
Resolution: FIXED"
12997,"Product: JDT
Component: Debug
Severity: normal
Priority: P2
Summary: AST eval can use java debug model directly
Resolution: FIXED"
196635,"Product: JDT
Component: UI
Severity: normal
Priority: P3
Summary: [pull up] Internal Error with Refactor > Pull Up (ArrayStoreException)
Resolution: FIXED"
145766,"Product: Platform
Component: Debug
Severity: normal
Priority: P3
Summary: [launching] Launch configuration change dialog appears twice
Resolution: FIXED"
262849,"Product: Platform
Component: Debug
Severity: normal
Priority: P3
Summary: [launching] Select Preferred Launcher dialog is somewhat confusing.
Resolution: FIXED"
55358,"Product: Platform
Component: Ant
Severity: normal
Priority: P3
Summary: Create templates for commonly used tasks and types.
Resolution: FIXED"
163543,"Product: JDT
Component: UI
Severity: enhancement
Priority: P3
Summary: [preferences] Allow exporting of compiler settings
Resolution: FIXED"
367796,"Product: PDE
Component: UI
Severity: normal
Priority: P3
Summary: Backport Bug 355890 - Target platform does not recognize bundles with extension other than *.jar
Resolution: FIXED"
80555,"Product: Platform
Component: Ant
Severity: normal
Priority: P3
Summary: Ant debugger does not respect skip breakpoints pref
Resolution: FIXED"
355946,"Product: Platform
Component: UI
Severity: normal
Priority: P3
Summary: [CSS] ""View and Editor Folders"" color preferences don't work
Resolution: FIXED"
152397,"Product: JDT
Component: Text
Severity: normal
Priority: P3
Summary: [typing] java.lang.IllegalArgumentException: Index out of bounds
Resolution: FIXED"
126729,"Product: JDT
Component: Debug
Severity: normal
Priority: P2
Summary: [jres] unable to retrieve system properties
Resolution: FIXED"
431744,"Product: Platform
Component: UI
Severity: normal
Priority: P3
Summary: [CSS] Support using multiple CSS engines
Resolution: FIXED"
189665,"Product: Platform
Component: Debug
Severity: normal
Priority: P2
Summary: IProcess label not displayed in debug view
Resolution: FIXED"
97196,"Product: JDT
Component: UI
Severity: normal
Priority: P3
Summary: [quick fix] visibility linked proposals eat space
Resolution: FIXED"
83238,"Product: Platform
Component: Debug
Severity: normal
Priority: P3
Summary: [Breakpoint Groups] Breakpoint actions
Resolution: FIXED"
429420,"Product: PDE
Component: UI
Severity: enhancement
Priority: P3
Summary: Manifest Extensions editor should indicate deprecated extension elements
Resolution: FIXED"
9012,"Product: JDT
Component: Debug
Severity: normal
Priority: P1
Summary: StringIndexOutOfBoundsException in OpenOnConsoleTypeAction.parseSelection
Resolution: FIXED"
1768,"Product: JDT
Component: Debug
Severity: critical
Priority: P1
Summary: Variables view stays empty with stack frame selected (1GLE8PW)
Resolution: FIXED"
12339,"Product: JDT
Component: Debug
Severity: critical
Priority: P1
Summary: NPE when i switch to debug perspective
Resolution: FIXED"
303624,"Product: Platform
Component: Compare
Severity: normal
Priority: P3
Summary: [Apply Patch] Wizard shows unnecessary error dialog when applying workspace patch to file
Resolution: FIXED"
38325,"Product: Platform
Component: Debug
Severity: normal
Priority: P2
Summary: Launch variable not removed from table on remove
Resolution: FIXED"
331485,"Product: PDE
Component: UI
Severity: major
Priority: P3
Summary: Extension editor scrambles plugin.xml
Resolution: FIXED"
95791,"Product: Platform
Component: Debug
Severity: normal
Priority: P3
Summary: [view management] Context enablement efficiency
Resolution: FIXED"
178334,"Product: Platform
Component: Text
Severity: normal
Priority: P3
Summary: [typing] Join lines should reveal cursor
Resolution: FIXED"
41434,"Product: JDT
Component: Core
Severity: critical
Priority: P2
Summary: [msic] Slow Down using classes with many methods
Resolution: FIXED"
62757,"Product: Platform
Component: UI
Severity: normal
Priority: P2
Summary: [Progress] busyCursorWhile uses a null shell
Resolution: FIXED"
66593,"Product: JDT
Component: Text
Severity: major
Priority: P3
Summary: NPE in JavaDocCompletionProcessor
Resolution: FIXED"
77526,"Product: Platform
Component: UI
Severity: normal
Priority: P2
Summary: [BiDi] [WorkbenchLauncher] Workbench startup dialog does not support BIDI
Resolution: FIXED"
41675,"Product: Platform
Component: Debug
Severity: major
Priority: P2
Summary: breakpoints no longer visible in overview ruler
Resolution: FIXED"
453894,"Product: PDE
Component: UI
Severity: normal
Priority: P3
Summary: [patch] Import from Repository not available in External Plug-ins container
Resolution: FIXED"
286177,"Product: Platform
Component: User Assistance
Severity: enhancement
Priority: P3
Summary: [Webapp] Allow additional views to be added to the help webapp
Resolution: FIXED"
29151,"Product: JDT
Component: Core
Severity: major
Priority: P2
Summary: NPE in Surround with try/catch block [refactoring]
Resolution: FIXED"
51215,"Product: Platform
Component: Ant
Severity: major
Priority: P2
Summary: fix partioner to handle angle brackets in attribute values.
Resolution: FIXED"
225278,"Product: Platform
Component: UI
Severity: normal
Priority: P3
Summary: Styled label providers are broken for controls with custom orientation
Resolution: FIXED"
16956,"Product: Platform
Component: Debug
Severity: normal
Priority: P2
Summary: NPE opening java perspective.
Resolution: FIXED"
31369,"Product: Platform
Component: Ant
Severity: normal
Priority: P2
Summary: External Processes are not typed
Resolution: FIXED"
159940,"Product: Platform
Component: UI
Severity: normal
Priority: P3
Summary: [DataBinding] DataBindingContext shouldn't expose the bindings list as a mutable list
Resolution: FIXED"
1559,"Product: JDT
Component: Debug
Severity: normal
Priority: P3
Summary: Debugger doesn't pop to front when breakpoint hit (1GD7P7D)
Resolution: FIXED"
51937,"Product: Platform
Component: Ant
Severity: normal
Priority: P2
Summary: Widget is disposed problem possible from BuilderPropertyPage
Resolution: FIXED"
387276,"Product: Platform
Component: Team
Severity: normal
Priority: P3
Summary: History view updates too often and does not track selection correctly
Resolution: FIXED"
65392,"Product: Platform
Component: Text
Severity: normal
Priority: P3
Summary: [projection] ReplaceAll not working after last collapsed annotation
Resolution: FIXED"
89865,"Product: Platform
Component: Debug
Severity: normal
Priority: P2
Summary: Poor debug performance in I20050330-0500
Resolution: FIXED"
37545,"Product: JDT
Component: Debug
Severity: major
Priority: P2
Summary: Wrong type gets opened in editor
Resolution: FIXED"
27403,"Product: Platform
Component: Debug
Severity: enhancement
Priority: P3
Summary: Should consider using the new font propogation support
Resolution: FIXED"
384425,"Product: Platform
Component: Runtime
Severity: blocker
Priority: P2
Summary: EclipseContext.getActive() incorrectly resolves lookups in the ancestor
Resolution: FIXED"
388489,"Product: Platform
Component: Releng
Severity: normal
Priority: P2
Summary: Update EMF pre-req for Juno SR1
Resolution: FIXED"
20724,"Product: Platform
Component: Releng
Severity: normal
Priority: P1
Summary: legal files are not accessible
Resolution: FIXED"
20895,"Product: Platform
Component: UI
Severity: critical
Priority: P1
Summary: [Editor Mgmt] SWTException in WorkbenchWindow opening a editor.
Resolution: FIXED"
60859,"Product: Platform
Component: Debug
Severity: minor
Priority: P3
Summary: ""Project Selection"" dialog does not resize
Resolution: FIXED"
65826,"Product: Platform
Component: Search
Severity: normal
Priority: P2
Summary: search for ""*"" does too much work (and provides too many hits)
Resolution: FIXED"
202564,"Product: Platform
Component: Debug
Severity: normal
Priority: P3
Summary: MessageConsole.clearConsole() flushes output queued up after the clearConsole call
Resolution: FIXED"
67043,"Product: Platform
Component: Text
Severity: major
Priority: P2
Summary: [projection] IllegalStateException in ProjectionTextStore.get()
Resolution: FIXED"
167644,"Product: JDT
Component: UI
Severity: major
Priority: P3
Summary: [build path] no feedback when removing source attachement
Resolution: FIXED"
420612,"Product: Platform
Component: IDE
Severity: normal
Priority: P3
Summary: ""Show view menu"" command doesn't work any more
Resolution: FIXED"
90521,"Product: Platform
Component: UI
Severity: normal
Priority: P2
Summary: [Import/Export] NumberFormatException during import zip file
Resolution: FIXED"
90579,"Product: Platform
Component: UI
Severity: major
Priority: P2
Summary: [Preferences] unable to search DBCS on Properties and Preferences
Resolution: FIXED"
77994,"Product: Platform
Component: Debug
Severity: normal
Priority: P3
Summary: TextConsoleViewer leaks ConsoleDocumentAdapter
Resolution: FIXED"
23972,"Product: Platform
Component: Ant
Severity: normal
Priority: P1
Summary: [antrunner] NPE with XmlLogger as listener
Resolution: FIXED"
428642,"Product: JDT
Component: Core
Severity: normal
Priority: P3
Summary: [1.8][compiler]  java.lang.IllegalArgumentException: Invalid lambda deserialization exception
Resolution: FIXED"
188246,"Product: JDT
Component: Doc
Severity: trivial
Priority: P3
Summary: The call hierarchy topic description should not repeat the view name
Resolution: FIXED"
44109,"Product: JDT
Component: Debug
Severity: normal
Priority: P3
Summary: Cannot ""Toggle Method Breakpoint"" before other breakpoint is set
Resolution: FIXED"
120820,"Product: Platform
Component: Text
Severity: trivial
Priority: P2
Summary: [misc] Text manifest clean-up
Resolution: FIXED"
29677,"Product: Platform
Component: Ant
Severity: enhancement
Priority: P3
Summary: Need A Way To Run Ant Instead of The Default Java Builder
Resolution: FIXED"
57600,"Product: Platform
Component: UI
Severity: major
Priority: P2
Summary: New user progress dialog needs to check if it needs to close
Resolution: FIXED"
126563,"Product: Platform
Component: UI
Severity: major
Priority: P1
Summary: [Contexts] Window context stays active when find/replace dialog open
Resolution: FIXED"
492681,"Product: Platform
Component: UI
Severity: enhancement
Priority: P3
Summary: [Wizards] Wizard filter should search descriptions
Resolution: FIXED"
71016,"Product: Platform
Component: UI
Severity: critical
Priority: P1
Summary: infinitely prompty dialog
Resolution: FIXED"
11989,"Product: JDT
Component: UI
Severity: normal
Priority: P2
Summary: Incorrect code assist on Array -> Arrays
Resolution: FIXED"
354875,"Product: Platform
Component: UI
Severity: major
Priority: P3
Summary: [Compatibility] Many exceptions logged when opening a .ecorediag file
Resolution: FIXED"
55486,"Product: Platform
Component: UI
Severity: critical
Priority: P1
Summary: Alt+- does not open a proper system menu
Resolution: FIXED"
201086,"Product: Platform
Component: UI
Severity: normal
Priority: P3
Summary: [QuickAccess] Quick Access has problems with non-default dialog font
Resolution: FIXED"
71441,"Product: JDT
Component: Debug
Severity: normal
Priority: P3
Summary: DebugException: Unable to retrieve stack frame - thread not suspended
Resolution: FIXED"
58426,"Product: Platform
Component: Ant
Severity: normal
Priority: P3
Summary: NPE in PartiallySynchronizedDocument.replace(..)
Resolution: FIXED"
29854,"Product: Platform
Component: UI
Severity: normal
Priority: P2
Summary: [Dialogs] ResourceListSelectionDialog should match open type wildcard behavior
Resolution: FIXED"
265394,"Product: JDT
Component: Text
Severity: major
Priority: P3
Summary: [implementation] Cannot save a Java file that is not in on the Java build path
Resolution: FIXED"
67890,"Product: Platform
Component: UI
Severity: normal
Priority: P2
Summary: [PropertiesView] Exception when entries added to properties view
Resolution: FIXED"
333660,"Product: Platform
Component: Text
Severity: normal
Priority: P3
Summary: [implementation] FileStoreTextFileBuffer eats IOException on external file save
Resolution: FIXED"
78094,"Product: JDT
Component: Debug
Severity: normal
Priority: P3
Summary: DisplayViewerConfiguration uses deprecated super constructor
Resolution: FIXED"
25649,"Product: Platform
Component: Ant
Severity: enhancement
Priority: P2
Summary: Add action to add ant project to ant view
Resolution: FIXED"
124569,"Product: JDT
Component: Text
Severity: enhancement
Priority: P3
Summary: [projection] expose projection model updater on JavaEditor
Resolution: FIXED"
256889,"Product: Platform
Component: UI
Severity: major
Priority: P3
Summary: [Viewers] [table] IAE (Index out of bounds) after selecting rows in virtual TableViewer
Resolution: FIXED"
14276,"Product: JDT
Component: UI
Severity: normal
Priority: P2
Summary: Insert single propsal insert too soon
Resolution: FIXED"
6192,"Product: JDT
Component: Debug
Severity: normal
Priority: P3
Summary: Missing debug icons
Resolution: FIXED"
212798,"Product: Platform
Component: Debug
Severity: major
Priority: P3
Summary: Thread collapsed unexpectedly as threads are terminated
Resolution: FIXED"
35246,"Product: JDT
Component: UI
Severity: normal
Priority: P2
Summary: NPE selecting Javadoc location for a JAR
Resolution: FIXED"
84783,"Product: Platform
Component: SWT
Severity: normal
Priority: P3
Summary: Directory dialog does not deal with non-UTF8 filenames
Resolution: FIXED"
228716,"Product: Platform
Component: Debug
Severity: normal
Priority: P3
Summary: breakpoints view context activated for any part
Resolution: FIXED"
71742,"Product: Platform
Component: UI
Severity: critical
Priority: P1
Summary: [IDE] use long-running operations to set encoding
Resolution: FIXED"
16694,"Product: JDT
Component: UI
Severity: major
Priority: P2
Summary: Refactor->Extract Method does not generate method sig with [].
Resolution: FIXED"
65435,"Product: JDT
Component: UI
Severity: normal
Priority: P3
Summary: Bad performance display the hierarchy of java.lang.Object in the hierarchy view [type hierarchy]
Resolution: FIXED"
55003,"Product: Platform
Component: Ant
Severity: normal
Priority: P3
Summary: Nodes with warnings have error icon
Resolution: FIXED"
30596,"Product: Platform
Component: Ant
Severity: normal
Priority: P2
Summary: Fixes for the Ant Editor Tests
Resolution: FIXED"
437931,"Product: PDE
Component: UI
Severity: normal
Priority: P3
Summary: ""Compare With -> API Baseline"" is shown, even for non project types
Resolution: FIXED"
381905,"Product: Platform
Component: Team
Severity: normal
Priority: P3
Summary: Unexternalized Auth boolean values for network connections
Resolution: FIXED"
76064,"Product: Platform
Component: UI
Severity: normal
Priority: P3
Summary: [WorkbenchLauncher] Workspace Launcher dialog does not use dialog font
Resolution: FIXED"
376269,"Product: Platform
Component: UI
Severity: major
Priority: P1
Summary: Editor Mapping Lookup in EditorRegistry assume file extension is not empty
Resolution: FIXED"
225425,"Product: Platform
Component: UI
Severity: normal
Priority: P3
Summary: [DataBinding] Load of known null value in CompositeMap
Resolution: FIXED"
114891,"Product: JDT
Component: UI
Severity: normal
Priority: P3
Summary: Simple compare error in CoreUtility.java
Resolution: FIXED"
16313,"Product: JDT
Component: Debug
Severity: normal
Priority: P1
Summary: NPE out of StandardSourcePathProvider
Resolution: FIXED"
113841,"Product: JDT
Component: UI
Severity: normal
Priority: P3
Summary: [type hierarchy] Long UI freeze when clicking in outline after starutp
Resolution: FIXED"
301530,"Product: JDT
Component: UI
Severity: normal
Priority: P3
Summary: [jar exporter] JAR from build path not exported when creating a JAR
Resolution: FIXED"
499980,"Product: Platform
Component: Text
Severity: normal
Priority: P3
Summary: [content assist] Potential NPE below CompletionProposalPopup.computeProposals if no proposals possible
Resolution: FIXED"
178667,"Product: Platform
Component: UI
Severity: normal
Priority: P3
Summary: [DataBinding] error message printed to stdout when running test suite
Resolution: FIXED"
63125,"Product: Platform
Component: Ant
Severity: normal
Priority: P3
Summary: Problem from import not reported correctly
Resolution: FIXED"
48502,"Product: JDT
Component: Core
Severity: normal
Priority: P2
Summary: Exception during ""Java AST creation""
Resolution: FIXED"
64108,"Product: JDT
Component: Text
Severity: major
Priority: P2
Summary: Javadoc keywords settings no longer work in Java Editor
Resolution: FIXED"
304006,"Product: JDT
Component: Core
Severity: enhancement
Priority: P3
Summary: [code assist] Autocast after instanceof feature doesnt work in some cases.
Resolution: FIXED"
11026,"Product: JDT
Component: UI
Severity: normal
Priority: P2
Summary: extract local variable: incorrect on some boolean expressions
Resolution: FIXED"
134564,"Product: Platform
Component: CVS
Severity: normal
Priority: P2
Summary: [Commit] Commit consults model provider after wizard
Resolution: FIXED"
494998,"Product: PDE
Component: UI
Severity: minor
Priority: P3
Summary: Schema description wrong for fully-qualified extension points
Resolution: FIXED"
99435,"Product: JDT
Component: Text
Severity: major
Priority: P2
Summary: [implementation] Java editor leaking annotation model
Resolution: FIXED"
21857,"Product: JDT
Component: UI
Severity: normal
Priority: P3
Summary: Javadoc code completion does not work for public method of public inner class
Resolution: FIXED"
10444,"Product: JDT
Component: Debug
Severity: normal
Priority: P2
Summary: Reuse the same editor in Debug Perspective
Resolution: FIXED"
143579,"Product: JDT
Component: Debug
Severity: major
Priority: P2
Summary: Adding library fails when contributing 2 VMs
Resolution: FIXED"
126839,"Product: Platform
Component: UI
Severity: normal
Priority: P1
Summary: [DataBinding] IObservable refactoring
Resolution: FIXED"
53398,"Product: Platform
Component: UI
Severity: normal
Priority: P2
Summary: [Coolbar] ""Widget is Disposed"" Error when using GTK UI
Resolution: WORKSFORME"
171019,"Product: JDT
Component: Core
Severity: enhancement
Priority: P3
Summary: [javadoc][select] F3 on {@inheritDoc} tag should navigate to target javadoc
Resolution: FIXED"
255076,"Product: Platform
Component: UI
Severity: normal
Priority: P3
Summary: [EditorMgmt] File icon not updated when file changed (content change or move/rename)
Resolution: FIXED"
126938,"Product: JDT
Component: Debug
Severity: normal
Priority: P3
Summary: Cannot import Installed JREs from preference file
Resolution: FIXED"
77844,"Product: JDT
Component: UI
Severity: normal
Priority: P3
Summary: CCE in UnimplementedMethodsCompletionProposal for X implements Set<String>
Resolution: FIXED"
369246,"Product: JDT
Component: Doc
Severity: trivial
Priority: P3
Summary: Update doc for null analysis
Resolution: FIXED"
198101,"Product: Platform
Component: UI
Severity: major
Priority: P3
Summary: [DataBinding] ComboObservableValue fails to clear cached value
Resolution: FIXED"
26131,"Product: JDT
Component: Debug
Severity: normal
Priority: P2
Summary: Eval: cannot cast to an array type
Resolution: FIXED"
50607,"Product: JDT
Component: UI
Severity: enhancement
Priority: P3
Summary: [extract method] Name ambiguous return value in error message
Resolution: FIXED"
97204,"Product: JDT
Component: UI
Severity: normal
Priority: P3
Summary: [wizard] Add Access restriction dialog wording
Resolution: FIXED"
74024,"Product: Platform
Component: Debug
Severity: normal
Priority: P3
Summary: Console buffer implementation is line based rather than char based
Resolution: FIXED"
18412,"Product: JDT
Component: UI
Severity: normal
Priority: P1
Summary: Type hierarchy should support JavaModel as input
Resolution: FIXED"
89946,"Product: Platform
Component: Text
Severity: major
Priority: P2
Summary: NPE in ProjectionViewer.widgetSelection2ModelSelection
Resolution: FIXED"
191467,"Product: Platform
Component: UI
Severity: major
Priority: P2
Summary: [KeyBindings] New keys preference page doesn't link to help
Resolution: FIXED"
282622,"Product: PDE
Component: UI
Severity: normal
Priority: P3
Summary: [target] Edit Target dialog does not use sentence case
Resolution: FIXED"
27591,"Product: Platform
Component: Debug
Severity: normal
Priority: P3
Summary: [Console] Hyperlink color not used
Resolution: FIXED"
119524,"Product: JDT
Component: Text
Severity: major
Priority: P2
Summary: [content assist] Internal error invoking content assist in scrapbook
Resolution: DUPLICATE"
201908,"Product: JDT
Component: UI
Severity: normal
Priority: P3
Summary: Generate serial version ID broken
Resolution: FIXED"
137537,"Product: Platform
Component: Text
Severity: normal
Priority: P2
Summary: [content assist] auto-activated and manual assist collide when assist cycling is enabled
Resolution: FIXED"
19104,"Product: JDT
Component: UI
Severity: major
Priority: P2
Summary: Basket for problems with .java files outside build path
Resolution: FIXED"
132215,"Product: Platform
Component: UI
Severity: major
Priority: P2
Summary: [KeyBindings] SelectAll doesn't work in Swing widgets in dialogs
Resolution: FIXED"
202678,"Product: Platform
Component: Debug
Severity: enhancement
Priority: P3
Summary: IViewerUpdate should have a method to return viewer input.
Resolution: FIXED"
136915,"Product: JDT
Component: UI
Severity: normal
Priority: P3
Summary: [build path] Default output folder changed when assigning a src output folder
Resolution: FIXED"
383668,"Product: JDT
Component: Core
Severity: normal
Priority: P3
Summary: When editing a groovy file, a NullPointerException occurs when autocompleting member functions of a Java object.
Resolution: WORKSFORME"
178634,"Product: JDT
Component: Debug
Severity: normal
Priority: P1
Summary: Deadlock while launching tests just after having started my workspace
Resolution: FIXED"
62938,"Product: JDT
Component: UI
Severity: normal
Priority: P3
Summary: quick fix list should pre-select what's already filled in [quick fix]
Resolution: FIXED"
321304,"Product: JDT
Component: Core
Severity: normal
Priority: P3
Summary: [null][correlation]Compiler indirectly marks null pointer access
Resolution: WONTFIX"
28141,"Product: Platform
Component: UI
Severity: normal
Priority: P3
Summary: [Editor management] editorList selection
Resolution: FIXED"
27810,"Product: Platform
Component: Ant
Severity: normal
Priority: P3
Summary: BuilderPropertyPage makes multiple dispatching listeners
Resolution: FIXED"
33491,"Product: Platform
Component: Debug
Severity: normal
Priority: P2
Summary: Show type names not working
Resolution: FIXED"
390070,"Product: Platform
Component: Releng
Severity: normal
Priority: P2
Summary: improve description for 4.2 to 4.3 update
Resolution: FIXED"
416245,"Product: Platform
Component: IDE
Severity: normal
Priority: P3
Summary: AssertionFailedException when activating Tasks view
Resolution: FIXED"
230391,"Product: JDT
Component: UI
Severity: normal
Priority: P3
Summary: [organize imports] unmatched packages group is always first
Resolution: FIXED"
174782,"Product: Platform
Component: Debug
Severity: normal
Priority: P3
Summary: firing model delta should notify root delta
Resolution: FIXED"
42555,"Product: JDT
Component: Debug
Severity: normal
Priority: P3
Summary: Tests for breakpoint location verification
Resolution: FIXED"
118423,"Product: JDT
Component: UI
Severity: normal
Priority: P3
Summary: [build path] Exception thrown in New Java Project Wizard
Resolution: FIXED"
43322,"Product: Platform
Component: Ant
Severity: normal
Priority: P3
Summary: [External Tools] Cannot create new 'program' config
Resolution: FIXED"
99459,"Product: Platform
Component: Search
Severity: normal
Priority: P3
Summary: 3.1: TCT 164 - Translation Clarification
Resolution: FIXED"
119170,"Product: JDT
Component: UI
Severity: minor
Priority: P3
Summary: [quickfix] ""change access to static"" fails when field or inner class hides static class name
Resolution: FIXED"
109432,"Product: JDT
Component: Debug
Severity: major
Priority: P2
Summary: incorrect bootpath in eclipse.ini
Resolution: FIXED"
423648,"Product: JDT
Component: UI
Severity: normal
Priority: P3
Summary: Treat unrecognized future JDKs as source code compatible with the latest known JDK version
Resolution: FIXED"
352054,"Product: JDT
Component: UI
Severity: enhancement
Priority: P2
Summary: [1.7] Update New and Noteworthy
Resolution: FIXED"
15441,"Product: JDT
Component: Core
Severity: normal
Priority: P2
Summary: Important: Problem highlight is out of sync with compiler
Resolution: FIXED"
137738,"Product: Platform
Component: CVS
Severity: normal
Priority: P2
Summary: [History View] Refresh does not
Resolution: FIXED"
67620,"Product: Platform
Component: Debug
Severity: normal
Priority: P3
Summary: Breakpoints should not be shown in the overview ruler
Resolution: FIXED"
77302,"Product: JDT
Component: UI
Severity: normal
Priority: P2
Summary: Undo of rename of CU/Type is not  always rejected if file is dirty
Resolution: FIXED"
91327,"Product: Platform
Component: Text
Severity: normal
Priority: P3
Summary: [key binding] I18N: Shortcut for content assist conflicts with IME in Chinese
Resolution: FIXED"
436358,"Product: Platform
Component: UI
Severity: major
Priority: P3
Summary: Regressions from bug 432826: slow setTaskName on ProgressbarDialog on Linux and even worse on OSX
Resolution: FIXED"
83943,"Product: Platform
Component: UI
Severity: major
Priority: P2
Summary: [Decorators] Updates should be done one job per listener
Resolution: FIXED"
30932,"Product: Platform
Component: Ant
Severity: normal
Priority: P3
Summary: Restore defaults does not work for color preferences
Resolution: FIXED"
24710,"Product: Platform
Component: Ant
Severity: normal
Priority: P1
Summary: Custom ant task classes not found
Resolution: FIXED"
467463,"Product: Platform
Component: SWT
Severity: normal
Priority: P2
Summary: [BiDi] Implement contextual base text direction for StyledText
Resolution: FIXED"
372997,"Product: JDT
Component: Core
Severity: normal
Priority: P3
Summary: Invalid Java program compiles & runs in Eclipse
Resolution: DUPLICATE"
139152,"Product: JDT
Component: Debug
Severity: major
Priority: P2
Summary: [preferences] Java->Debug preference page validates uninitialized fields
Resolution: FIXED"
8624,"Product: JDT
Component: Text
Severity: enhancement
Priority: P2
Summary: [misc] Double click should auto select comment
Resolution: FIXED"
14495,"Product: Platform
Component: Debug
Severity: normal
Priority: P1
Summary: clipboards must be disposed
Resolution: FIXED"
88963,"Product: Platform
Component: Ant
Severity: normal
Priority: P3
Summary: Antcall and Ant references to targets not marked as occurrences
Resolution: FIXED"
180693,"Product: Platform
Component: UI
Severity: trivial
Priority: P3
Summary: [WorkbenchLauncher] ""untitled window"" while starting Eclipse
Resolution: FIXED"
100177,"Product: Platform
Component: UI
Severity: normal
Priority: P2
Summary: [Import/Export] Importing existing project with different case over existing project fails with empty error dialog
Resolution: FIXED"
188916,"Product: Platform
Component: User Assistance
Severity: major
Priority: P2
Summary: Web Browser cannot handle .xhtml files
Resolution: FIXED"
130822,"Product: Platform
Component: Team
Severity: normal
Priority: P2
Summary: [Model Sync] Prompt to save dirty editors
Resolution: FIXED"
92851,"Product: Platform
Component: UI
Severity: normal
Priority: P2
Summary: [Viewers] [api] protected field StructuredViewer.colorAndFontCollector
Resolution: FIXED"
48351,"Product: Platform
Component: UI
Severity: minor
Priority: P1
Summary: [KeyBindings] Resetting to defaults on the keys preference page doesn't set the key configuration
Resolution: FIXED"
24389,"Product: JDT
Component: Debug
Severity: normal
Priority: P2
Summary: Removing installed VMs doesn't work
Resolution: FIXED"
98710,"Product: JDT
Component: UI
Severity: normal
Priority: P3
Summary: Filter native library and access restriction attributes on jars in JRE containers
Resolution: FIXED"
170239,"Product: JDT
Component: UI
Severity: normal
Priority: P2
Summary: [extract superclass] IllegalArgumentException during Extract Superclass refactor
Resolution: FIXED"
395913,"Product: Platform
Component: UI
Severity: normal
Priority: P3
Summary: Show View dialog has 'ok' & 'cancel' button text all lower case
Resolution: FIXED"
21275,"Product: JDT
Component: UI
Severity: major
Priority: P3
Summary: Truncated import statements [code manipulation]
Resolution: FIXED"
31197,"Product: Platform
Component: Compare
Severity: normal
Priority: P3
Summary: Patch applied with wrong path
Resolution: DUPLICATE"
61166,"Product: JDT
Component: Debug
Severity: normal
Priority: P3
Summary: source not found
Resolution: FIXED"
1864,"Product: Platform
Component: UI
Severity: enhancement
Priority: P2
Summary: [Prefereces] preference to restart in fresh state (1G7HZJA)
Resolution: FIXED"
29954,"Product: JDT
Component: Debug
Severity: normal
Priority: P2
Summary: Can Step With Filters null pointer exception when want to debug..
Resolution: FIXED"
313354,"Product: PDE
Component: UI
Severity: normal
Priority: P3
Summary: [target] Finish button is enabled with nothing selected on add software site wizard
Resolution: FIXED"
266143,"Product: PDE
Component: UI
Severity: normal
Priority: P3
Summary: [target] Graphic is disposed exception has returned in implicit dependencies
Resolution: FIXED"
11236,"Product: JDT
Component: UI
Severity: major
Priority: P1
Summary: Problem painter crash
Resolution: FIXED"
250622,"Product: Platform
Component: SWT
Severity: normal
Priority: P3
Summary: org.eclipse.swt.printing.PrintDialog.open() returns 'null' for two different scenarios
Resolution: FIXED"
171700,"Product: Platform
Component: Debug
Severity: normal
Priority: P3
Summary: [launching] changing LCD filtering with last items elected throws exception
Resolution: FIXED"
25597,"Product: JDT
Component: Debug
Severity: normal
Priority: P2
Summary: Show/Hide qualified names not working
Resolution: FIXED"
115672,"Product: Platform
Component: UI
Severity: normal
Priority: P3
Summary: [Import/Export] Spaces in a tar file checksum confuse the tar importer
Resolution: FIXED"
139905,"Product: JDT
Component: UI
Severity: minor
Priority: P3
Summary: [junit] No tests found must not be logged
Resolution: FIXED"
33333,"Product: JDT
Component: Debug
Severity: normal
Priority: P3
Summary: Advanced Option dialog truncates drop-down list choices
Resolution: FIXED"
88737,"Product: Platform
Component: UI
Severity: normal
Priority: P2
Summary: [GlobalActions] Close All is disabled while an editor is open
Resolution: FIXED"
283346,"Product: Platform
Component: SWT
Severity: normal
Priority: P3
Summary: ""Hide Eclipse"" doesn't work properly
Resolution: FIXED"
139839,"Product: Platform
Component: Debug
Severity: critical
Priority: P2
Summary: [source lookup] disconnect from PDE source locator
Resolution: FIXED"
7639,"Product: JDT
Component: UI
Severity: normal
Priority: P1
Summary: NPE when renaming a local variable
Resolution: FIXED"
66586,"Product: JDT
Component: Debug
Severity: normal
Priority: P2
Summary: Debug-related views no longer ""come to front"" in non-debug perspective
Resolution: FIXED"
118075,"Product: Platform
Component: Debug
Severity: enhancement
Priority: P3
Summary: CommonSourceNotFoundEditor needs to be public
Resolution: FIXED"
399291,"Product: JDT
Component: Text
Severity: normal
Priority: P3
Summary: JME in Javadoc hover in compare editor (old Git version)
Resolution: FIXED"
5653,"Product: JDT
Component: Debug
Severity: normal
Priority: P2
Summary: DCR: Debugger should catch uncaught exception by default
Resolution: FIXED"
423220,"Product: Platform
Component: SWT
Severity: normal
Priority: P3
Summary: [GTK3] SWT_GTK3 variable has inconsistent effect between 4.3 and 4.4
Resolution: FIXED"
61729,"Product: Platform
Component: Text
Severity: major
Priority: P2
Summary: NPE in OverviewRuler
Resolution: FIXED"
168301,"Product: Platform
Component: UI
Severity: major
Priority: P2
Summary: [ErrorHandling] JFace SafeRunnable should use new error handling
Resolution: FIXED"
9636,"Product: Platform
Component: Debug
Severity: critical
Priority: P1
Summary: Message on launch config dialog
Resolution: FIXED"
6264,"Product: JDT
Component: UI
Severity: normal
Priority: P2
Summary: Search results don't have initial selection
Resolution: FIXED"
10816,"Product: JDT
Component: Debug
Severity: normal
Priority: P1
Summary: Debugging tries to show itself in resources perspective(?)
Resolution: FIXED"
203720,"Product: JDT
Component: Text
Severity: trivial
Priority: P3
Summary: SWT templates description should use lower case
Resolution: FIXED"
182780,"Product: Platform
Component: UI
Severity: enhancement
Priority: P3
Summary: [DataBinding] Default a converter for IStatus to String
Resolution: FIXED"
52072,"Product: JDT
Component: UI
Severity: minor
Priority: P3
Summary: Code formatter -> white space -> control statements -> do while shows while example
Resolution: FIXED"
431966,"Product: Platform
Component: UI
Severity: major
Priority: P1
Summary: Relaunching with many editors opened, the caret disappears when switching editors.
Resolution: FIXED"
26415,"Product: Platform
Component: Ant
Severity: normal
Priority: P2
Summary: Migrate external tool project builders to use launch configurations
Resolution: FIXED"
109073,"Product: JDT
Component: Debug
Severity: normal
Priority: P3
Summary: Classpath container missing from runtime classpath
Resolution: FIXED"
66538,"Product: JDT
Component: Debug
Severity: normal
Priority: P3
Summary: Breakpoint creation should use marker modification rules
Resolution: FIXED"
88939,"Product: JDT
Component: Debug
Severity: normal
Priority: P2
Summary: Strange pathes in launcher cause exception and grey out APPLY
Resolution: FIXED"
20086,"Product: JDT
Component: Debug
Severity: normal
Priority: P2
Summary: Breakpoints not installed
Resolution: FIXED"
128805,"Product: JDT
Component: UI
Severity: normal
Priority: P2
Summary: It's no longer possible to run 2 different JUnit tests simultaneously in an eclipse session
Resolution: INVALID"
335216,"Product: Platform
Component: Debug
Severity: normal
Priority: P3
Summary: [detail] Widget disposed exception from detail pane proxy
Resolution: FIXED"
330373,"Product: Platform
Component: IDE
Severity: major
Priority: P3
Summary: IllegalStateException: Workbench has not been created yet
Resolution: FIXED"
173049,"Product: Platform
Component: UI
Severity: major
Priority: P1
Summary: [ErrorHandling] multiple stacked ""Internal error"" dialogs after OutOfMemoryError
Resolution: FIXED"
229807,"Product: Platform
Component: UI
Severity: normal
Priority: P3
Summary: [JFace] ConfigureColumnsDialog does not work correctly with reordered columns
Resolution: FIXED"
7503,"Product: Platform
Component: Debug
Severity: normal
Priority: P1
Summary: Breakpoints in an InnerClass anonymous inner classes are not hit
Resolution: FIXED"
78864,"Product: Platform
Component: Debug
Severity: normal
Priority: P3
Summary: Using new registry API
Resolution: FIXED"
366985,"Product: Platform
Component: UI
Severity: normal
Priority: P3
Summary: MenuHelper#getIconURI() should be more specific when rewriting URLs
Resolution: FIXED"
55598,"Product: JDT
Component: Debug
Severity: normal
Priority: P3
Summary: inspect on scrapbook page opens Expressions View
Resolution: FIXED"
106318,"Product: Platform
Component: CVS
Severity: normal
Priority: P2
Summary: [Repo View] Refreshing tags automatically for all projects gives error dialog
Resolution: FIXED"
59766,"Product: Platform
Component: Search
Severity: normal
Priority: P2
Summary: ISearchQuery should have query isValid(), called before rerun
Resolution: FIXED"
16068,"Product: JDT
Component: Debug
Severity: normal
Priority: P2
Summary: Support to add library to source/class/boot path
Resolution: FIXED"
217983,"Product: PDE
Component: UI
Severity: critical
Priority: P3
Summary: Can no longer launch any of my existing Eclipse launch configs
Resolution: FIXED"
98800,"Product: Platform
Component: UI
Severity: major
Priority: P2
Summary: [Workbench] Ant buildfile removed from fast view Ant View after restart
Resolution: FIXED"
48836,"Product: Platform
Component: UI
Severity: normal
Priority: P1
Summary: [KeyBindings] Multi-stroke Key help delay must be >= 1
Resolution: FIXED"
56050,"Product: JDT
Component: Debug
Severity: normal
Priority: P3
Summary: Incorrect enablement of the Inspect and Display actions for no selection
Resolution: FIXED"
56200,"Product: JDT
Component: Debug
Severity: normal
Priority: P3
Summary: SnippetEditor move to file buffer document provider
Resolution: FIXED"
326263,"Product: PDE
Component: UI
Severity: normal
Priority: P3
Summary: Windows File Locks are obtained on bundles exporting extension points and not released.
Resolution: FIXED"
6187,"Product: JDT
Component: Debug
Severity: critical
Priority: P1
Summary: Hot swap in main causes Eclipse to crash
Resolution: FIXED"
72540,"Product: Platform
Component: UI
Severity: normal
Priority: P2
Summary: [BIDI] mirroring context menu which is implemented by extention point
Resolution: FIXED"
325694,"Product: JDT
Component: UI
Severity: normal
Priority: P3
Summary: [call hierarchy] Delete key should remove element from view instead of deleting it
Resolution: FIXED"
111139,"Product: JDT
Component: UI
Severity: normal
Priority: P3
Summary: Add FORMATTER_INSERT_SPACE_BEFORE_PARENTHESIZED_EXPRESSION_IN_RETURN to the code formatter preference page
Resolution: FIXED"
8013,"Product: JDT
Component: Debug
Severity: normal
Priority: P1
Summary: No failure message when frame dropping failed after HotSwap
Resolution: FIXED"
16007,"Product: JDT
Component: UI
Severity: critical
Priority: P1
Summary: Should have link for Java perspective in Welcome page
Resolution: FIXED"
27699,"Product: Platform
Component: Ant
Severity: normal
Priority: P3
Summary: Move up/down enabled when no selection and only one target
Resolution: FIXED"
207755,"Product: JDT
Component: UI
Severity: normal
Priority: P3
Summary: [clean up] Change parenthesis clean up does work for all expressions
Resolution: FIXED"
17890,"Product: JDT
Component: Debug
Severity: critical
Priority: P1
Summary: Should not assume type of PropertyChangeEvent values
Resolution: FIXED"
178917,"Product: Platform
Component: UI
Severity: normal
Priority: P3
Summary: [Databinding] Create snippet to demonstrate Databinding for Table-Inline-Editing
Resolution: FIXED"
361403,"Product: JDT
Component: UI
Severity: normal
Priority: P3
Summary: Add UI for new JDT Core option: OUTPUT_LOCATION_OVERLAPPING_ANOTHER_SOURCE
Resolution: FIXED"
62531,"Product: JDT
Component: Debug
Severity: trivial
Priority: P3
Summary: ALT + D : used 2 times in Debug Lauch configuration
Resolution: FIXED"
122663,"Product: Platform
Component: Ant
Severity: normal
Priority: P3
Summary: Code completion does not present nested target element for antcall
Resolution: FIXED"
52211,"Product: Platform
Component: Ant
Severity: normal
Priority: P3
Summary: Persisting classpath when the same as default
Resolution: FIXED"
94705,"Product: JDT
Component: Text
Severity: normal
Priority: P3
Summary: [hovering] Javadoc hover's trigger region exceeds right side
Resolution: FIXED"
291716,"Product: JDT
Component: UI
Severity: major
Priority: P3
Summary: [package explorer] hides jars non-java resources when working set is selected
Resolution: FIXED"
311991,"Product: PDE
Component: UI
Severity: normal
Priority: P3
Summary: [Manifest][Editors] Browse for class attribute types fails to filter if only interface given
Resolution: FIXED"
190056,"Product: Platform
Component: UI
Severity: major
Priority: P2
Summary: [WorkbenchParts] Memory is leaked when opening a saveable part in new window
Resolution: FIXED"
5161,"Product: JDT
Component: Debug
Severity: normal
Priority: P2
Summary: More info in Console open on type dialog
Resolution: FIXED"
134186,"Product: Platform
Component: Debug
Severity: normal
Priority: P3
Summary: [Memory View] Workbench gets really slow after formatting to 1 byte per row
Resolution: FIXED"
134727,"Product: Platform
Component: UI
Severity: normal
Priority: P1
Summary: [WorkbenchParts] Double save prompt with view that implements ISaveablePart
Resolution: FIXED"
249932,"Product: JDT
Component: Debug
Severity: normal
Priority: P3
Summary: Clean + project build does not update 'strictly match JRE' problem
Resolution: FIXED"
43248,"Product: JDT
Component: UI
Severity: major
Priority: P2
Summary: ""Assign statement to local variable"" removes preceeding comment [quick assist] [ast rewrite]
Resolution: FIXED"
81778,"Product: JDT
Component: Debug
Severity: normal
Priority: P2
Summary: Deadlock while stepping
Resolution: FIXED"
33830,"Product: JDT
Component: Debug
Severity: normal
Priority: P3
Summary: Preferences: Installed JRE Preference page needs a table header
Resolution: FIXED"
78040,"Product: JDT
Component: Debug
Severity: major
Priority: P2
Summary: Viewing members in object causes out of memory
Resolution: FIXED"
409081,"Product: Platform
Component: UI
Severity: normal
Priority: P3
Summary: BIDI 4.2.2 : Welcome Page isn't correctly mirrored
Resolution: FIXED"
3612,"Product: JDT
Component: UI
Severity: normal
Priority: P3
Summary: No title on selection dialog for JDK file (1GCSRVJ)
Resolution: FIXED"
17440,"Product: JDT
Component: Debug
Severity: normal
Priority: P2
Summary: Snippet editor allows setting of imports with default package
Resolution: FIXED"
203735,"Product: JDT
Component: UI
Severity: normal
Priority: P3
Summary: [render] Wirte Access colored label preference not correctly updated
Resolution: FIXED"
63604,"Product: Platform
Component: Ant
Severity: normal
Priority: P3
Summary: Modal progress improvements round two
Resolution: FIXED"
38577,"Product: Platform
Component: Debug
Severity: minor
Priority: P3
Summary: Setting detail pane to be visible can hide selected variable
Resolution: FIXED"
407435,"Product: PDE
Component: UI
Severity: normal
Priority: P3
Summary: Run fix copyrights tool on PDE UI/API Tools bundles
Resolution: FIXED"
164703,"Product: JDT
Component: Debug
Severity: minor
Priority: P3
Summary: testEclusiveScopedException and testMultiExclusiveScopedExceptionMissed fail on IBM Java2 1.5.0
Resolution: FIXED"
161902,"Product: Platform
Component: UI
Severity: normal
Priority: P3
Summary: [JFace] Enhancements to GridLayoutFactory.margins
Resolution: FIXED"
131068,"Product: Platform
Component: Text
Severity: enhancement
Priority: P2
Summary: [misc] Closing one of several open editors prompts user to save modified file
Resolution: FIXED"
17171,"Product: JDT
Component: UI
Severity: major
Priority: P1
Summary: Quickfix: no proposal for wrong inst var initialization
Resolution: FIXED"
47510,"Product: JDT
Component: UI
Severity: normal
Priority: P2
Summary: Eclipse hangs when doing a replace selected items [search]
Resolution: FIXED"
258797,"Product: PDE
Component: API Tools
Severity: normal
Priority: P3
Summary: ""Invalid references to system libraries"" is unclear
Resolution: FIXED"
16340,"Product: JDT
Component: Debug
Severity: normal
Priority: P3
Summary: Fix deprecations
Resolution: FIXED"
330278,"Product: PDE
Component: UI
Severity: normal
Priority: P3
Summary: PackageFinder.findPackagesInClassFiles may produce invalid package names
Resolution: FIXED"
58669,"Product: Platform
Component: UI
Severity: normal
Priority: P2
Summary: Should open new user dialog immediately
Resolution: FIXED"
17210,"Product: JDT
Component: Core
Severity: major
Priority: P2
Summary: No match found when query contains '?'
Resolution: FIXED"
17690,"Product: JDT
Component: Debug
Severity: normal
Priority: P2
Summary: Add JRE: rt.jar is shown instead of classes.zip for j9 VM
Resolution: FIXED"
342701,"Product: JDT
Component: Text
Severity: normal
Priority: P2
Summary: [performance] Regression in OpenMultipleEditorTest#testOpenMultipleEditors:java[closeAll]()]
Resolution: FIXED"
423767,"Product: Platform
Component: Debug
Severity: enhancement
Priority: P3
Summary: [preferences] Change fallback to 'Launch the previously launched application'
Resolution: FIXED"
55876,"Product: Platform
Component: Compare
Severity: normal
Priority: P3
Summary: Viewer: Text not repainted when moving sash and then clicking on scroll bars
Resolution: FIXED"
16737,"Product: JDT
Component: UI
Severity: normal
Priority: P2
Summary: Refactoring: Inline Local Variable behaviour wrong
Resolution: FIXED"
414879,"Product: Platform
Component: Releng
Severity: normal
Priority: P3
Summary: Update features and product bundles for Kepler SR1
Resolution: FIXED"
76669,"Product: Platform
Component: UI
Severity: critical
Priority: P1
Summary: [Perspectives] NullPointerException in Perspective.getFastViewWidthRatio()
Resolution: FIXED"
80541,"Product: Platform
Component: Ant
Severity: enhancement
Priority: P3
Summary: Run to Line breakpoints for Ant debugging
Resolution: FIXED"
7814,"Product: Platform
Component: Debug
Severity: normal
Priority: P2
Summary: API for char range within a line
Resolution: FIXED"
66026,"Product: JDT
Component: Core
Severity: normal
Priority: P2
Summary: Large amount of garbage created by DefaultCommentMapper
Resolution: FIXED"
8142,"Product: JDT
Component: UI
Severity: normal
Priority: P3
Summary: no scoped type hierarchy on binary projects
Resolution: FIXED"
23924,"Product: Platform
Component: Ant
Severity: normal
Priority: P2
Summary: handling of incorrect / unrecognized arguments
Resolution: FIXED"
214837,"Product: PDE
Component: UI
Severity: normal
Priority: P3
Summary: resource leak in the new Plugin PopupMenu template
Resolution: FIXED"
6745,"Product: JDT
Component: Debug
Severity: normal
Priority: P2
Summary: Step filtering secondary dialogs (Add Type...)
Resolution: FIXED"
117928,"Product: Platform
Component: SWT
Severity: major
Priority: P3
Summary: JDT Text test don't run anymore (out of handles) - works with SWT 3.2 M1
Resolution: FIXED"
18255,"Product: JDT
Component: Core
Severity: critical
Priority: P1
Summary: NPE during Organize imports.... See test5 in UI tests
Resolution: FIXED"
17264,"Product: JDT
Component: UI
Severity: minor
Priority: P3
Summary: Delete needs busy cursor or progress
Resolution: FIXED"
164134,"Product: Platform
Component: UI
Severity: normal
Priority: P3
Summary: [DataBinding] 3.2 compilation errors in AbstractObservableTree and ObservableMapLabelProvider
Resolution: FIXED"
34496,"Product: Platform
Component: Ant
Severity: normal
Priority: P3
Summary: double click adds type without name
Resolution: FIXED"
10281,"Product: Platform
Component: Debug
Severity: major
Priority: P1
Summary: ClassPrepare events swamping system
Resolution: FIXED"
266094,"Product: JDT
Component: UI
Severity: trivial
Priority: P2
Summary: Don't use ""(s)"" as placeholder for singular and plural
Resolution: FIXED"
17791,"Product: JDT
Component: UI
Severity: normal
Priority: P2
Summary: Errors caused by missing external JAR don't disappear
Resolution: FIXED"
404448,"Product: Platform
Component: SWT
Severity: normal
Priority: P3
Summary: [GTK3] Images of disabled buttons are not grayed out
Resolution: FIXED"
78053,"Product: JDT
Component: UI
Severity: normal
Priority: P2
Summary: Package Explorer shouldn't fetch any children on startup. [package explorer]
Resolution: FIXED"
52330,"Product: JDT
Component: Debug
Severity: enhancement
Priority: P3
Summary: Logical Structure should have a single value
Resolution: FIXED"
97210,"Product: JDT
Component: UI
Severity: normal
Priority: P3
Summary: [Preferences] Preferences dialog opens too big on Compiler page
Resolution: FIXED"
21476,"Product: Platform
Component: Text
Severity: enhancement
Priority: P2
Summary: [preference] Maximum number of ""Undo""s
Resolution: FIXED"
48900,"Product: Platform
Component: UI
Severity: trivial
Priority: P1
Summary: [KeyBindings] Keys preference page has deep grooves
Resolution: FIXED"
109145,"Product: JDT
Component: UI
Severity: normal
Priority: P3
Summary: [reorg] missing import statement after move refactoring [refactoring]
Resolution: FIXED"
127719,"Product: PDE
Component: UI
Severity: enhancement
Priority: P2
Summary: JUnit plug-in launch dialog: have an option for anonymous workspace
Resolution: FIXED"
120117,"Product: Platform
Component: UI
Severity: normal
Priority: P3
Summary: [DataBinding] Need to support images in table cells
Resolution: FIXED"
225620,"Product: Platform
Component: Team
Severity: normal
Priority: P3
Summary: [History View] history view looks broken (unbalanced headings of sub-panes)
Resolution: FIXED"
30570,"Product: Platform
Component: SWT
Severity: major
Priority: P1
Summary: DBCS - GB18030: Input GB18030 characters as run arguments cause eclipse for motif crash.
Resolution: FIXED"
110636,"Product: Platform
Component: Ant
Severity: normal
Priority: P3
Summary: Ant UI does not compile on JDK 1.5
Resolution: FIXED"
474237,"Product: Platform
Component: UI
Severity: trivial
Priority: P3
Summary: 'Enable theming' on the the 'Appearance' preference page has no mnemonic.
Resolution: FIXED"
396429,"Product: PDE
Component: UI
Severity: major
Priority: P3
Summary: Samples cannot be loaded from the welcome page
Resolution: FIXED"
63010,"Product: Platform
Component: Ant
Severity: trivial
Priority: P3
Summary: Colon for projects label from Ant build tab
Resolution: FIXED"
54913,"Product: JDT
Component: Debug
Severity: normal
Priority: P2
Summary: Logical structures do not work for generic types
Resolution: FIXED"
17849,"Product: PDE
Component: UI
Severity: minor
Priority: P2
Summary: Low contrast in PDE source view
Resolution: FIXED"
11893,"Product: JDT
Component: Debug
Severity: normal
Priority: P2
Summary: Launch configuration dialog Accelerator conflict
Resolution: FIXED"
92581,"Product: JDT
Component: Debug
Severity: normal
Priority: P3
Summary: add exception dialog: catch up to removal of all types cache
Resolution: FIXED"
278514,"Product: Platform
Component: UI
Severity: normal
Priority: P2
Summary: [WorkbenchParts] NPE in PageBookView.containsPart
Resolution: FIXED"
99155,"Product: Platform
Component: UI
Severity: normal
Priority: P1
Summary: [RCP] [Perspectives] Perspective extension with standalone=true and visible=false doesn't work
Resolution: FIXED"
30991,"Product: JDT
Component: UI
Severity: critical
Priority: P1
Summary: NPE in New Java Project Wizard
Resolution: FIXED"
207439,"Product: PDE
Component: UI
Severity: normal
Priority: P3
Summary: Setup of CompletionRequestor is not OK
Resolution: FIXED"
215845,"Product: PDE
Component: UI
Severity: enhancement
Priority: P3
Summary: Add Externalize Strings as an option
Resolution: FIXED"
113104,"Product: JDT
Component: Text
Severity: enhancement
Priority: P2
Summary: [hovering] Consider adapting AbstractInformationControl to new PopupDialog
Resolution: FIXED"
8063,"Product: Platform
Component: Debug
Severity: major
Priority: P1
Summary: NPE in BreakpointsView when closing workbench
Resolution: FIXED"
405410,"Product: Platform
Component: UI
Severity: normal
Priority: P3
Summary: Context menu not available on minimized shared area
Resolution: FIXED"
248833,"Product: Platform
Component: UI
Severity: trivial
Priority: P3
Summary: Fix Javadoc for StyledString.insert(char, int)
Resolution: FIXED"
46589,"Product: Platform
Component: UI
Severity: normal
Priority: P1
Summary: [KeyBindings] Stop using native accelerators
Resolution: FIXED"
24250,"Product: JDT
Component: UI
Severity: normal
Priority: P3
Summary: Type Hierarchy doesn't show all inherited members on focus change
Resolution: FIXED"
126465,"Product: Platform
Component: UI
Severity: normal
Priority: P1
Summary: [MPE] first page is blank upon creation
Resolution: FIXED"
378457,"Product: Platform
Component: UI
Severity: major
Priority: P3
Summary: Conflicting handler activations not detected
Resolution: FIXED"
396418,"Product: Platform
Component: UI
Severity: normal
Priority: P3
Summary: Command org.eclipse.ui.file.save always disabled
Resolution: FIXED"
275292,"Product: JDT
Component: UI
Severity: normal
Priority: P3
Summary: [clean up] should not allow to contribute clean up without config UI
Resolution: FIXED"
286028,"Product: PDE
Component: UI
Severity: normal
Priority: P3
Summary: Organize Manifest: Do not remove lazy Bundle-ActivationPolicy header for DS bundles
Resolution: FIXED"
2854,"Product: Platform
Component: Compare
Severity: normal
Priority: P1
Summary: Compare: Save code path problematic (1GJYGAX)
Resolution: FIXED"
55116,"Product: Platform
Component: UI
Severity: normal
Priority: P3
Summary: [RCP] ApplicationWindow puts status line at top
Resolution: FIXED"
27590,"Product: JDT
Component: Debug
Severity: normal
Priority: P2
Summary: Default preference value loading causes pref. page class loading
Resolution: FIXED"
176962,"Product: Platform
Component: Debug
Severity: normal
Priority: P3
Summary: Inconsistency in labels for browse buttons
Resolution: FIXED"
71292,"Product: Platform
Component: Debug
Severity: normal
Priority: P3
Summary: Launch name is truncated in MRU list
Resolution: FIXED"
262837,"Product: Platform
Component: Debug
Severity: major
Priority: P3
Summary: No more handle exception when working in Debug Perspective
Resolution: FIXED"
18182,"Product: Platform
Component: UI
Severity: critical
Priority: P1
Summary: BooleanFieldEditor gets out of synch after restoring defaults
Resolution: FIXED"
128553,"Product: Platform
Component: Debug
Severity: normal
Priority: P3
Summary: NPE when launching Ant launch config
Resolution: FIXED"
240651,"Product: Platform
Component: UI
Severity: normal
Priority: P3
Summary: [EditorMgmt] Introduce AbstractMultiEditor
Resolution: FIXED"
52017,"Product: Platform
Component: Debug
Severity: enhancement
Priority: P3
Summary: Add createCheckButton API to AbstractLaunchConfigurationTab
Resolution: FIXED"
79656,"Product: JDT
Component: Text
Severity: normal
Priority: P2
Summary: [typing] ArithmeticException when pasting 1.5 class declaration into 1.4 CU
Resolution: FIXED"
24925,"Product: JDT
Component: UI
Severity: major
Priority: P3
Summary: quick fix: adding uniplemented method makes class abstract [quick fix]
Resolution: FIXED"
82850,"Product: JDT
Component: Debug
Severity: major
Priority: P2
Summary: Variable is not updated in the variables view
Resolution: FIXED"
266162,"Product: Platform
Component: Debug
Severity: normal
Priority: P3
Summary: Duplicates in prompt to save dirty resources before launching
Resolution: FIXED"
8265,"Product: JDT
Component: Debug
Severity: critical
Priority: P1
Summary: AssertionFailedException during code completion in JavaSnippetEditor, DisplayView
Resolution: FIXED"
99417,"Product: Platform
Component: UI
Severity: normal
Priority: P1
Summary: [Doc] Some Javadoc missing from ISV Guide
Resolution: DUPLICATE"
92483,"Product: JDT
Component: UI
Severity: normal
Priority: P2
Summary: Extract local doesn't handle wildcards
Resolution: FIXED"
35362,"Product: Platform
Component: Team
Severity: normal
Priority: P2
Summary: [CVS Repo View] ""Compare with..."" on file fails
Resolution: FIXED"
183504,"Product: Platform
Component: Debug
Severity: normal
Priority: P2
Summary: Frames collapse when holding down step over key
Resolution: FIXED"
81458,"Product: Platform
Component: UI
Severity: normal
Priority: P2
Summary: [Preferences] Preference dialog background colours do not match on many platforms
Resolution: FIXED"
342475,"Product: JDT
Component: Core
Severity: normal
Priority: P3
Summary: ITypeBinding.getQualifiedName() returns a generic signature
Resolution: INVALID"
207003,"Product: Platform
Component: Compare
Severity: major
Priority: P2
Summary: [Patch] Wrong fuzz used after calculating the fuzz
Resolution: FIXED"
123965,"Product: Platform
Component: UI
Severity: normal
Priority: P2
Summary: [Preferences] Cancelling Compiler Error/Warning property page still puts them in effect
Resolution: FIXED"
468461,"Product: PDE
Component: UI
Severity: normal
Priority: P3
Summary: Enable Hudson tests for pde.ui
Resolution: FIXED"
150788,"Product: JDT
Component: UI
Severity: normal
Priority: P3
Summary: [actions] CopyQualifiedName action should work in class file editors
Resolution: FIXED"
85255,"Product: JDT
Component: Text
Severity: normal
Priority: P2
Summary: Replace custom Link implementation with SWT Link
Resolution: FIXED"
66499,"Product: Platform
Component: Compare
Severity: normal
Priority: P3
Summary: Remove warnings in latest build
Resolution: FIXED"
61329,"Product: JDT
Component: Debug
Severity: normal
Priority: P3
Summary: launch aborted when pre-req project closed
Resolution: FIXED"
184883,"Product: JDT
Component: Debug
Severity: normal
Priority: P3
Summary: Inspecting code results in flashing text in popup
Resolution: FIXED"
1576,"Product: JDT
Component: Debug
Severity: enhancement
Priority: P3
Summary: Remove all terminated action inefficient (1GDW2Z3)
Resolution: FIXED"
28700,"Product: JDT
Component: Debug
Severity: normal
Priority: P2
Summary: Launcher dialog window resizes to full width
Resolution: FIXED"
333562,"Product: JDT
Component: Core
Severity: normal
Priority: P3
Summary: Invalid  ""Potential null pointer access"" warning message
Resolution: INVALID"
74994,"Product: Platform
Component: UI
Severity: normal
Priority: P2
Summary: [Decorators] DecoratorManager activated on startup of an empty workspace
Resolution: FIXED"
7224,"Product: JDT
Component: Core
Severity: normal
Priority: P2
Summary: Formatting splits package names in ugly ways
Resolution: FIXED"
15964,"Product: Platform
Component: Debug
Severity: normal
Priority: P2
Summary: Updates to preference pages
Resolution: FIXED"
68158,"Product: PDE
Component: UI
Severity: normal
Priority: P3
Summary: Error Log view does not display stack trace
Resolution: FIXED"
406275,"Product: Platform
Component: UI
Severity: normal
Priority: P3
Summary: Save All is disabled only after 2nd click
Resolution: FIXED"
179411,"Product: Platform
Component: UI
Severity: normal
Priority: P3
Summary: [DataBinding] Conversion of Strings and shorts
Resolution: FIXED"
86384,"Product: JDT
Component: Debug
Severity: enhancement
Priority: P2
Summary: [API] support for ""native"" classpath entries
Resolution: FIXED"
78013,"Product: Platform
Component: UI
Severity: major
Priority: P2
Summary: [BIDI] Eclipse 3.1M3 shows in Right-To-Left orientation
Resolution: FIXED"
21173,"Product: JDT
Component: UI
Severity: normal
Priority: P3
Summary: Can't create new Project because empty string in ""New Project"" Preference [2.0.1]
Resolution: FIXED"
102193,"Product: JDT
Component: UI
Severity: critical
Priority: P3
Summary: [Organize Imports] generic method problem
Resolution: FIXED"
202818,"Product: JDT
Component: Debug
Severity: enhancement
Priority: P3
Summary: support for variables in vm definition files
Resolution: FIXED"
90597,"Product: Platform
Component: Ant
Severity: major
Priority: P3
Summary: Ant script exits when not expected
Resolution: FIXED"
117694,"Product: JDT
Component: Core
Severity: enhancement
Priority: P3
Summary: [api] Applying edits to a ICompilationUnit
Resolution: FIXED"
19074,"Product: JDT
Component: Debug
Severity: normal
Priority: P2
Summary: EvaluationThread holds onto evaluation objects
Resolution: FIXED"
424657,"Product: Platform
Component: SWT
Severity: critical
Priority: P3
Summary: WebKit crash in Luna M4 and Kepler SR2 on Kubuntu 13.10
Resolution: FIXED"
95830,"Product: JDT
Component: UI
Severity: normal
Priority: P3
Summary: [quick fix] Wrong linked proposals in 'add throws' quick fix
Resolution: FIXED"
165533,"Product: JDT
Component: Text
Severity: normal
Priority: P2
Summary: [rulers] expanded ruler icons don't perform any action when clicked
Resolution: FIXED"
57052,"Product: Platform
Component: Debug
Severity: normal
Priority: P2
Summary: [KeyBindings] F11 (Debug Last Launched) Conflict on MacOS X
Resolution: FIXED"
65329,"Product: Platform
Component: UI
Severity: normal
Priority: P3
Summary: Plugin name appears as %fragmentName in plugin details dialog
Resolution: FIXED"
240064,"Product: JDT
Component: Text
Severity: normal
Priority: P3
Summary: [content assist] code completion appends unrelated content from editor
Resolution: FIXED"
29816,"Product: Platform
Component: Ant
Severity: enhancement
Priority: P2
Summary: Support ""delete"" key in the Ant view for active targets
Resolution: FIXED"
263935,"Product: JDT
Component: UI
Severity: major
Priority: P2
Summary: [compare] compare holds on to deleted compilation unit
Resolution: FIXED"
20135,"Product: JDT
Component: Core
Severity: normal
Priority: P2
Summary: 2.0 deprecated method
Resolution: FIXED"
415343,"Product: Platform
Component: UI
Severity: normal
Priority: P3
Summary: Suspicious dead code in BindingPersistence
Resolution: FIXED"
47256,"Product: JDT
Component: Debug
Severity: normal
Priority: P3
Summary: CoreException from launch configuration referencing closed project
Resolution: FIXED"
144851,"Product: Platform
Component: UI
Severity: major
Priority: P2
Summary: MultiPageEditorPart.getAdapter uses code that requires UI thread
Resolution: FIXED"
158687,"Product: Platform
Component: UI
Severity: normal
Priority: P3
Summary: [Databinding] WritableValue throws ValueChange events when a change has not occurred
Resolution: FIXED"
445867,"Product: JDT
Component: Debug
Severity: normal
Priority: P3
Summary: Eclipse does not show values for some variables in hovers
Resolution: FIXED"
218542,"Product: JDT
Component: UI
Severity: major
Priority: P3
Summary: [clean up] sort members sorts fields by visibility even if field sorting is disabled
Resolution: FIXED"
214246,"Product: PDE
Component: UI
Severity: normal
Priority: P3
Summary: [open plug-in artifact] dialog should sort items
Resolution: FIXED"
228267,"Product: Platform
Component: Debug
Severity: normal
Priority: P3
Summary: Inspect popup dialog disposes presentation context from variables view
Resolution: FIXED"
203687,"Product: JDT
Component: Debug
Severity: normal
Priority: P3
Summary: unable to launch last launched debug session
Resolution: FIXED"
38614,"Product: Platform
Component: Ant
Severity: normal
Priority: P2
Summary: External tool builder not triggered when checking project out from repository
Resolution: FIXED"
184902,"Product: Platform
Component: Debug
Severity: major
Priority: P3
Summary: Timing problem in variables views' expansion state save/restore logic.
Resolution: FIXED"
31443,"Product: Platform
Component: Ant
Severity: normal
Priority: P3
Summary: Ant view will not set its focus when selecting the window
Resolution: FIXED"
68621,"Product: Platform
Component: Debug
Severity: minor
Priority: P3
Summary: Invalid thread access in launcher from Checkout thread
Resolution: FIXED"
46965,"Product: JDT
Component: Text
Severity: major
Priority: P2
Summary: [find/replace] Find/Replace has Find button disabled
Resolution: FIXED"
25833,"Product: Platform
Component: Debug
Severity: normal
Priority: P2
Summary: A suspend event with STEP_END detail does not cause a switch to the debug view.
Resolution: FIXED"
241957,"Product: Platform
Component: SWT
Severity: major
Priority: P3
Summary: Hang in org.eclipse.swt.internal.gtk.OS._gtk_clipboard_wait_for_contents
Resolution: FIXED"
173909,"Product: JDT
Component: Debug
Severity: normal
Priority: P3
Summary: 'Skip All Breakpoints' command does nothing
Resolution: FIXED"
24698,"Product: JDT
Component: UI
Severity: normal
Priority: P3
Summary: Patch for resizable Type Hierarchy History
Resolution: FIXED"
71340,"Product: Platform
Component: Search
Severity: normal
Priority: P3
Summary: file name patterns not remembered
Resolution: FIXED"
89360,"Product: JDT
Component: Debug
Severity: trivial
Priority: P2
Summary: Warning in jdt launching java doc generation
Resolution: FIXED"
89932,"Product: JDT
Component: Debug
Severity: major
Priority: P3
Summary: Debugger shows dialog on each(!) breakpoint hit + NPE in .log
Resolution: FIXED"
366439,"Product: Platform
Component: IDE
Severity: normal
Priority: P3
Summary: clean projects dialog can have enabled OK button if no projects are selected
Resolution: FIXED"
228659,"Product: JDT
Component: Text
Severity: major
Priority: P3
Summary: [clean up] IAE on format changed lines on save
Resolution: FIXED"
353815,"Product: PDE
Component: UI
Severity: normal
Priority: P3
Summary: NPE in P2TargetUtils.getAgent()
Resolution: FIXED"
26698,"Product: Platform
Component: UI
Severity: major
Priority: P2
Summary: [Viewers] stack overflow during debug session, causing IDE to crash
Resolution: FIXED"
133725,"Product: JDT
Component: Debug
Severity: normal
Priority: P3
Summary: [java launching] Add External Jars dialog does not check if the jar file actually exists
Resolution: FIXED"
34519,"Product: Platform
Component: Ant
Severity: normal
Priority: P3
Summary: Dialog slow to cancel when Properties/External Tools was selected
Resolution: FIXED"
64990,"Product: JDT
Component: Debug
Severity: normal
Priority: P3
Summary: ""enable hit count"" checkbox disables OK button
Resolution: FIXED"
48880,"Product: JDT
Component: Debug
Severity: enhancement
Priority: P2
Summary: [action] command to 'Open from Clipboard'
Resolution: FIXED"
47198,"Product: JDT
Component: Debug
Severity: major
Priority: P3
Summary: Unknown stack frame info in Workbench startup thread
Resolution: FIXED"
28301,"Product: Platform
Component: Ant
Severity: major
Priority: P2
Summary: Creation of an External Tool Builder gets name wrong.
Resolution: FIXED"
93516,"Product: Platform
Component: UI
Severity: major
Priority: P2
Summary: [HeapStatus] Heap status indicator accesses the preference store too often
Resolution: FIXED"
202462,"Product: PDE
Component: UI
Severity: normal
Priority: P3
Summary: simplify the way source is contributed
Resolution: FIXED"
25126,"Product: JDT
Component: UI
Severity: normal
Priority: P1
Summary: Cannot open cu outside classpath
Resolution: FIXED"
217061,"Product: Platform
Component: Text
Severity: minor
Priority: P3
Summary: [find/replace] define & fix behavior of retain caps with other escapes and text before \C
Resolution: FIXED"
32374,"Product: Platform
Component: Ant
Severity: normal
Priority: P2
Summary: BadLocationException on external entity build file
Resolution: FIXED"
217101,"Product: PDE
Component: UI
Severity: normal
Priority: P3
Summary: Context editor causes bad spacing
Resolution: FIXED"
45211,"Product: JDT
Component: Debug
Severity: normal
Priority: P2
Summary: Race condition causing debug test failure
Resolution: FIXED"
79113,"Product: Platform
Component: UI
Severity: major
Priority: P2
Summary: [Progress] NPE in JobInfo.getCondensedDisplayString().
Resolution: FIXED"
173304,"Product: JDT
Component: Debug
Severity: normal
Priority: P3
Summary: NPE in EditDetailFormatterAction when called from context menu of Variables view
Resolution: FIXED"
238299,"Product: Platform
Component: UI
Severity: normal
Priority: P3
Summary: [Viewers] Collapse All before expanding class/array suppresses display of all but first child node
Resolution: FIXED"
176017,"Product: JDT
Component: UI
Severity: major
Priority: P2
Summary: [open type] FilteredTypesSelectionDialog mixes 2 versions of SearchPattern
Resolution: FIXED"
22196,"Product: JDT
Component: UI
Severity: normal
Priority: P3
Summary: Quick Fix broken due to bug 21768 [quick fix]
Resolution: FIXED"
64906,"Product: JDT
Component: UI
Severity: normal
Priority: P3
Summary: Externalize Strings: bold items in table don't use dialog fonts [nls] [refactoring]
Resolution: FIXED"
114490,"Product: JDT
Component: UI
Severity: major
Priority: P2
Summary: [open type] Open Type does not support end matchers '<' and ' ' any more
Resolution: FIXED"
410647,"Product: Platform
Component: UI
Severity: normal
Priority: P3
Summary: org.eclipse.core.runtime.CoreException is logged when touching the DD node of any Java EE module in Navigator
Resolution: FIXED"
182100,"Product: JDT
Component: UI
Severity: normal
Priority: P3
Summary: [package explorer] [working sets] Offer 'Add to Working Set' action on projects
Resolution: FIXED"
222604,"Product: Platform
Component: UI
Severity: enhancement
Priority: P3
Summary: [CommonNavigator] adopt schema identifier from PDE
Resolution: FIXED"
127655,"Product: Platform
Component: Text
Severity: normal
Priority: P3
Summary: [api] Must have a way to query quick assist context from source viewer
Resolution: FIXED"
334636,"Product: Platform
Component: UI
Severity: normal
Priority: P3
Summary: [TabbedProperties] NullPointerException in TabbedPropertySheetPage.disposeContributor
Resolution: FIXED"
39222,"Product: JDT
Component: Debug
Severity: major
Priority: P2
Summary: [java launching] Renaming my installed JREs broke all my launch configs
Resolution: FIXED"
28840,"Product: Platform
Component: Compare
Severity: major
Priority: P2
Summary: Strange behavious applying patch
Resolution: FIXED"
215223,"Product: PDE
Component: UI
Severity: major
Priority: P3
Summary: Convert to Plug-in Projects action has disappeared
Resolution: FIXED"
344436,"Product: JDT
Component: Text
Severity: normal
Priority: P3
Summary: [imports on paste] Allow to cancel 'Update imports on paste'
Resolution: FIXED"
24516,"Product: JDT
Component: Debug
Severity: normal
Priority: P2
Summary: JDT debug test failures
Resolution: FIXED"
465097,"Product: Platform
Component: UI
Severity: major
Priority: P3
Summary: [Workbench] Workbench.getViewReferences does not return views open with ""Show View"" dialog
Resolution: FIXED"
17463,"Product: JDT
Component: UI
Severity: major
Priority: P2
Summary: Replace with previous element from local history should ignore unparseable versions
Resolution: FIXED"
394764,"Product: Platform
Component: UI
Severity: normal
Priority: P3
Summary: [CSS] NPE closing last part in PartStack with ""swt-show-close: true""
Resolution: FIXED"
162102,"Product: Platform
Component: IDE
Severity: enhancement
Priority: P2
Summary: [Workbench] User configurability for MAX_RECENT_WORKSPACES
Resolution: FIXED"
80323,"Product: Platform
Component: Debug
Severity: enhancement
Priority: P2
Summary: Make global step actions retargettable
Resolution: FIXED"
350895,"Product: JDT
Component: Core
Severity: enhancement
Priority: P3
Summary: [1.7][formatter] New option to wrap before/after '|' in multi-catch
Resolution: FIXED"
208127,"Product: Platform
Component: Debug
Severity: normal
Priority: P3
Summary: breakpoint import does not work
Resolution: FIXED"
181515,"Product: PDE
Component: UI
Severity: enhancement
Priority: P3
Summary: Provide more structure, safety, and convenience for ID-based references between extension points (id hell)
Resolution: FIXED"
6628,"Product: JDT
Component: UI
Severity: enhancement
Priority: P2
Summary: NLS Tool: Checkbox on ""Find strings to externalize"" not sticky
Resolution: FIXED"
183732,"Product: Platform
Component: UI
Severity: normal
Priority: P3
Summary: [DataBinding] swallowing the exception in get/set value of the JavaBeanObservableValue
Resolution: FIXED"
84324,"Product: Platform
Component: Debug
Severity: trivial
Priority: P3
Summary: Changes to Watch Expressions not updated in view when not debugging
Resolution: FIXED"
199846,"Product: Platform
Component: Compare
Severity: normal
Priority: P2
Summary: [Patch] Misuse of the Fuzz Factor
Resolution: FIXED"
493722,"Product: Platform
Component: SWT
Severity: major
Priority: P3
Summary: GC#setLineAttributes does not apply its argument to GC
Resolution: FIXED"
205513,"Product: PDE
Component: UI
Severity: normal
Priority: P3
Summary: newly minted plugin org.eclipse.ui.views.log missing about.html
Resolution: FIXED"
115283,"Product: Platform
Component: UI
Severity: major
Priority: P2
Summary: [MPE] NPE in MultiPageEditorPart#pageChange(int)
Resolution: FIXED"
73130,"Product: Platform
Component: UI
Severity: major
Priority: P2
Summary: [Preferences] 3.0.1 candidate: Workspace gets (fully?) built if Editor pref page changes
Resolution: FIXED"
35516,"Product: Platform
Component: Debug
Severity: normal
Priority: P3
Summary: AssertFailed when launching applet
Resolution: FIXED"
157506,"Product: Platform
Component: UI
Severity: major
Priority: P2
Summary: [CommonNavigator] Can't Drop an External File into Project Explorer (Mac and Linux)
Resolution: FIXED"
7763,"Product: Platform
Component: Debug
Severity: normal
Priority: P2
Summary: (usability) selecting in variables view with details pane causes un-maximize
Resolution: FIXED"
77386,"Product: Platform
Component: Ant
Severity: normal
Priority: P3
Summary: Allow user to set URL for external doc location
Resolution: FIXED"
17462,"Product: Platform
Component: Debug
Severity: critical
Priority: P1
Summary: IllegalArgumentException when printing long stack to console
Resolution: FIXED"
137088,"Product: Platform
Component: Ant
Severity: major
Priority: P3
Summary: StringIndexOutOfBoundsException in AntLaunchDelegate.appendProperty()
Resolution: FIXED"
163074,"Product: Platform
Component: UI
Severity: normal
Priority: P3
Summary: [Viewers] Some new snippets
Resolution: FIXED"
90415,"Product: Platform
Component: UI
Severity: critical
Priority: P2
Summary: [Contributions] NPE in ActionContributionItem.update when trying to set accelerator in menu
Resolution: FIXED"
2389,"Product: Platform
Component: UI
Severity: normal
Priority: P2
Summary: [MPE] Take out workaround in MultiPageEditorPart.pageChange(int) (1GEV94I)
Resolution: FIXED"
64456,"Product: Platform
Component: Text
Severity: normal
Priority: P2
Summary: [painting][projection] NPE in log in PaintManager.addListeners
Resolution: FIXED"
81105,"Product: JDT
Component: UI
Severity: enhancement
Priority: P3
Summary: [quick fix] Change field to method: does not appear when non-accessible field exists
Resolution: FIXED"
58650,"Product: Platform
Component: Debug
Severity: normal
Priority: P2
Summary: replace debugModelActivityBinding with pattern binding
Resolution: FIXED"
16521,"Product: JDT
Component: Debug
Severity: enhancement
Priority: P3
Summary: Colorize running programs differently then terminated ones
Resolution: FIXED"
190873,"Product: Platform
Component: Debug
Severity: normal
Priority: P3
Summary: [launching] Environment tab grows wider on each config selection
Resolution: FIXED"
93176,"Product: Platform
Component: UI
Severity: normal
Priority: P2
Summary: [JFace] Window.getDefaultOrientation() is marked as experimental
Resolution: FIXED"
17401,"Product: JDT
Component: UI
Severity: major
Priority: P2
Summary: Need to define alternative accelerators for Chinese
Resolution: FIXED"
60881,"Product: Platform
Component: UI
Severity: major
Priority: P1
Summary: [Commands] Ctrl+S does not work
Resolution: FIXED"
293176,"Product: Platform
Component: Text
Severity: normal
Priority: P2
Summary: [content assist] Esc Tab on additional info does not bring back the additional info
Resolution: FIXED"
309806,"Product: JDT
Component: UI
Severity: normal
Priority: P3
Summary: [ccp] Pasting a patch in package explorer ignores ""Apply patch in Synchronize view"" preference
Resolution: FIXED"
11308,"Product: Platform
Component: Debug
Severity: normal
Priority: P1
Summary: Launch configurations make workspace non-transportable
Resolution: FIXED"
15395,"Product: JDT
Component: Core
Severity: normal
Priority: P1
Summary: AssertionFailedException when creating new Java project
Resolution: FIXED"
7263,"Product: JDT
Component: UI
Severity: normal
Priority: P3
Summary: Auto created javadoc comments start with /*
Resolution: WORKSFORME"
30922,"Product: JDT
Component: Debug
Severity: normal
Priority: P2
Summary: Remove hack to avoid stack overflow
Resolution: FIXED"
58309,"Product: Platform
Component: UI
Severity: major
Priority: P1
Summary: workspace builds are not completing
Resolution: FIXED"
293428,"Product: JDT
Component: UI
Severity: minor
Priority: P3
Summary: [JUnit] compiler warning in I20091027-0100
Resolution: FIXED"
199064,"Product: JDT
Component: UI
Severity: normal
Priority: P3
Summary: [dnd] Element reordering via DnD should not format field comments
Resolution: FIXED"
185527,"Product: JDT
Component: UI
Severity: normal
Priority: P3
Summary: [build path] CE when creating new project on not existing drive
Resolution: FIXED"
123977,"Product: Platform
Component: UI
Severity: critical
Priority: P1
Summary: [Markers] NPE in ActionCopyMarker.setClipboard
Resolution: FIXED"
30305,"Product: JDT
Component: Debug
Severity: major
Priority: P3
Summary: Add Breakpoint Dialog cut off with High Contrast
Resolution: FIXED"
66378,"Product: JDT
Component: Debug
Severity: normal
Priority: P3
Summary: test failing - invalid stack frame
Resolution: FIXED"
123862,"Product: Platform
Component: Debug
Severity: normal
Priority: P3
Summary: keywords for Launch Configurations pref page
Resolution: FIXED"
411641,"Product: JDT
Component: Text
Severity: normal
Priority: P3
Summary: [content assist] Unnecessary content assist popup after decimal
Resolution: FIXED"
30965,"Product: JDT
Component: Debug
Severity: normal
Priority: P2
Summary: Editor opened by debug without annotation bar
Resolution: FIXED"
260921,"Product: Platform
Component: Text
Severity: major
Priority: P2
Summary: [block selection][typing] undo does not fold events in block selection mode
Resolution: FIXED"
29482,"Product: JDT
Component: Debug
Severity: normal
Priority: P2
Summary: Debugger finds external source, when it exists in the workspace
Resolution: FIXED"
80981,"Product: Platform
Component: UI
Severity: normal
Priority: P2
Summary: [WorkbenchParts] Workbench throws Assertion failed is a plug-in doesn't load
Resolution: FIXED"
123783,"Product: Platform
Component: Text
Severity: minor
Priority: P2
Summary: [typing] Hyperlink presenter must react to document changes
Resolution: FIXED"
73942,"Product: Platform
Component: Debug
Severity: normal
Priority: P3
Summary: IllegalMonitorStateException pasting into the Java Stack Trace Console
Resolution: FIXED"
16100,"Product: JDT
Component: Debug
Severity: major
Priority: P2
Summary: Add Java Exception Breakpoint should also be on menu
Resolution: FIXED"
135634,"Product: Platform
Component: Debug
Severity: normal
Priority: P3
Summary: Cannot Exclude Exception Location for class<T>.getDeclaredMethod
Resolution: FIXED"
125536,"Product: Platform
Component: Debug
Severity: normal
Priority: P3
Summary: selection not revealed when item not populated
Resolution: FIXED"
177264,"Product: Platform
Component: UI
Severity: normal
Priority: P3
Summary: [DataBinding] Failure in DefaultBindSupportFactoryBooleanPrimitiveTest.testStringToBooleanPrimitiveConverter against Eclipse 3.2.2
Resolution: FIXED"
6523,"Product: JDT
Component: Debug
Severity: normal
Priority: P1
Summary: NPE changing suspend on exception pref with terminated targets
Resolution: FIXED"
64347,"Product: JDT
Component: Text
Severity: normal
Priority: P3
Summary: [key binding] cannot expand/collapse folded regions via keyboard
Resolution: FIXED"
333533,"Product: PDE
Component: UI
Severity: normal
Priority: P3
Summary: Invalid thread access on 'add depenencies' in Manifest editor
Resolution: FIXED"
115661,"Product: JDT
Component: UI
Severity: enhancement
Priority: P3
Summary: [clean up][code style] New indirect static access and qualify static field access clean up
Resolution: FIXED"
67427,"Product: JDT
Component: UI
Severity: normal
Priority: P2
Summary: [quick fix] incorrect caret in ""assign to local variable"" quick fix
Resolution: FIXED"
28306,"Product: Platform
Component: Ant
Severity: normal
Priority: P2
Summary: External tool builder not deleted on cancel
Resolution: FIXED"
348186,"Product: JDT
Component: Core
Severity: normal
Priority: P3
Summary: [compiler] Improve wording for the warning for masked/hidden catch block
Resolution: FIXED"
222098,"Product: JDT
Component: UI
Severity: normal
Priority: P3
Summary: [package explorer] Focus on active task button disappears from package explorer view
Resolution: FIXED"
305156,"Product: Platform
Component: UI
Severity: critical
Priority: P3
Summary: NPE when trying to use Search dialog
Resolution: FIXED"
171616,"Product: Platform
Component: UI
Severity: enhancement
Priority: P3
Summary: [DataBinding] Introduce IBeanObservable
Resolution: FIXED"
260373,"Product: Platform
Component: UI
Severity: enhancement
Priority: P3
Summary: [FilteredTree] Use Text.setMessage(...) where supported
Resolution: FIXED"
92920,"Product: JDT
Component: Debug
Severity: normal
Priority: P3
Summary: Remove internal constant from API
Resolution: FIXED"
101116,"Product: Platform
Component: Doc
Severity: normal
Priority: P3
Summary: Screenshot of New Project wizard on Fonts concept page
Resolution: FIXED"
148115,"Product: JDT
Component: Doc
Severity: normal
Priority: P3
Summary: errors in JDT user and isv doc
Resolution: FIXED"
77019,"Product: JDT
Component: Debug
Severity: major
Priority: P2
Summary: java logical structure descriptions missing
Resolution: FIXED"
73917,"Product: Platform
Component: Debug
Severity: normal
Priority: P3
Summary: [Console] Missing hyperlinks
Resolution: FIXED"
5631,"Product: JDT
Component: Debug
Severity: normal
Priority: P1
Summary: Breakpoint not reinstalled after hot swap
Resolution: FIXED"
166683,"Product: Platform
Component: Debug
Severity: normal
Priority: P3
Summary: [plugins] DebugUIPlugin should be a save participant
Resolution: FIXED"
131000,"Product: Platform
Component: UI
Severity: major
Priority: P2
Summary: [EFS] Drag and Drop of Folder with Spaces produces two folders in Navigator View (and other views that deal with resources)
Resolution: FIXED"
115832,"Product: JDT
Component: UI
Severity: normal
Priority: P3
Summary: [build path] Can't uncheck export of source folder
Resolution: FIXED"
84718,"Product: JDT
Component: Text
Severity: normal
Priority: P2
Summary: [content assist] NPE during codeassist
Resolution: FIXED"
154289,"Product: Platform
Component: UI
Severity: major
Priority: P2
Summary: [Viewers] - NPE in TreeEditorImpl.activateCellEditor
Resolution: FIXED"
434316,"Product: Platform
Component: Releng
Severity: normal
Priority: P3
Summary: Several plug-ins have no about.html
Resolution: FIXED"
278745,"Product: JDT
Component: Core
Severity: major
Priority: P1
Summary: Methods overloaded with unavailable types worked in 3.4 but give ""indirectly referenced.."" error in 3.5
Resolution: FIXED"
374237,"Product: PDE
Component: Doc
Severity: normal
Priority: P3
Summary: Update doc and screenshots for new extensions editor enhancements
Resolution: FIXED"
219119,"Product: PDE
Component: UI
Severity: enhancement
Priority: P3
Summary: Photo of Jakub Jurkiewicz
Resolution: FIXED"
43266,"Product: Platform
Component: Ant
Severity: enhancement
Priority: P3
Summary: Using variables in Ant Properties
Resolution: FIXED"
303290,"Product: Platform
Component: UI
Severity: trivial
Priority: P3
Summary: Typo in JFace ToolBarManager
Resolution: FIXED"
4027,"Product: JDT
Component: UI
Severity: major
Priority: P2
Summary: Open type dialog not responsive when transitioning through empty string (1GGDWE4)
Resolution: FIXED"
176154,"Product: JDT
Component: Debug
Severity: normal
Priority: P3
Summary: [refactoring] NPE in LaunchConfigurationProjectMainTypeChange while renaming project
Resolution: FIXED"
97649,"Product: Platform
Component: UI
Severity: normal
Priority: P3
Summary: [Preferences] [Themes] Colors and Fonts preference page shows with no buttons
Resolution: FIXED"
269273,"Product: JDT
Component: Debug
Severity: normal
Priority: P3
Summary: updating ""show in context"" looks  up source agressively
Resolution: FIXED"
215432,"Product: Platform
Component: Debug
Severity: enhancement
Priority: P3
Summary: [Memory View] Memory View: real estate & new/remove rendering workflow
Resolution: FIXED"
5792,"Product: JDT
Component: Debug
Severity: normal
Priority: P3
Summary: Internal JDI error
Resolution: FIXED"
438768,"Product: PDE
Component: UI
Severity: normal
Priority: P3
Summary: NPE in Tracing UI if started w/o workspace
Resolution: FIXED"
118934,"Product: Platform
Component: UI
Severity: enhancement
Priority: P2
Summary: [Dialogs] Introduce dialog trays
Resolution: FIXED"
73199,"Product: JDT
Component: Debug
Severity: normal
Priority: P2
Summary: Support for varargs method in evaluation
Resolution: FIXED"
82959,"Product: Platform
Component: Ant
Severity: normal
Priority: P3
Summary: Ant view : tasks are sorted
Resolution: FIXED"
96129,"Product: Platform
Component: UI
Severity: major
Priority: P2
Summary: [MPE] (regression) MultiEditor.getInnerEditors() returns null.
Resolution: FIXED"
120930,"Product: Platform
Component: User Assistance
Severity: normal
Priority: P3
Summary: [Help] Search shows a link for ""Next 0"" items
Resolution: FIXED"
352448,"Product: JDT
Component: UI
Severity: normal
Priority: P2
Summary: [inline][1.7] Inline should not be available for variables used in the resource specification of try-with-resources
Resolution: FIXED"
31776,"Product: Platform
Component: Ant
Severity: normal
Priority: P2
Summary: Ant targets cannot be configured within the list box if many targets exist
Resolution: FIXED"
124104,"Product: Platform
Component: UI
Severity: blocker
Priority: P1
Summary: [Contributions] SubActionBars(IActionBars) was removed and needs to be resurrected
Resolution: FIXED"
19157,"Product: JDT
Component: Debug
Severity: normal
Priority: P2
Summary: JavaMethodBreakpoints hold onto debug targets
Resolution: FIXED"
16646,"Product: JDT
Component: UI
Severity: normal
Priority: P3
Summary: DCR: Please change the new Java perspective icon
Resolution: FIXED"
29498,"Product: JDT
Component: Debug
Severity: normal
Priority: P2
Summary: Address accessibility issues in variable filters dialog
Resolution: FIXED"
126709,"Product: JDT
Component: Core
Severity: normal
Priority: P3
Summary: ImportRewriteAnalizer#useSpaceBetweenGroups uses 23% cpu time in organize imports performance test
Resolution: FIXED"
353780,"Product: JDT
Component: Core
Severity: normal
Priority: P3
Summary: chkpii error in I20110802-2000
Resolution: DUPLICATE"
40044,"Product: Platform
Component: Ant
Severity: normal
Priority: P2
Summary: Incorrect error message if remove auto activation delay
Resolution: FIXED"
6341,"Product: JDT
Component: UI
Severity: normal
Priority: P1
Summary: NullPointerException from ReorgGroup
Resolution: FIXED"
25698,"Product: Platform
Component: Ant
Severity: enhancement
Priority: P2
Summary: Global properties
Resolution: FIXED"
39878,"Product: JDT
Component: Debug
Severity: major
Priority: P2
Summary: Debug test failing on Linux
Resolution: FIXED"
46858,"Product: Platform
Component: Debug
Severity: normal
Priority: P2
Summary: FileLink needs to resolve an editorId
Resolution: FIXED"
7809,"Product: JDT
Component: Debug
Severity: normal
Priority: P2
Summary: AddExceptionDialog makes illegal access to internal class
Resolution: FIXED"
239856,"Product: Platform
Component: Debug
Severity: major
Priority: P3
Summary: Launches corrupted in I20080702-0939
Resolution: FIXED"
124138,"Product: Platform
Component: UI
Severity: major
Priority: P2
Summary: NPE in FieldCategory
Resolution: FIXED"
22842,"Product: JDT
Component: Debug
Severity: normal
Priority: P3
Summary: NPE adding variable to view
Resolution: FIXED"
341447,"Product: Platform
Component: IDE
Severity: major
Priority: P3
Summary: [Markers] Problems view columns reset
Resolution: FIXED"
95222,"Product: Platform
Component: UI
Severity: major
Priority: P1
Summary: [KeyBindings] Bindings stop working (no shell activation event)
Resolution: FIXED"
4576,"Product: JDT
Component: Debug
Severity: normal
Priority: P1
Summary: Thread suspend/resume errors in classes with the ""same"" name
Resolution: FIXED"
200049,"Product: JDT
Component: Debug
Severity: minor
Priority: P3
Summary: ""NLS missing message"" in ""Installed JREs"" preference page
Resolution: FIXED"
89817,"Product: JDT
Component: Text
Severity: major
Priority: P3
Summary: [content assist] NPE in JavaTypeCompletionProposal
Resolution: FIXED"
465309,"Product: Platform
Component: SWT
Severity: major
Priority: P1
Summary: [GTK3] No icon showing in open type dialog
Resolution: FIXED"
274965,"Product: JDT
Component: Text
Severity: minor
Priority: P3
Summary: [content assist] does not work for nested anonymous type
Resolution: FIXED"
209519,"Product: PDE
Component: UI
Severity: normal
Priority: P3
Summary: Dependencies page's sections aren't aligned
Resolution: FIXED"
406090,"Product: Platform
Component: UI
Severity: major
Priority: P3
Summary: Workbench window flickers, frequent view redraws
Resolution: FIXED"
249364,"Product: Platform
Component: Debug
Severity: normal
Priority: P3
Summary: NPE getting file store
Resolution: FIXED"
15544,"Product: JDT
Component: UI
Severity: normal
Priority: P2
Summary: JavaDoc wizard includes non-selected packages
Resolution: FIXED"
74741,"Product: Platform
Component: Debug
Severity: normal
Priority: P3
Summary: console hyperlink search is slow
Resolution: FIXED"
10524,"Product: Platform
Component: Debug
Severity: normal
Priority: P3
Summary: Provide default label provider API
Resolution: FIXED"
149050,"Product: JDT
Component: Text
Severity: trivial
Priority: P2
Summary: [preferences] ""Tab key indents the current line"" seems to have no effect
Resolution: FIXED"
11919,"Product: Platform
Component: Debug
Severity: normal
Priority: P2
Summary: 2 NPEs using Preferences->Debug->Launch Configuration Types
Resolution: FIXED"
220843,"Product: Platform
Component: UI
Severity: enhancement
Priority: P3
Summary: [Properties] Tree editors with columns, using JFace 3.3 infrastructure
Resolution: FIXED"
441329,"Product: Platform
Component: UI
Severity: enhancement
Priority: P3
Summary: Option to disable workspace version check if workspace is too new
Resolution: FIXED"
164247,"Product: Platform
Component: UI
Severity: normal
Priority: P3
Summary: [DataBinding] NPE from ObservableMapLabelProvider when value is null
Resolution: FIXED"
325235,"Product: Platform
Component: UI
Severity: normal
Priority: P3
Summary: Remove unused 'VIEW_MESSAGE_TEXT_FONT' (was: [Preferences] 'View message font' changes are not being honored)
Resolution: FIXED"
305149,"Product: PDE
Component: UI
Severity: normal
Priority: P3
Summary: PDE warns that symbolic names containing dash ('-') characters are invalid when specified in the id attribute of the plugin element of a feature.xml
Resolution: FIXED"
95568,"Product: Platform
Component: CVS
Severity: normal
Priority: P2
Summary: M7: CVS commands in menu do not work but context menu does
Resolution: FIXED"
1533,"Product: Platform
Component: Debug
Severity: enhancement
Priority: P2
Summary: Feature: notification of changing variables (1G5NRPC)
Resolution: FIXED"
137425,"Product: Platform
Component: UI
Severity: trivial
Priority: P3
Summary: [DataBinding] ValidationError javadoc makes references to ValidationResult
Resolution: FIXED"
6576,"Product: JDT
Component: Debug
Severity: normal
Priority: P1
Summary: Efficiency - use computeStackFrames internally
Resolution: FIXED"
31585,"Product: Platform
Component: Debug
Severity: normal
Priority: P2
Summary: Suspending implicit eval does not update frames when done
Resolution: FIXED"
158959,"Product: Platform
Component: UI
Severity: normal
Priority: P3
Summary: [Viewers] testRefreshBug141435 and testNoSelectionRefresh failing on  N20060927-0010
Resolution: FIXED"
29323,"Product: JDT
Component: Debug
Severity: normal
Priority: P3
Summary: NPE in applet launch delegate
Resolution: FIXED"
463280,"Product: Platform
Component: UI
Severity: normal
Priority: P3
Summary: An empty mnemonic in a HandledMenuItem should be ignored
Resolution: FIXED"
227280,"Product: PDE
Component: UI
Severity: normal
Priority: P3
Summary: PDEPlugin forces activation of DebugPlugin
Resolution: FIXED"
48226,"Product: Platform
Component: Debug
Severity: trivial
Priority: P3
Summary: Tooltip text for ""External Tools"" toolbar button not updated.
Resolution: FIXED"
99389,"Product: JDT
Component: UI
Severity: normal
Priority: P3
Summary: [quick fix] useless 'create type parameter' quick fix
Resolution: FIXED"
169959,"Product: JDT
Component: Doc
Severity: minor
Priority: P3
Summary: Exclusion filter for source folders unclear
Resolution: FIXED"
13375,"Product: Platform
Component: Debug
Severity: normal
Priority: P3
Summary: Show Detail Pane in popup menu missing mneumonic
Resolution: FIXED"
70373,"Product: JDT
Component: Debug
Severity: critical
Priority: P3
Summary: Make ""Drop to Frame"" action available in the context menu for IJavaStackFrame adapters
Resolution: FIXED"
314324,"Product: Platform
Component: User Assistance
Severity: normal
Priority: P3
Summary: [Help] Ton's of EofException/s - Fix in Eclipse 3.6.1
Resolution: FIXED"
386294,"Product: Platform
Component: UI
Severity: normal
Priority: P3
Summary: Regression: 'General' no longer at the top in 'Show View' dialog
Resolution: FIXED"
65482,"Product: PDE
Component: UI
Severity: normal
Priority: P3
Summary: LogView.copyToClipboard cannot set data in clipboard
Resolution: FIXED"
51789,"Product: Platform
Component: Ant
Severity: normal
Priority: P3
Summary: Run Ant... in ant view does not run
Resolution: FIXED"
10255,"Product: Platform
Component: Debug
Severity: normal
Priority: P1
Summary: Single click launching should not be the default
Resolution: FIXED"
120751,"Product: Platform
Component: Doc
Severity: normal
Priority: P3
Summary: org.eclipse.platform.doc.user has incorrect qualifier
Resolution: FIXED"
70650,"Product: Platform
Component: Ant
Severity: blocker
Priority: P2
Summary: Project builders do not execute in specified order.
Resolution: FIXED"
6152,"Product: JDT
Component: Debug
Severity: normal
Priority: P1
Summary: Walkback while editing in the display view
Resolution: FIXED"
24194,"Product: Platform
Component: UI
Severity: normal
Priority: P3
Summary: [About] Choosing link changes focus
Resolution: FIXED"
229347,"Product: JDT
Component: Debug
Severity: normal
Priority: P3
Summary: error evaluating: NPE
Resolution: FIXED"
64345,"Product: JDT
Component: Text
Severity: major
Priority: P2
Summary: IllegalArgumentException checking out project
Resolution: FIXED"
5789,"Product: JDT
Component: Debug
Severity: normal
Priority: P3
Summary: Console Empty on Hello World Examples
Resolution: FIXED"
97936,"Product: JDT
Component: UI
Severity: normal
Priority: P3
Summary: [build path] build path page overwrites changes in classpath
Resolution: FIXED"
55249,"Product: JDT
Component: UI
Severity: major
Priority: P2
Summary: [Wizards] Radio button looses selection when page is disabled
Resolution: FIXED"
49963,"Product: JDT
Component: Debug
Severity: trivial
Priority: P3
Summary: Exception: Unable to retrieve stack frame - thread not suspended
Resolution: FIXED"
73993,"Product: Platform
Component: UI
Severity: normal
Priority: P2
Summary: [WorkingSets] Working sets schema must be more specific
Resolution: FIXED"
61630,"Product: Platform
Component: Debug
Severity: normal
Priority: P3
Summary: schema for external tools configurationDuplicationMaps ext point
Resolution: FIXED"
429796,"Product: Platform
Component: UI
Severity: normal
Priority: P3
Summary: [CSS] New FontDefiniotions defined in CSS are not merged with 3.x theme registry
Resolution: FIXED"
44062,"Product: JDT
Component: UI
Severity: enhancement
Priority: P3
Summary: javadoc command should correspond to default JDK [javadoc]
Resolution: FIXED"
51594,"Product: JDT
Component: Text
Severity: major
Priority: P2
Summary: [formatting] IllegalArgumentException when formatting comment code snippet in segmented mode
Resolution: FIXED"
24929,"Product: JDT
Component: UI
Severity: enhancement
Priority: P3
Summary: quick fix: make exception more general [quick fix]
Resolution: FIXED"
82835,"Product: Platform
Component: Ant
Severity: normal
Priority: P3
Summary: Ant Editor should use a shared document provider
Resolution: FIXED"
62254,"Product: Platform
Component: UI
Severity: normal
Priority: P2
Summary: [MarkersView] Markers View attempting to update after shutdown
Resolution: FIXED"
133962,"Product: Platform
Component: SWT
Severity: major
Priority: P3
Summary: SWTException closing GLCanvas in an RCP application on Mac OS X
Resolution: FIXED"
1552,"Product: JDT
Component: Debug
Severity: enhancement
Priority: P3
Summary: Method entry breakpoints and source types (1GC138W)
Resolution: FIXED"
53889,"Product: Platform
Component: UI
Severity: normal
Priority: P2
Summary: [KeyBindings] Missing mnemonics on Keys-> Advanced page
Resolution: DUPLICATE"
5901,"Product: JDT
Component: Debug
Severity: critical
Priority: P2
Summary: Variables not showing up  until read
Resolution: FIXED"
346741,"Product: JDT
Component: Core
Severity: normal
Priority: P3
Summary: [1.7][doc] Update doc when java 1.7 support is done
Resolution: FIXED"
162079,"Product: Platform
Component: UI
Severity: critical
Priority: P3
Summary: [PropertiesView] Properties view should be a post selection listener
Resolution: FIXED"
34859,"Product: JDT
Component: UI
Severity: normal
Priority: P3
Summary: [wording]  wizard titles
Resolution: FIXED"
322331,"Product: JDT
Component: UI
Severity: normal
Priority: P3
Summary: [introduce parameter] IntroduceParameterRefactoring wrong assurance ICompilationUnit => IMethod
Resolution: FIXED"
166107,"Product: Platform
Component: UI
Severity: normal
Priority: P3
Summary: [Quick Access] Quick Access should allow matching to an element for more than one string
Resolution: FIXED"
116924,"Product: Platform
Component: UI
Severity: normal
Priority: P3
Summary: [LinkedResources] Links can now be at arbitrary depth
Resolution: FIXED"
22282,"Product: Platform
Component: Text
Severity: major
Priority: P3
Summary: ctrl+enter will throw null pointer
Resolution: FIXED"
106789,"Product: JDT
Component: Debug
Severity: minor
Priority: P3
Summary: Run menu: Folder selector shows files, too
Resolution: FIXED"
43801,"Product: Platform
Component: UI
Severity: normal
Priority: P1
Summary: [KeyBindings] Can't assign Esc Backspace
Resolution: FIXED"
391379,"Product: Platform
Component: Releng
Severity: normal
Priority: P2
Summary: remove ""equinox tests"" from Hudson's list of jobs
Resolution: FIXED"
34873,"Product: Platform
Component: User Assistance
Severity: normal
Priority: P3
Summary: 2.1 RC2; invisible border for scrollable in working set dialog with hith contrast
Resolution: FIXED"
21420,"Product: JDT
Component: Core
Severity: major
Priority: P1
Summary: Changing .classpath doesn't update JDT
Resolution: FIXED"
117087,"Product: Platform
Component: UI
Severity: major
Priority: P2
Summary: [Perspectives] PerspectiveRegistry leaking a preference store listener
Resolution: FIXED"
389327,"Product: Platform
Component: Text
Severity: enhancement
Priority: P3
Summary: Merge in text POM file changes into 3.8.2/4.2.2
Resolution: FIXED"
209487,"Product: PDE
Component: UI
Severity: enhancement
Priority: P3
Summary: [spy] provide 'Copy Qualified Name' for hyperlinked classes
Resolution: FIXED"
111818,"Product: JDT
Component: Debug
Severity: normal
Priority: P3
Summary: new launch config arguments field should let Ctrl+Enter engage dialog's default button
Resolution: FIXED"
493540,"Product: Platform
Component: User Assistance
Severity: enhancement
Priority: P3
Summary: [Welcome] Fix up documentation for new theme-specific path resolution
Resolution: FIXED"
64052,"Product: JDT
Component: UI
Severity: normal
Priority: P3
Summary: IllegalArgumentException in change method signature [refactoring]
Resolution: FIXED"
56323,"Product: JDT
Component: Text
Severity: major
Priority: P2
Summary: [implementation] NPE when opening file from reprository view
Resolution: FIXED"
26689,"Product: Platform
Component: Ant
Severity: enhancement
Priority: P2
Summary: navigate from ant view to editor
Resolution: FIXED"
1758,"Product: JDT
Component: Debug
Severity: normal
Priority: P2
Summary: Code Review: JDI debug model shutdown (1GLCWH3)
Resolution: FIXED"
62697,"Product: JDT
Component: Core
Severity: normal
Priority: P1
Summary: Need to know if a package reference match is in Javadoc or in Code
Resolution: FIXED"
53352,"Product: JDT
Component: UI
Severity: minor
Priority: P2
Summary: Test case wizard generates wrong code
Resolution: FIXED"
22815,"Product: Platform
Component: Debug
Severity: enhancement
Priority: P3
Summary: Support delete key in viewers
Resolution: FIXED"
16316,"Product: JDT
Component: UI
Severity: normal
Priority: P2
Summary: no indication of filters
Resolution: FIXED"
402476,"Product: Platform
Component: User Assistance
Severity: normal
Priority: P3
Summary: 2 additional points for the ""Accessibility features"" help doc
Resolution: FIXED"
334625,"Product: JDT
Component: UI
Severity: normal
Priority: P3
Summary: [jar exporter] Destination starting with '/' or '\' announced as being relative to the workspace
Resolution: FIXED"
125054,"Product: Platform
Component: Debug
Severity: minor
Priority: P3
Summary: FIlter menu mnuemonic should be letters not numbers
Resolution: FIXED"
21118,"Product: Platform
Component: Search
Severity: normal
Priority: P3
Summary: no mnemonics for Replace, Replace Selected
Resolution: FIXED"
145634,"Product: Platform
Component: Debug
Severity: normal
Priority: P3
Summary: [view management] Context-Based Debug View Activation only uses last contributed binding per view
Resolution: FIXED"
16781,"Product: JDT
Component: UI
Severity: trivial
Priority: P1
Summary: Missing Working Set Icon
Resolution: FIXED"
18581,"Product: JDT
Component: UI
Severity: critical
Priority: P1
Summary: Single element view - markers from other elements shown
Resolution: FIXED"
439034,"Product: PDE
Component: UI
Severity: major
Priority: P3
Summary: [target] User cannot reload p2 target after error resolving
Resolution: FIXED"
75546,"Product: Platform
Component: Debug
Severity: critical
Priority: P3
Summary: hang during debug session
Resolution: FIXED"
50279,"Product: JDT
Component: Text
Severity: major
Priority: P2
Summary: [painting] syntax highlighting broken
Resolution: FIXED"
11207,"Product: Platform
Component: Debug
Severity: normal
Priority: P2
Summary: IDebugViewAdapter should be named IDebugView
Resolution: FIXED"
16344,"Product: JDT
Component: UI
Severity: normal
Priority: P2
Summary: Refresh on package in Java Browsing - both new CU and classes inside are shown
Resolution: WORKSFORME"
465048,"Product: JDT
Component: Core
Severity: normal
Priority: P3
Summary: Binding is null for class literals in synchronized blocks
Resolution: FIXED"
148238,"Product: Platform
Component: User Assistance
Severity: normal
Priority: P3
Summary: [Help] Help preference page has too many groups
Resolution: FIXED"
1550,"Product: JDT
Component: Debug
Severity: enhancement
Priority: P2
Summary: DCR: Launcher Binding (1GBPW6T)
Resolution: FIXED"
34691,"Product: JDT
Component: UI
Severity: trivial
Priority: P3
Summary: [wording]typo in extract temp
Resolution: FIXED"
139900,"Product: JDT
Component: UI
Severity: trivial
Priority: P3
Summary: [Preferences] Missing keyword for compiler pref-page
Resolution: FIXED"
335284,"Product: JDT
Component: Debug
Severity: major
Priority: P1
Summary: OpenFromClipboardTests causes NPEs and test failures
Resolution: FIXED"
383629,"Product: JDT
Component: Core
Severity: normal
Priority: P3
Summary: java.lang.VerifyError: JVMVRFY012 stack shape inconsistent
Resolution: DUPLICATE"
30420,"Product: Platform
Component: Ant
Severity: normal
Priority: P2
Summary: StringIndexOutOfBoundsException on restart with Ant editor active
Resolution: FIXED"
13414,"Product: JDT
Component: Debug
Severity: normal
Priority: P1
Summary: Tight loop with conditional breakpoint locks up UI
Resolution: FIXED"
83937,"Product: JDT
Component: Debug
Severity: normal
Priority: P2
Summary: Timeout waiting for packet
Resolution: FIXED"
185111,"Product: JDT
Component: Text
Severity: normal
Priority: P2
Summary: Can not read java editor when in XPs high contrast mode
Resolution: FIXED"
53136,"Product: Platform
Component: UI
Severity: critical
Priority: P1
Summary: [KeyBindings] Ctrl-S ceased working after a while
Resolution: FIXED"
31007,"Product: JDT
Component: Debug
Severity: normal
Priority: P2
Summary: Use quick fix when no default JRE detected
Resolution: FIXED"
95958,"Product: Platform
Component: Debug
Severity: normal
Priority: P3
Summary: Opening a closed project causes exception in Breakpoints View
Resolution: FIXED"
81299,"Product: Platform
Component: Ant
Severity: normal
Priority: P3
Summary: Retrieving properties fails for empty string properties
Resolution: FIXED"
106388,"Product: Platform
Component: UI
Severity: blocker
Priority: P1
Summary: Directory dialog is unusably slow
Resolution: FIXED"
170641,"Product: JDT
Component: UI
Severity: major
Priority: P2
Summary: FilteredItemsSelectionDialog is flashing when typing
Resolution: FIXED"
461427,"Product: Platform
Component: SWT
Severity: critical
Priority: P3
Summary: SWT fragment missing on classpath in build of SWT tests and tools when moving to tycho 0.23.0-SNAPSHOT
Resolution: FIXED"
277506,"Product: PDE
Component: UI
Severity: normal
Priority: P3
Summary: [doc] Add help contexts for new target platform work
Resolution: FIXED"
112215,"Product: Platform
Component: UI
Severity: enhancement
Priority: P3
Summary: [CommonNavigator] Allow extensions to participate in the save lifecycle
Resolution: FIXED"
27714,"Product: JDT
Component: Core
Severity: critical
Priority: P1
Summary: JavaElement.newNotPresentException
Resolution: FIXED"
94709,"Product: JDT
Component: UI
Severity: normal
Priority: P3
Summary: Quick fix to create method on annotation fails
Resolution: FIXED"
246131,"Product: Platform
Component: UI
Severity: normal
Priority: P3
Summary: [ViewMgmt] PagePartSelectionTracker does not call setPart() for View opend in another Perspective
Resolution: FIXED"
43691,"Product: Platform
Component: UI
Severity: enhancement
Priority: P2
Summary: [Commands] [KeyBindings] parameters: Key bindings should be able to pass parameters to commands
Resolution: FIXED"
40255,"Product: Platform
Component: Ant
Severity: enhancement
Priority: P3
Summary: Ant formatter
Resolution: FIXED"
172245,"Product: Platform
Component: UI
Severity: normal
Priority: P3
Summary: [DataBinding] Snippet004 is broken
Resolution: FIXED"
86177,"Product: Platform
Component: Text
Severity: major
Priority: P1
Summary: [implementation][preferences] crash with non-""system default"" foreground/background colors
Resolution: FIXED"
344101,"Product: Platform
Component: Text
Severity: major
Priority: P3
Summary: [implementation] out-of-sync handling: keeping Eclipse editor content should dirty the editor
Resolution: FIXED"
20066,"Product: Platform
Component: Debug
Severity: normal
Priority: P2
Summary: TVT2: Hardcoded ""None"" in debug preferences
Resolution: FIXED"
248466,"Product: JDT
Component: Debug
Severity: enhancement
Priority: P3
Summary: Cannot launch if build path contains a "".."" entry
Resolution: FIXED"
44613,"Product: JDT
Component: Text
Severity: normal
Priority: P2
Summary: [misc] some actions go to disk everytime they are selected
Resolution: FIXED"
6738,"Product: JDT
Component: Debug
Severity: critical
Priority: P1
Summary: Fatal error in JDWP
Resolution: FIXED"
219449,"Product: JDT
Component: Text
Severity: major
Priority: P3
Summary: [hovering] Expand hovers no longer work due to IAE
Resolution: FIXED"
144503,"Product: JDT
Component: UI
Severity: normal
Priority: P2
Summary: JDT UI JUnit tests fail when ordering of methods reversed
Resolution: FIXED"
73200,"Product: JDT
Component: Debug
Severity: enhancement
Priority: P2
Summary: Support for autoboxing/inboxing in evaluation
Resolution: FIXED"
137248,"Product: Platform
Component: UI
Severity: normal
Priority: P3
Summary: [Reproduction] Baby needs to be born
Resolution: FIXED"
29322,"Product: Platform
Component: Ant
Severity: normal
Priority: P3
Summary: Revert has no effect on Build Options tab
Resolution: FIXED"
339176,"Product: JDT
Component: Text
Severity: minor
Priority: P2
Summary: [navigation] Ctrl+click on continue must jump to the label
Resolution: FIXED"
167486,"Product: Platform
Component: UI
Severity: normal
Priority: P3
Summary: [Quick Access] Remove Mnemonics from tooltip text in ActionElement.java
Resolution: FIXED"
34723,"Product: Platform
Component: UI
Severity: normal
Priority: P3
Summary: [About] [Help] Missing F1 help for config details editor
Resolution: FIXED"
372694,"Product: JDT
Component: Core
Severity: normal
Priority: P3
Summary: Adjust parser generator tools
Resolution: FIXED"
143286,"Product: JDT
Component: Debug
Severity: normal
Priority: P3
Summary: [display view] wrong name for viewaction
Resolution: FIXED"
380721,"Product: Platform
Component: UI
Severity: normal
Priority: P2
Summary: [KeyBindings] Programmatically-created commands are not available in fresh workspace
Resolution: FIXED"
89071,"Product: Platform
Component: UI
Severity: critical
Priority: P1
Summary: [Progress] Progress dialog prevents access to modal error dialog
Resolution: FIXED"
105837,"Product: Platform
Component: UI
Severity: major
Priority: P2
Summary: [Markers] Mnemonic conflicts in Marker views
Resolution: FIXED"
41997,"Product: Platform
Component: Ant
Severity: normal
Priority: P3
Summary: Clean up RemoteAntBuildLogger
Resolution: FIXED"
6580,"Product: JDT
Component: UI
Severity: normal
Priority: P1
Summary: Not possible to select a main class in export jar wizard
Resolution: FIXED"
56839,"Product: Platform
Component: UI
Severity: minor
Priority: P3
Summary: [Icons] Icons for File-Import and File-Export seem the wrong way around
Resolution: WONTFIX"
45315,"Product: JDT
Component: UI
Severity: major
Priority: P2
Summary: NPE while doing a search project references of a package [search]
Resolution: FIXED"
189328,"Product: Platform
Component: Debug
Severity: normal
Priority: P3
Summary: [Accessibility] Run dialog (Common tab) - controls do not provide labels
Resolution: FIXED"
76615,"Product: Platform
Component: Doc
Severity: enhancement
Priority: P2
Summary: [Viewers] Advertise IColorProvider
Resolution: FIXED"
69190,"Product: JDT
Component: Debug
Severity: normal
Priority: P3
Summary: NullPointerException @ org.eclipse.debug.core.sourcelookup.containers.AbstractSourceContainer.isFindDuplicates
Resolution: FIXED"
78496,"Product: JDT
Component: UI
Severity: major
Priority: P3
Summary: ASTFlattener does not serialize EnumConstantDeclarations [code manipulation]
Resolution: FIXED"
436139,"Product: JDT
Component: Core
Severity: major
Priority: P2
Summary: [1.8][search][model] Hierarchy search involving lambda and anonymous class do not find the anonymous class
Resolution: FIXED"
98893,"Product: JDT
Component: UI
Severity: normal
Priority: P2
Summary: Override/implement methods generating exception
Resolution: FIXED"
432876,"Product: Platform
Component: SWT
Severity: normal
Priority: P3
Summary: Using ESC as accelerator does not work on OS X
Resolution: FIXED"
414983,"Product: Platform
Component: UI
Severity: minor
Priority: P3
Summary: [CommonNavigator] Compile warnings in org.eclipse.ui.tests.navigator
Resolution: FIXED"
272019,"Product: PDE
Component: UI
Severity: normal
Priority: P3
Summary: Add to All Plug-ins to Java Search icon looks bad
Resolution: FIXED"
278801,"Product: PDE
Component: UI
Severity: trivial
Priority: P3
Summary: Export wizards have missing mnemonics
Resolution: FIXED"
14277,"Product: Platform
Component: Text
Severity: enhancement
Priority: P2
Summary: [Dialogs] Find, replace and should allow regular expressions
Resolution: FIXED"
108709,"Product: Platform
Component: UI
Severity: critical
Priority: P1
Summary: [Contributions] Every single Java editor is leaked
Resolution: FIXED"
112000,"Product: Platform
Component: UI
Severity: enhancement
Priority: P3
Summary: [Viewers] TreeViewer SWT.VIRTUAL support.
Resolution: FIXED"
405211,"Product: PDE
Component: API Tools
Severity: normal
Priority: P3
Summary: Treat old style (pre-osgi) plugins as valid bundles
Resolution: FIXED"
304135,"Product: JDT
Component: UI
Severity: enhancement
Priority: P2
Summary: [call hierarchy] Allow to pin Call Hierarchy
Resolution: FIXED"
10243,"Product: JDT
Component: Debug
Severity: normal
Priority: P1
Summary: ClassCastException when removing a breakpoint
Resolution: FIXED"
124876,"Product: Platform
Component: UI
Severity: normal
Priority: P2
Summary: problems view: CCE when testing an integer attribute
Resolution: FIXED"
55901,"Product: Platform
Component: UI
Severity: blocker
Priority: P2
Summary: Cannot use a start up plugin in runtime workbench
Resolution: FIXED"
82655,"Product: JDT
Component: UI
Severity: major
Priority: P3
Summary: Search dialog does not store more than 6 pattern strings
Resolution: FIXED"
28195,"Product: JDT
Component: Debug
Severity: normal
Priority: P3
Summary: NPE on shutdown debug remote launch
Resolution: FIXED"
117941,"Product: JDT
Component: Text
Severity: major
Priority: P2
Summary: [implementation] NPE pasting into a Java editor
Resolution: FIXED"
44443,"Product: Platform
Component: UI
Severity: normal
Priority: P2
Summary: [Tasks] Problems View should 'filter' more efficiently
Resolution: FIXED"
62335,"Product: Platform
Component: UI
Severity: normal
Priority: P2
Summary: JavaElementImageProvider.getImage() is almost half of the label update time
Resolution: FIXED"
92547,"Product: Platform
Component: Debug
Severity: normal
Priority: P3
Summary: Job not shut down correctly
Resolution: FIXED"
352196,"Product: PDE
Component: UI
Severity: trivial
Priority: P3
Summary: ExternalModelManager#extractJar - prove for NPE
Resolution: FIXED"
119611,"Product: JDT
Component: Debug
Severity: normal
Priority: P3
Summary: Java Stack Trace Console: source link does not work without space before type name
Resolution: FIXED"
99921,"Product: JDT
Component: UI
Severity: normal
Priority: P3
Summary: Empty working set name remains in working set group
Resolution: FIXED"
298153,"Product: Platform
Component: UI
Severity: normal
Priority: P3
Summary: [Workbench] API use problems in o.e.ui.workbench
Resolution: FIXED"
28157,"Product: Platform
Component: Update  (deprecated - use RT>Equinox>p2)
Severity: normal
Priority: P3
Summary: Can not launch 20021212
Resolution: FIXED"
65336,"Product: Platform
Component: Text
Severity: trivial
Priority: P3
Summary: Open External File... needs mnemonic
Resolution: FIXED"
313392,"Product: PDE
Component: UI
Severity: enhancement
Priority: P3
Summary: Support Import operations on 'Plug-in Dependencies' entries in Project and Package Explorer
Resolution: FIXED"
15862,"Product: JDT
Component: Debug
Severity: normal
Priority: P1
Summary: Cannot add internal jar to classpath
Resolution: FIXED"
10154,"Product: JDT
Component: Debug
Severity: normal
Priority: P3
Summary: Breakpoints with thread filter should be labeled as such
Resolution: FIXED"
347622,"Product: JDT
Component: Text
Severity: normal
Priority: P3
Summary: [typing] Paste with imports doesn't work after using Breadcrumb
Resolution: FIXED"
62237,"Product: Platform
Component: Ant
Severity: normal
Priority: P3
Summary: Ant syntax coloring options lacks a preview
Resolution: FIXED"
477197,"Product: Platform
Component: SWT
Severity: major
Priority: P3
Summary: [GTK3] MenuItem shows multiple icons when setImage(..) called more than once
Resolution: FIXED"
285558,"Product: JDT
Component: Text
Severity: normal
Priority: P3
Summary: [misc] Source attached shows blank untill reopened in the editor
Resolution: FIXED"
139639,"Product: JDT
Component: UI
Severity: normal
Priority: P3
Summary: Odd alt+shift+T (surround w/ Try-Catch) behavior
Resolution: FIXED"
81164,"Product: Platform
Component: UI
Severity: major
Priority: P1
Summary: restoreDefaults for ViewsPreferencePage referring to wrong preference store
Resolution: FIXED"
120620,"Product: JDT
Component: Debug
Severity: normal
Priority: P3
Summary: Static variables show up twice in Find Variables Dialog
Resolution: FIXED"
140291,"Product: JDT
Component: UI
Severity: normal
Priority: P2
Summary: Run both JUnit 3 and JUnit 4 tests in a container
Resolution: FIXED"
73500,"Product: Platform
Component: UI
Severity: major
Priority: P2
Summary: [Workbench] WorkbenchPage.bringToTop does not update activation correctly
Resolution: FIXED"
89748,"Product: Platform
Component: Debug
Severity: trivial
Priority: P2
Summary: [polish] ""Search for duplicate source files"" option doesn't work
Resolution: FIXED"
7578,"Product: Platform
Component: Debug
Severity: normal
Priority: P1
Summary: .metadata launch files not in correct location
Resolution: FIXED"
30222,"Product: Platform
Component: Debug
Severity: normal
Priority: P2
Summary: External tool builder build command path is fully qualified
Resolution: FIXED"
14324,"Product: JDT
Component: Debug
Severity: normal
Priority: P2
Summary: JDI client does not convert primitive method arguments to the correct type
Resolution: FIXED"
132671,"Product: JDT
Component: Debug
Severity: normal
Priority: P2
Summary: [variables] Error dialog after clicking into value field
Resolution: FIXED"
104416,"Product: Platform
Component: Ant
Severity: normal
Priority: P3
Summary: Common tab missing on Ant Build for Java Project Properties Builders
Resolution: FIXED"
468502,"Product: Platform
Component: Releng
Severity: normal
Priority: P3
Summary: Fix Copyright Date
Resolution: FIXED"
25102,"Product: JDT
Component: Debug
Severity: critical
Priority: P1
Summary: Unbound classpath variables after upgrade
Resolution: FIXED"
210310,"Product: JDT
Component: Core
Severity: critical
Priority: P2
Summary: IJavaElementDelta contains wrong data after APT processor is enabled
Resolution: FIXED"
53470,"Product: Platform
Component: Debug
Severity: normal
Priority: P3
Summary: launch waiting for build shows up in context menu
Resolution: FIXED"
352467,"Product: JDT
Component: UI
Severity: trivial
Priority: P2
Summary: [1.7][formatter][preferences] Rename line wrapping preferences for ""try"" and ""catch""
Resolution: FIXED"
172810,"Product: Platform
Component: UI
Severity: normal
Priority: P3
Summary: [QuickAccess] Don't open QuickAccess dialog fully expanded
Resolution: FIXED"
1709,"Product: JDT
Component: Debug
Severity: normal
Priority: P2
Summary: Bad code in ToggleStepFilterAction (1GJUUTP)
Resolution: FIXED"
161401,"Product: Platform
Component: UI
Severity: normal
Priority: P3
Summary: [Viewers] Tweak ColumnViewer-API
Resolution: FIXED"
35231,"Product: JDT
Component: Debug
Severity: normal
Priority: P3
Summary: Launching messages cleanup
Resolution: FIXED"
62897,"Product: Platform
Component: UI
Severity: major
Priority: P2
Summary: Lightweight decorator SafeRunnable does not handle exceptions with no message
Resolution: FIXED"
23607,"Product: JDT
Component: Debug
Severity: normal
Priority: P2
Summary: Bug or Should not log the exception.
Resolution: FIXED"
94781,"Product: Platform
Component: Search
Severity: normal
Priority: P3
Summary: bad cast in FileSearchResult
Resolution: FIXED"
188207,"Product: JDT
Component: UI
Severity: normal
Priority: P3
Summary: [clean up] removes required parentheses around nested conditional expression
Resolution: FIXED"
338234,"Product: JDT
Component: Core
Severity: blocker
Priority: P3
Summary: [compiler] Missing warning for uninitialized variable in dead code
Resolution: FIXED"
95671,"Product: JDT
Component: UI
Severity: minor
Priority: P3
Summary: [javadoc] Missing and duplicate mnemonics on JavadocConfigurationBlock, etc
Resolution: FIXED"
6413,"Product: JDT
Component: UI
Severity: normal
Priority: P3
Summary: incorrect temp inlining
Resolution: FIXED"
439744,"Product: PDE
Component: API Tools
Severity: normal
Priority: P3
Summary: CompareToBaselineWizard fails in Eclipse 4.4
Resolution: FIXED"
160153,"Product: Platform
Component: UI
Severity: normal
Priority: P3
Summary: [Viewers] tableViewer.setUseHashlookup causes wrong selections
Resolution: FIXED"
340353,"Product: JDT
Component: Core
Severity: normal
Priority: P3
Summary: Inappropriate ""Null pointer access"" errors
Resolution: WORKSFORME"
440199,"Product: Platform
Component: UI
Severity: trivial
Priority: P3
Summary: [Preferences] FileEditorsPreferencePage reuses a GridData instance for two different controls
Resolution: FIXED"
70627,"Product: JDT
Component: Debug
Severity: enhancement
Priority: P2
Summary: [J2SE 5] JDI and JDWP enhancements for varargs
Resolution: FIXED"
437902,"Product: Platform
Component: UI
Severity: normal
Priority: P3
Summary: [CSS] PreTVT44: Non-externalized strings on Colors and Fonts Preference panel
Resolution: FIXED"
80764,"Product: Platform
Component: UI
Severity: trivial
Priority: P3
Summary: [Wizards] Bad grammar in the error message given when importing an invalid zip file
Resolution: FIXED"
319667,"Product: PDE
Component: UI
Severity: normal
Priority: P3
Summary: NPE in Plug-in Manifest Builder
Resolution: FIXED"
461560,"Product: Platform
Component: UI
Severity: normal
Priority: P3
Summary: [DataBinding] No PropertyValue for group text
Resolution: FIXED"
13418,"Product: JDT
Component: Debug
Severity: normal
Priority: P2
Summary: ClassCastException on terminate of program with conditional breakpoint
Resolution: FIXED"
173182,"Product: JDT
Component: Debug
Severity: normal
Priority: P3
Summary: NPE from  ExceptionInspector when shutting down workbench
Resolution: FIXED"
7008,"Product: JDT
Component: Debug
Severity: normal
Priority: P3
Summary: Better ordering of actions in Debug menu
Resolution: FIXED"
72794,"Product: Platform
Component: UI
Severity: normal
Priority: P2
Summary: [Decorators] Hierarchy view shows wrong visibility for public method [type hierarchy]
Resolution: FIXED"
67199,"Product: JDT
Component: UI
Severity: normal
Priority: P2
Summary: Compiler pref page: Still refers to 'Full build'
Resolution: FIXED"
65668,"Product: Platform
Component: UI
Severity: major
Priority: P2
Summary: [ViewMgmt] Layout info for placeholders not persisted properly between sessions
Resolution: FIXED"
96928,"Product: JDT
Component: UI
Severity: normal
Priority: P3
Summary: [1.5][model] Creating enum failed with exception in project with source level at 1.4
Resolution: FIXED"
103379,"Product: Platform
Component: UI
Severity: critical
Priority: P2
Summary: [MPE] [EditorMgmt] An editor instance is being leaked each time an editor is open and closed
Resolution: FIXED"
44354,"Product: Platform
Component: Team
Severity: normal
Priority: P2
Summary: [KeyBindings] By default, Delete action not bound in key service
Resolution: FIXED"
66883,"Product: Platform
Component: Ant
Severity: major
Priority: P2
Summary: RC2, external tools: VM arguments not forwarded to separate JRE
Resolution: FIXED"
400170,"Product: Platform
Component: Releng
Severity: normal
Priority: P2
Summary: Remember to add .project file to test feature in R4_2_maintenance
Resolution: FIXED"
102446,"Product: JDT
Component: Debug
Severity: normal
Priority: P3
Summary: Intalled JREs preference pages not in synch with help
Resolution: FIXED"
133512,"Product: JDT
Component: Debug
Severity: normal
Priority: P3
Summary: NPE when clicking on a stacktrace
Resolution: FIXED"
19395,"Product: JDT
Component: UI
Severity: normal
Priority: P3
Summary: Constructor not found by class wizard or by 'Add constructors from superclass'
Resolution: FIXED"
188130,"Product: JDT
Component: UI
Severity: trivial
Priority: P3
Summary: BulletListBlock is not read only
Resolution: FIXED"
51557,"Product: JDT
Component: UI
Severity: normal
Priority: P3
Summary: [formatter] pref page - restore defaults should select ""Default"" profile
Resolution: FIXED"
134892,"Product: Platform
Component: UI
Severity: normal
Priority: P3
Summary: [DataBinding] Serious Concern Over Test Structure / Lack of Tests
Resolution: FIXED"
16351,"Product: JDT
Component: Debug
Severity: normal
Priority: P3
Summary: Inspect and Display incorrectly enabled in the display view
Resolution: FIXED"
75125,"Product: Platform
Component: UI
Severity: normal
Priority: P2
Summary: [Preferences] ScopedPreferenceStore improvements.
Resolution: FIXED"
219393,"Product: Platform
Component: UI
Severity: normal
Priority: P3
Summary: [Viewers] StyledCellLabelProvider update
Resolution: FIXED"
148057,"Product: Platform
Component: Text
Severity: enhancement
Priority: P2
Summary: [misc][api] Allow the construction of an ITextFileBuffer from an IFileStore or a URI
Resolution: FIXED"
112326,"Product: JDT
Component: UI
Severity: normal
Priority: P3
Summary: [preferences] harmonize Java compiler setting descriptions
Resolution: FIXED"
161098,"Product: JDT
Component: Debug
Severity: normal
Priority: P3
Summary: Unbuffered I/O detected in org.eclipse.jdt.internal.launching.LaunchingPlugin.restoreLibraryInfo
Resolution: FIXED"
14832,"Product: JDT
Component: UI
Severity: normal
Priority: P2
Summary: quick fix: terminate comment fix does not work
Resolution: FIXED"
303114,"Product: Platform
Component: UI
Severity: normal
Priority: P3
Summary: [Viewers] ColumnViewer should guard against widget disposal in its listeners
Resolution: FIXED"
17564,"Product: JDT
Component: Core
Severity: critical
Priority: P2
Summary: Register java file types with the team plugin
Resolution: FIXED"
34697,"Product: JDT
Component: Text
Severity: normal
Priority: P3
Summary: [wording] Title casing issues
Resolution: FIXED"
91776,"Product: JDT
Component: Debug
Severity: normal
Priority: P2
Summary: Primitives show [+] when no children
Resolution: FIXED"
16733,"Product: JDT
Component: UI
Severity: normal
Priority: P1
Summary: Builder pref - Cannot exclude folder from resource copying
Resolution: FIXED"
54993,"Product: JDT
Component: Debug
Severity: normal
Priority: P3
Summary: Internal Error while building
Resolution: FIXED"
9178,"Product: Platform
Component: Debug
Severity: normal
Priority: P1
Summary: Remove All Terminated always disabled?
Resolution: FIXED"
280276,"Product: PDE
Component: UI
Severity: normal
Priority: P3
Summary: executeCommand('org.eclipse.ui.window.preferences(preferencePageId=org.eclipse.pde.ui.TargetPlatformPreferencePage)') do not open Target Platform page
Resolution: FIXED"
36185,"Product: Platform
Component: Team
Severity: normal
Priority: P2
Summary: [CVS Repo View] inconsistent folder and module context menus.
Resolution: FIXED"
215829,"Product: JDT
Component: Text
Severity: normal
Priority: P3
Summary: [breadcrumb] provide F1 help
Resolution: FIXED"
105260,"Product: Platform
Component: Search
Severity: normal
Priority: P3
Summary: [BIDI] need to add $nl$/ to icon paths for reversed icons
Resolution: FIXED"
11688,"Product: Platform
Component: Team
Severity: normal
Priority: P2
Summary: [CVS Sync View] Add to .cvsignore does not appear in advanced mode
Resolution: FIXED"
20865,"Product: JDT
Component: Core
Severity: major
Priority: P2
Summary: nullPointerException being thrown by Class Type.resolveBinding()
Resolution: FIXED"
127204,"Product: JDT
Component: Debug
Severity: normal
Priority: P3
Summary: NPE in LaunchView$6.run
Resolution: FIXED"
157757,"Product: JDT
Component: UI
Severity: normal
Priority: P3
Summary: [clean up] Code Formating tab page should be named 'Code Formatting'
Resolution: FIXED"
88218,"Product: Platform
Component: Ant
Severity: normal
Priority: P3
Summary: ant debugger requires 2 step intos to go into ant task
Resolution: FIXED"
121797,"Product: Platform
Component: UI
Severity: normal
Priority: P3
Summary: [Viewers] internalRefresh(Object)
Resolution: FIXED"
355890,"Product: PDE
Component: UI
Severity: normal
Priority: P3
Summary: Target platform does not recognize bundles with extension other than *.jar
Resolution: FIXED"
111742,"Product: JDT
Component: UI
Severity: normal
Priority: P3
Summary: [quick fix] fix for assigning raw
Resolution: FIXED"
43581,"Product: Platform
Component: UI
Severity: normal
Priority: P2
Summary: [MPE] MultiPageEditorPart has class cast error in pageChange
Resolution: FIXED"
32231,"Product: Platform
Component: UI
Severity: enhancement
Priority: P3
Summary: [Key Bindings] Ctrl+F4 and Ctrl+W showing up as conflict
Resolution: FIXED"
85665,"Product: JDT
Component: Debug
Severity: trivial
Priority: P3
Summary: New JRE container dialog shows empty combo
Resolution: FIXED"
126165,"Product: JDT
Component: Debug
Severity: normal
Priority: P3
Summary: Snipptet editor's 'documentSetup' extension violates spec
Resolution: FIXED"
331858,"Product: PDE
Component: Doc
Severity: normal
Priority: P3
Summary: Add help doc for api use scan pref page
Resolution: FIXED"
38980,"Product: Platform
Component: Debug
Severity: normal
Priority: P3
Summary: var descriptions not persisted.
Resolution: FIXED"
415943,"Product: JDT
Component: Core
Severity: normal
Priority: P3
Summary: Set 'code.ignoredWarnings' for test bundles in order to use global build settings
Resolution: FIXED"
4078,"Product: JDT
Component: UI
Severity: critical
Priority: P1
Summary: Export to Jar does not include root-level resources (1GHSDS1)
Resolution: FIXED"
99785,"Product: Platform
Component: Update  (deprecated - use RT>Equinox>p2)
Severity: normal
Priority: P2
Summary: Show feature image in the properties
Resolution: FIXED"
58255,"Product: Platform
Component: Team
Severity: normal
Priority: P2
Summary: multiple stores on the same host leads to mismatched authInfo for synch
Resolution: FIXED"
220002,"Product: JDT
Component: Text
Severity: enhancement
Priority: P2
Summary: [hovering] Add 'Show in Properties File' action to NLS key hover
Resolution: FIXED"
36152,"Product: Platform
Component: Debug
Severity: normal
Priority: P3
Summary: Workbench Help set on wrong Composite
Resolution: FIXED"
52646,"Product: JDT
Component: Text
Severity: major
Priority: P2
Summary: Widget disposed errors in log from content assist
Resolution: FIXED"
17694,"Product: JDT
Component: UI
Severity: major
Priority: P1
Summary: NPE: refactoring actions for .java file opened from repository enabled in pull down menu
Resolution: FIXED"
257176,"Product: Platform
Component: UI
Severity: enhancement
Priority: P3
Summary: [Viewers] Improve Look and Feel of FilteredTree (gray affordance)
Resolution: FIXED"
33318,"Product: Platform
Component: UI
Severity: normal
Priority: P3
Summary: [Linked resources] Resolved location should only be shown for linked resources bound to a variable
Resolution: FIXED"
353770,"Product: PDE
Component: UI
Severity: normal
Priority: P3
Summary: [target] INVALID externalized string in New Target Definition wizard
Resolution: FIXED"
90318,"Product: Platform
Component: Debug
Severity: normal
Priority: P2
Summary: Change string externalization to use new format
Resolution: FIXED"
30493,"Product: Platform
Component: Debug
Severity: normal
Priority: P2
Summary: No need for the verify key listener in the VariablesView
Resolution: FIXED"
97103,"Product: Platform
Component: Debug
Severity: trivial
Priority: P3
Summary: Right-Clicked menu terminate button is disabled in Console view after highlighting text
Resolution: FIXED"
58263,"Product: Platform
Component: Ant
Severity: normal
Priority: P3
Summary: organization of colors for Ant
Resolution: FIXED"
57208,"Product: Platform
Component: Team
Severity: normal
Priority: P2
Summary: [CVS] rcinfo; CVS: lines; Commit dialog does not handle commit template well
Resolution: FIXED"
332606,"Product: PDE
Component: UI
Severity: normal
Priority: P3
Summary: IllegalArgumentException in BundleManifestSourceLocationManager
Resolution: FIXED"
63791,"Product: JDT
Component: UI
Severity: normal
Priority: P3
Summary: [Decorators] M9 - Package symbol overlayed by CVS decorators.
Resolution: FIXED"
114598,"Product: Platform
Component: UI
Severity: major
Priority: P2
Summary: ClassCastException when menu popped up on Pending.
Resolution: FIXED"
355109,"Product: PDE
Component: UI
Severity: normal
Priority: P3
Summary: NPE searching for references to extension point
Resolution: FIXED"
35385,"Product: JDT
Component: UI
Severity: minor
Priority: P3
Summary: [package explorer] Add Task action not disabled for closed projects
Resolution: FIXED"
164653,"Product: Platform
Component: UI
Severity: normal
Priority: P3
Summary: [DataBinding] Ensure and document thread safety
Resolution: FIXED"
188376,"Product: JDT
Component: UI
Severity: normal
Priority: P3
Summary: [package explorer] Tests log NPE in PackageExplorerPart.saveState
Resolution: FIXED"
54664,"Product: Platform
Component: Ant
Severity: major
Priority: P1
Summary: Cannot run a build.xml from a non-Java project
Resolution: FIXED"
24034,"Product: Platform
Component: Ant
Severity: normal
Priority: P1
Summary: Ant: Buildfile: Target: Spaces in target names confuse eclipse
Resolution: FIXED"
239982,"Product: Platform
Component: UI
Severity: normal
Priority: P3
Summary: [Metadata] API error in org.eclipse.ui
Resolution: FIXED"
367836,"Product: JDT
Component: Core
Severity: normal
Priority: P3
Summary: Inconsistent source range for error from build and reconciler (declared package does not match expected)
Resolution: FIXED"
17473,"Product: JDT
Component: UI
Severity: major
Priority: P2
Summary: Refactoring - ""Extract Local Variable..."" should add the new local after the old one
Resolution: FIXED"
65775,"Product: Platform
Component: UI
Severity: normal
Priority: P2
Summary: [KeyBindings] interactions: Next Word (ALT+F in emacs) mode is flaky
Resolution: FIXED"
328237,"Product: JDT
Component: Text
Severity: trivial
Priority: P3
Summary: [spell checking] ""Equinox"" not recognized in default spelling engine
Resolution: FIXED"
47150,"Product: Platform
Component: UI
Severity: normal
Priority: P2
Summary: [Progress] ProgressMonitorJobsDialog used on shutdown
Resolution: FIXED"
148615,"Product: JDT
Component: UI
Severity: normal
Priority: P3
Summary: [JUnit] JUnit 4 does not recognize JunitTestCase if @Test is only in superclass
Resolution: FIXED"
97847,"Product: Platform
Component: Debug
Severity: normal
Priority: P3
Summary: An internal error occurred during: ""Fetching children from debug target""
Resolution: FIXED"
16721,"Product: JDT
Component: UI
Severity: normal
Priority: P2
Summary: Add and update extension point docs
Resolution: FIXED"
99174,"Product: Platform
Component: Debug
Severity: normal
Priority: P3
Summary: launch view should use async instead of sync
Resolution: FIXED"
17065,"Product: JDT
Component: Debug
Severity: normal
Priority: P1
Summary: Sharing JRE
Resolution: FIXED"
95477,"Product: Platform
Component: Debug
Severity: normal
Priority: P2
Summary: Infinite ""restore viewer state"" in Registers view
Resolution: FIXED"
72868,"Product: Platform
Component: UI
Severity: normal
Priority: P2
Summary: [Progress] Blocked by invisible job
Resolution: FIXED"
493119,"Product: Platform
Component: User Assistance
Severity: normal
Priority: P3
Summary: Issues with new org.eclipse.ui.intro.quicklinks and org.eclipse.ui.intro.quicklinks.examples
Resolution: FIXED"
282468,"Product: JDT
Component: Text
Severity: minor
Priority: P3
Summary: [typing] Add Javadocs somewhat slow and have annoying progress window
Resolution: FIXED"
15522,"Product: JDT
Component: Debug
Severity: normal
Priority: P1
Summary: Rename Debug menu to ""Run""
Resolution: FIXED"
8404,"Product: JDT
Component: Debug
Severity: normal
Priority: P3
Summary: HCR does not pop frames with non-fully qualified named parameters
Resolution: FIXED"
130201,"Product: Platform
Component: Debug
Severity: normal
Priority: P2
Summary: Debug view doesn't select the last stopped thread
Resolution: FIXED"
250198,"Product: Platform
Component: UI
Severity: normal
Priority: P2
Summary: [CommonNavigator] Allow CommonNavigator to be subclassed
Resolution: FIXED"
309104,"Product: PDE
Component: UI
Severity: major
Priority: P3
Summary: plugin.xml editor very slow when XML not correct
Resolution: FIXED"
9421,"Product: Platform
Component: Debug
Severity: normal
Priority: P1
Summary: NPE out of the LaunchView on shutdown with running target
Resolution: FIXED"
58213,"Product: Platform
Component: UI
Severity: normal
Priority: P1
Summary: [EditorMgmt] NullPointerException in EditorPresentation when getTitleToolTip returns null
Resolution: FIXED"
220582,"Product: Platform
Component: UI
Severity: normal
Priority: P3
Summary: FilteredItemsSelectionDialog: add support for styled labels
Resolution: FIXED"
373944,"Product: JDT
Component: Text
Severity: normal
Priority: P3
Summary: [breadcrumb] should show package-info.java
Resolution: FIXED"
47093,"Product: Platform
Component: UI
Severity: normal
Priority: P1
Summary: [KeyBindings] F5 (for refresh) doesn't work in the navigator view when selection a Java project
Resolution: FIXED"
50016,"Product: Platform
Component: Ant
Severity: normal
Priority: P3
Summary: AntEditorPreferencePage does not present all of the annotation prefs
Resolution: FIXED"
324391,"Product: JDT
Component: Text
Severity: normal
Priority: P3
Summary: [content assist] Still too many semicolons after constructor completion
Resolution: FIXED"
287712,"Product: Platform
Component: User Assistance
Severity: enhancement
Priority: P3
Summary: [Webapp] Allow additional buttons to be added to the help webapp
Resolution: FIXED"
16219,"Product: JDT
Component: Debug
Severity: normal
Priority: P2
Summary: re-setting ""use default classpath"" does not work
Resolution: FIXED"
85473,"Product: JDT
Component: Debug
Severity: normal
Priority: P3
Summary: Can't edit/restore contributed logical structures
Resolution: FIXED"
149300,"Product: Platform
Component: Update  (deprecated - use RT>Equinox>p2)
Severity: major
Priority: P3
Summary: Unable to install new plugins on Vista Beta 2
Resolution: FIXED"
389196,"Product: PDE
Component: UI
Severity: normal
Priority: P3
Summary: [target] Active target platform is not in sync after restart
Resolution: FIXED"
38662,"Product: Platform
Component: UI
Severity: enhancement
Priority: P3
Summary: [Viewers] Accessibility: unable to resize a table column using keyboard only
Resolution: FIXED"
107839,"Product: Platform
Component: UI
Severity: minor
Priority: P3
Summary: [WorkbenchLauncher] Startup progress bar should announce loading, not loaded
Resolution: FIXED"
99113,"Product: JDT
Component: Core
Severity: normal
Priority: P3
Summary: [ast rewrite] ListRewrite should throw IllegalArgumentException when trying to remove non-existing node [ast rewrite]
Resolution: FIXED"
193577,"Product: Platform
Component: UI
Severity: major
Priority: P1
Summary: [CommonNavigator] Remaining glitches with Web project java navigator provider
Resolution: FIXED"
26667,"Product: Platform
Component: Ant
Severity: major
Priority: P2
Summary: External Tool variables are expanded in launch config dialog
Resolution: FIXED"
16919,"Product: Platform
Component: Ant
Severity: critical
Priority: P1
Summary: [ExternalTools] Canceling external tool gives useless error message
Resolution: FIXED"
219478,"Product: JDT
Component: UI
Severity: major
Priority: P3
Summary: [clean up] Code clean up mistakenly removes a required ""this"" keyword
Resolution: FIXED"
31309,"Product: JDT
Component: Text
Severity: normal
Priority: P2
Summary: Icons in vertical ruler are not vertically centered in text line
Resolution: FIXED"
139593,"Product: Platform
Component: Debug
Severity: major
Priority: P2
Summary: Expression View does not clean up children when an expression becomes invalid
Resolution: FIXED"
91524,"Product: JDT
Component: Text
Severity: major
Priority: P2
Summary: [nls tooling] AssertionFailedException when externalizing strings
Resolution: FIXED"
370396,"Product: PDE
Component: UI
Severity: normal
Priority: P3
Summary: Compile warnings in official build
Resolution: FIXED"
173152,"Product: JDT
Component: Debug
Severity: normal
Priority: P3
Summary: missing element in tree when 'no monitor information'
Resolution: FIXED"
342056,"Product: JDT
Component: Core
Severity: normal
Priority: P3
Summary: [1.7] Unused variable not detected in resource list of try-with-resources
Resolution: INVALID"
38967,"Product: Platform
Component: Debug
Severity: normal
Priority: P2
Summary: simple launch variables & lazy init of plug-ins
Resolution: FIXED"
19162,"Product: PDE
Component: UI
Severity: normal
Priority: P2
Summary: Message shown twice in Run Dialog
Resolution: FIXED"
1643,"Product: JDT
Component: Debug
Severity: normal
Priority: P2
Summary: README: Scrapbook does not clean up its temp files. (1GF808S)
Resolution: FIXED"
95000,"Product: JDT
Component: UI
Severity: normal
Priority: P3
Summary: CCE trying to use quickfix in an annotation type
Resolution: FIXED"
267171,"Product: Platform
Component: Compare
Severity: enhancement
Priority: P3
Summary: Compare editor on local file: 'Open' action should set selection
Resolution: FIXED"
17020,"Product: JDT
Component: UI
Severity: normal
Priority: P1
Summary: Refactor move class not updating imports
Resolution: FIXED"
342707,"Product: JDT
Component: Core
Severity: normal
Priority: P3
Summary: Invalid redundant null check warning
Resolution: INVALID"
4261,"Product: JDT
Component: UI
Severity: normal
Priority: P3
Summary: Error icon in TypeHierarchy outline (1GL3ASH)
Resolution: FIXED"
100478,"Product: Platform
Component: Debug
Severity: minor
Priority: P3
Summary: [Memory View]: Adding 0 memory blocks
Resolution: FIXED"
40300,"Product: JDT
Component: UI
Severity: minor
Priority: P3
Summary: Compiler pref page does not disable unavailable preferences [build path]
Resolution: FIXED"
31767,"Product: Platform
Component: Ant
Severity: normal
Priority: P2
Summary: Targets tab usability
Resolution: FIXED"
279147,"Product: PDE
Component: UI
Severity: normal
Priority: P3
Summary: [patch] [samples] array index out of range error
Resolution: FIXED"
13613,"Product: Platform
Component: Debug
Severity: normal
Priority: P2
Summary: Delegating presentation and #setAttribute()...
Resolution: FIXED"
320552,"Product: PDE
Component: UI
Severity: normal
Priority: P3
Summary: API for bundle importers and bundle import pages
Resolution: FIXED"
12208,"Product: JDT
Component: Debug
Severity: critical
Priority: P1
Summary: NPE in AST eval
Resolution: FIXED"
11128,"Product: JDT
Component: Debug
Severity: normal
Priority: P2
Summary: Access to a field in a particular super-type through IJavaObject
Resolution: FIXED"
65388,"Product: JDT
Component: UI
Severity: normal
Priority: P3
Summary: Unbound library container have an error marker which isn't propagated
Resolution: FIXED"
213315,"Product: Platform
Component: UI
Severity: normal
Priority: P3
Summary: [Viewers] [JFace] ComboBoxViewerCellEditor does not handle nulls and activation correctly
Resolution: FIXED"
287679,"Product: PDE
Component: UI
Severity: major
Priority: P3
Summary: Clean + build ==> NPE in FeatureErrorReporter.validateVersion
Resolution: FIXED"
181204,"Product: Platform
Component: Debug
Severity: enhancement
Priority: P3
Summary: [launching] context launching of non-resource based objects
Resolution: FIXED"
34055,"Product: Platform
Component: Text
Severity: normal
Priority: P3
Summary: [wording] Typo in command ""US ACSII Encoding""
Resolution: FIXED"
10218,"Product: Platform
Component: Debug
Severity: normal
Priority: P1
Summary: breakpoint change mechanism
Resolution: FIXED"
147705,"Product: Platform
Component: Text
Severity: enhancement
Priority: P2
Summary: [rulers] Live annotate - support to color by age in addition to color by contributor
Resolution: FIXED"
96302,"Product: JDT
Component: Text
Severity: trivial
Priority: P3
Summary: [implementation] useless statement in getAutoEditStrategies(...)
Resolution: FIXED"
27092,"Product: Platform
Component: Debug
Severity: normal
Priority: P2
Summary: Only update variables/expressions when visible
Resolution: FIXED"
93273,"Product: Platform
Component: Ant
Severity: normal
Priority: P3
Summary: AntEditor caching of AntModel
Resolution: FIXED"
433053,"Product: Platform
Component: UI
Severity: normal
Priority: P3
Summary: ModelAssembler#topoSort() should handle cycles
Resolution: FIXED"
16848,"Product: JDT
Component: Debug
Severity: normal
Priority: P2
Summary: Object collected exceptions
Resolution: FIXED"
114819,"Product: Platform
Component: UI
Severity: major
Priority: P2
Summary: [Progress] Groups show up twice in the progress view
Resolution: FIXED"
9056,"Product: JDT
Component: Debug
Severity: normal
Priority: P1
Summary: API - suspend on uncaught exception
Resolution: FIXED"
469803,"Product: PDE
Component: UI
Severity: enhancement
Priority: P3
Summary: [patch] Eclipse-SourceReferences not supported in ctrl+space suggestions
Resolution: FIXED"
71419,"Product: Platform
Component: Ant
Severity: enhancement
Priority: P3
Summary: Missing action for 'External Tools Launch Configuration'
Resolution: FIXED"
107383,"Product: Platform
Component: Debug
Severity: normal
Priority: P3
Summary: testCaseSensitiveQualifiedSourceLookup failure
Resolution: FIXED"
81161,"Product: JDT
Component: Text
Severity: normal
Priority: P3
Summary: [nls tooling] Hyperlink navigation from ClassFile to .properties finds no key
Resolution: FIXED"
82814,"Product: Platform
Component: UI
Severity: enhancement
Priority: P2
Summary: [Import/Export] ZipFileExporter and TarFileExporter could use less memory
Resolution: FIXED"
173101,"Product: JDT
Component: Debug
Severity: minor
Priority: P3
Summary: Inspector and Variables view incorrectly escapes single quotes in strings
Resolution: FIXED"
63340,"Product: Platform
Component: Debug
Severity: enhancement
Priority: P3
Summary: Remove DebugContextManager
Resolution: FIXED"
58237,"Product: Platform
Component: Team
Severity: major
Priority: P2
Summary: cannot handle folders without etag on server side
Resolution: FIXED"
137877,"Product: Platform
Component: UI
Severity: normal
Priority: P3
Summary: [DataBinding] StructuredViewerObservableValue javadoc and code cleanup
Resolution: FIXED"
29720,"Product: Platform
Component: Debug
Severity: enhancement
Priority: P2
Summary: launch dialog for edit/run of a single config
Resolution: FIXED"
84999,"Product: JDT
Component: Debug
Severity: normal
Priority: P2
Summary: can no longer set line breakpoint in external files
Resolution: FIXED"
95944,"Product: JDT
Component: Debug
Severity: normal
Priority: P3
Summary: Array indexes inconsistency after 10000
Resolution: FIXED"
19204,"Product: Platform
Component: UI
Severity: major
Priority: P2
Summary: Missing mnemonics for Workbench preference page
Resolution: FIXED"
54748,"Product: Platform
Component: UI
Severity: major
Priority: P1
Summary: progress, background operations, and novice users
Resolution: FIXED"
135056,"Product: Platform
Component: Text
Severity: normal
Priority: P3
Summary: [typing] Double click doesn't always select a word
Resolution: FIXED"
17699,"Product: JDT
Component: UI
Severity: normal
Priority: P2
Summary: Java Editor: Local Histroy menu entries are enabled for read-only files
Resolution: FIXED"
244820,"Product: JDT
Component: Core
Severity: enhancement
Priority: P3
Summary: Content assist after 'instanceof' should also work in assignment
Resolution: FIXED"
76204,"Product: JDT
Component: Debug
Severity: normal
Priority: P2
Summary: ThreadMonitorManager active when info toggle off
Resolution: FIXED"
9483,"Product: JDT
Component: Debug
Severity: critical
Priority: P1
Summary: NPE in LaunchConfigurationTypePropertyPage
Resolution: FIXED"
352026,"Product: JDT
Component: Core
Severity: normal
Priority: P3
Summary: [java7] Syntax error for a new key "";opt"" in a Java resource bundle file
Resolution: DUPLICATE"
124124,"Product: Platform
Component: UI
Severity: enhancement
Priority: P2
Summary: [Markers] Group sorting needs criterea other than lexical value
Resolution: FIXED"
79426,"Product: Platform
Component: Debug
Severity: normal
Priority: P2
Summary: Exception in log file
Resolution: FIXED"
73110,"Product: Platform
Component: Debug
Severity: normal
Priority: P3
Summary: IConsoleColorProvider is not disconnected
Resolution: FIXED"
230122,"Product: JDT
Component: UI
Severity: enhancement
Priority: P3
Summary: [JUnit] JUnit view could be selection provider
Resolution: FIXED"
1769,"Product: JDT
Component: Debug
Severity: normal
Priority: P1
Summary: Hit count watchpoints not always re-enabled (1GLE911)
Resolution: FIXED"
260980,"Product: Platform
Component: Text
Severity: trivial
Priority: P2
Summary: [block selection] Need image for block selection mode
Resolution: FIXED"
119528,"Product: JDT
Component: UI
Severity: enhancement
Priority: P3
Summary: [build path] ""Add Java Source Attachment"" default path should be Jar's path
Resolution: FIXED"
85325,"Product: JDT
Component: Debug
Severity: normal
Priority: P2
Summary: SIOOBE in 1.5 method
Resolution: FIXED"
83364,"Product: Platform
Component: Ant
Severity: enhancement
Priority: P3
Summary: Buildfile dialog does not recall the last directory selected.
Resolution: FIXED"
28029,"Product: Platform
Component: UI
Severity: normal
Priority: P3
Summary: [Editor management] NPE:  createTab
Resolution: FIXED"
391789,"Product: Platform
Component: Releng
Severity: normal
Priority: P2
Summary: Cleanup/fixup equinox repos in repositories.txt
Resolution: FIXED"
48154,"Product: JDT
Component: UI
Severity: normal
Priority: P2
Summary: NPE invoking quickfix on class [quick fix]
Resolution: FIXED"
185069,"Product: JDT
Component: Text
Severity: enhancement
Priority: P2
Summary: [spell checking] Provide easy setup of user dictionary
Resolution: FIXED"
133970,"Product: Platform
Component: Team
Severity: normal
Priority: P2
Summary: [Model Sync] TODOs in ResourceSaveableComparison
Resolution: FIXED"
310423,"Product: JDT
Component: Core
Severity: normal
Priority: P3
Summary: [content assist] After 'implements' annotation types should not be proposed
Resolution: FIXED"
147116,"Product: Platform
Component: Debug
Severity: trivial
Priority: P3
Summary: [Context Help] missing F1 help for console actions
Resolution: FIXED"
3666,"Product: JDT
Component: UI
Severity: critical
Priority: P1
Summary: CodeCompletion - Hungry code assist (1GDRYW5)
Resolution: FIXED"
329813,"Product: Platform
Component: User Assistance
Severity: normal
Priority: P3
Summary: [Forms] Compiler warnings in N20101108-2000 build in ui.forms
Resolution: FIXED"
184056,"Product: JDT
Component: Text
Severity: enhancement
Priority: P2
Summary: [hovering] Tool tip on closing curly bracket
Resolution: FIXED"
154939,"Product: JDT
Component: UI
Severity: major
Priority: P3
Summary: [clean up] Convert iterable loop does not detect additional breaking conditions
Resolution: FIXED"
6322,"Product: JDT
Component: UI
Severity: normal
Priority: P1
Summary: All types dialog shows obfuscated classes
Resolution: FIXED"
69229,"Product: JDT
Component: Debug
Severity: normal
Priority: P2
Summary: Importing Preferences overwrites existing classpath variable values
Resolution: FIXED"
20370,"Product: JDT
Component: Debug
Severity: normal
Priority: P3
Summary: NullPointerException getting thread group name.
Resolution: FIXED"
1708,"Product: JDT
Component: Debug
Severity: minor
Priority: P2
Summary: Consistency in the presentation of the Display, Run, Inspect (1GJUH54)
Resolution: FIXED"
18960,"Product: JDT
Component: UI
Severity: critical
Priority: P1
Summary: SelectMarkerRulerAction NullPointerException
Resolution: FIXED"
62206,"Product: Platform
Component: UI
Severity: normal
Priority: P2
Summary: [Progress] Blocked save shows window title in progress dialog
Resolution: FIXED"
243266,"Product: JDT
Component: Text
Severity: normal
Priority: P3
Summary: [implementation] Don't set clipboard if textData is null in ClipboardOperationAction.doCutCopyWithImportsOperation()
Resolution: FIXED"
64909,"Product: JDT
Component: UI
Severity: normal
Priority: P3
Summary: No post selection listener on hierarchy view
Resolution: FIXED"
66272,"Product: Platform
Component: Compare
Severity: normal
Priority: P3
Summary: remove packages prefixes tag from plugin.xml
Resolution: FIXED"
350951,"Product: PDE
Component: UI
Severity: normal
Priority: P3
Summary: [target] Buttons on Implicit Dependencies tab of New Target Definition wizard not justified
Resolution: FIXED"
9861,"Product: JDT
Component: Debug
Severity: normal
Priority: P2
Summary: Double-click does not work for strings in scrapbook page
Resolution: FIXED"
84141,"Product: Platform
Component: UI
Severity: normal
Priority: P2
Summary: [Decorators]  DecoratorScheduler should not lock UI Thread
Resolution: FIXED"
41156,"Product: Platform
Component: Ant
Severity: normal
Priority: P3
Summary: Links for tasks missing if use -debug
Resolution: FIXED"
60067,"Product: Platform
Component: Ant
Severity: major
Priority: P2
Summary: Ant Editor adds marker which cannot be deleted
Resolution: FIXED"
81099,"Product: JDT
Component: UI
Severity: normal
Priority: P2
Summary: JUnit preference does not Restore Defaults [JUnit]
Resolution: FIXED"
95300,"Product: Platform
Component: Ant
Severity: minor
Priority: P3
Summary: Ant export filter: Buildfiles are not indented with JRE 1.5
Resolution: FIXED"
72224,"Product: Platform
Component: Ant
Severity: normal
Priority: P3
Summary: Error logged when failure to get introspection helper
Resolution: FIXED"
329288,"Product: JDT
Component: Core
Severity: major
Priority: P3
Summary: Fetching parameter names literally hangs on a class with a lot of methods
Resolution: FIXED"
93051,"Product: Platform
Component: UI
Severity: major
Priority: P2
Summary: [Undo] Compile error org.eclipse.ui.operations.NonLocalUndoUserApprover
Resolution: FIXED"
63251,"Product: Platform
Component: UI
Severity: normal
Priority: P2
Summary: [KeyBindings] interactions: If a key doesn't match while a prefix exists, then the key is not swallowed
Resolution: FIXED"
9204,"Product: JDT
Component: Debug
Severity: normal
Priority: P1
Summary: NPE in Java Launch Configuration Delegate
Resolution: FIXED"
491425,"Product: Platform
Component: UI
Severity: normal
Priority: P3
Summary: [Browsers] OpenBrowserHandler may call IWebBrowser.openURL on non-UI thread
Resolution: FIXED"
100443,"Product: JDT
Component: UI
Severity: normal
Priority: P2
Summary: [open type] Open type dialog doesn't show compress JDK information anymore
Resolution: FIXED"
118422,"Product: JDT
Component: UI
Severity: major
Priority: P3
Summary: Quick fix causes CoreException
Resolution: FIXED"
55442,"Product: Platform
Component: Debug
Severity: minor
Priority: P3
Summary: ClassCastException in LaunchViewEventHandler
Resolution: FIXED"
24628,"Product: JDT
Component: UI
Severity: normal
Priority: P3
Summary: Search doesn't find References to binary String constants
Resolution: FIXED"
119391,"Product: Platform
Component: Debug
Severity: normal
Priority: P3
Summary: Many NPEs in DebugTargetProxy.containsEvent
Resolution: FIXED"
34306,"Product: JDT
Component: UI
Severity: normal
Priority: P3
Summary: [wording]bad wording in 'surround with try/catch'
Resolution: FIXED"
59755,"Product: Platform
Component: Ant
Severity: normal
Priority: P3
Summary: Cannot set ant home to ant used in 2.1.x
Resolution: FIXED"
129524,"Product: JDT
Component: Debug
Severity: normal
Priority: P3
Summary: Inconsistent terminology for derived types in pop-up menus
Resolution: FIXED"
157187,"Product: JDT
Component: UI
Severity: normal
Priority: P2
Summary: [refactoring] actions related to refactoring scripts should be API
Resolution: FIXED"
176853,"Product: JDT
Component: Debug
Severity: major
Priority: P3
Summary: Launch configurations go missing
Resolution: FIXED"
393558,"Product: Platform
Component: Releng
Severity: normal
Priority: P2
Summary: Update our builds to use latest (Kepler M3) compiler
Resolution: FIXED"
64696,"Product: JDT
Component: Debug
Severity: enhancement
Priority: P2
Summary: Allow interfaces in detail formatter
Resolution: FIXED"
370182,"Product: JDT
Component: Core
Severity: normal
Priority: P3
Summary: [compiler] investigate caching compiler options
Resolution: WONTFIX"
23723,"Product: JDT
Component: Debug
Severity: enhancement
Priority: P3
Summary: Quick link to ""formatter""
Resolution: FIXED"
9229,"Product: JDT
Component: Debug
Severity: normal
Priority: P3
Summary: Console terminate not enabled in Java perspective
Resolution: FIXED"
94250,"Product: JDT
Component: UI
Severity: normal
Priority: P3
Summary: [Forms] Project Creation with ampersand in Title fails
Resolution: FIXED"
165689,"Product: Platform
Component: Text
Severity: enhancement
Priority: P2
Summary: [spell checking] enable quick fix menu
Resolution: FIXED"
6746,"Product: JDT
Component: Debug
Severity: critical
Priority: P1
Summary: Class cast exception during hotswap
Resolution: FIXED"
96820,"Product: JDT
Component: Debug
Severity: normal
Priority: P3
Summary: JME during Source lookup
Resolution: FIXED"
24903,"Product: JDT
Component: Debug
Severity: normal
Priority: P2
Summary: ResourceException while importing plugins
Resolution: FIXED"
107206,"Product: JDT
Component: UI
Severity: minor
Priority: P3
Summary: [add import] Add import should special case class literal
Resolution: FIXED"
94399,"Product: JDT
Component: UI
Severity: normal
Priority: P3
Summary: [preferences] Multiple requests for rebuild
Resolution: FIXED"
90237,"Product: Platform
Component: Ant
Severity: normal
Priority: P3
Summary: Ant view marks as error buildfiles with no targets
Resolution: FIXED"
117083,"Product: Platform
Component: Debug
Severity: normal
Priority: P3
Summary: [flex-hierarchy] find variable does not select chosen variable
Resolution: FIXED"
199044,"Product: Platform
Component: Search
Severity: normal
Priority: P3
Summary: Result when multiple matches on same line look irritating
Resolution: FIXED"
81983,"Product: JDT
Component: Text
Severity: major
Priority: P2
Summary: [preferences] Disabling and enabling folding on small file takes forever
Resolution: FIXED"
30035,"Product: Platform
Component: Ant
Severity: normal
Priority: P2
Summary: NPE running build file in external project
Resolution: FIXED"
156448,"Product: JDT
Component: Text
Severity: trivial
Priority: P3
Summary: [misc] Remove occurences of '(no description available)' in extension point schemas
Resolution: FIXED"
319628,"Product: JDT
Component: Core
Severity: enhancement
Priority: P3
Summary: Preferences->Java Compiler-> Errors/Warnings -> Unhandled token in '@SuppressWarnings'
Resolution: WORKSFORME"
458953,"Product: Platform
Component: Releng
Severity: trivial
Priority: P3
Summary: Update copyright date of product and features where needed
Resolution: FIXED"
16930,"Product: JDT
Component: Debug
Severity: normal
Priority: P3
Summary: Eval: incompatible thread state
Resolution: FIXED"
51573,"Product: JDT
Component: UI
Severity: normal
Priority: P3
Summary: [formatter] built-in profile; OK button enablement
Resolution: FIXED"
99572,"Product: JDT
Component: Debug
Severity: trivial
Priority: P3
Summary: Preference page keyword 'Java' does not find 'Installed JREs'
Resolution: FIXED"
57517,"Product: Platform
Component: Debug
Severity: enhancement
Priority: P3
Summary: eval popup are initially too small
Resolution: FIXED"
34955,"Product: Platform
Component: Text
Severity: major
Priority: P1
Summary: ctrl-space content assist broken in var view
Resolution: FIXED"
63029,"Product: JDT
Component: Debug
Severity: normal
Priority: P3
Summary: Show As for logical structure has no mnemonic
Resolution: FIXED"
43164,"Product: JDT
Component: Text
Severity: normal
Priority: P2
Summary: [formatting] comment formatting taking aware carriage return
Resolution: FIXED"
394171,"Product: Platform
Component: IDE
Severity: normal
Priority: P3
Summary: 'Build All' menu item not correctly enabled and disabled
Resolution: FIXED"
283958,"Product: Platform
Component: SWT
Severity: major
Priority: P3
Summary: SWT.MULTI does not work for SWT Text control using Mac OS X Cocoa.
Resolution: FIXED"
65136,"Product: Platform
Component: UI
Severity: major
Priority: P2
Summary: [RCP] [ViewMgmt] Multi-view instances not persisted properly across sessions
Resolution: FIXED"
172640,"Product: Platform
Component: UI
Severity: normal
Priority: P1
Summary: [Viewers] Virtual TreeViewer/ILazyTreePathContentProvider: preservingSelection and refresh not always working
Resolution: FIXED"
28769,"Product: Platform
Component: Ant
Severity: major
Priority: P2
Summary: New Ant View doesn't gracefully handle missing targets
Resolution: FIXED"
231780,"Product: JDT
Component: UI
Severity: enhancement
Priority: P3
Summary: [jar exporter] JAR Export should use a buffered output to gain speed
Resolution: FIXED"
379407,"Product: Platform
Component: Doc
Severity: normal
Priority: P3
Summary: Fix migration guide link in Welcome (aka intro)
Resolution: FIXED"
9660,"Product: Platform
Component: Debug
Severity: normal
Priority: P1
Summary: Launch Config Flicker
Resolution: FIXED"
392950,"Product: PDE
Component: UI
Severity: normal
Priority: P3
Summary: OpenSchemaAction does not handle locations with + in it
Resolution: FIXED"
80516,"Product: Platform
Component: UI
Severity: normal
Priority: P2
Summary: [Preferences] Margin is reduced to nothing
Resolution: FIXED"
146813,"Product: JDT
Component: Text
Severity: normal
Priority: P3
Summary: [navigation] Changing default background color for Declaration view does nothing
Resolution: FIXED"
185094,"Product: Platform
Component: UI
Severity: major
Priority: P2
Summary: [Keybindings] Enter and Esc keys don't work any more in dialogs
Resolution: FIXED"
54598,"Product: Platform
Component: Debug
Severity: normal
Priority: P3
Summary: Launch configuration; wizard buttons New/Delete margins
Resolution: FIXED"
37537,"Product: Platform
Component: UI
Severity: major
Priority: P2
Summary: [Coolbar] Can't restore combo box on toolbar
Resolution: FIXED"
94636,"Product: Platform
Component: UI
Severity: normal
Priority: P2
Summary: [Preferences] Preference filter text filed not in dialog font
Resolution: FIXED"
341635,"Product: PDE
Component: UI
Severity: normal
Priority: P3
Summary: Bundle Editor version value should handle invalid version format
Resolution: FIXED"
188466,"Product: JDT
Component: UI
Severity: normal
Priority: P3
Summary: [render] image appears to need centering when custom draw is used
Resolution: FIXED"
52957,"Product: Platform
Component: UI
Severity: major
Priority: P1
Summary: [KeyBindings] Keybinding Service consumes keystrokes for unregistered commands
Resolution: FIXED"
66787,"Product: JDT
Component: UI
Severity: normal
Priority: P2
Summary: Wrong capitalized filters message [search]
Resolution: FIXED"
232749,"Product: Platform
Component: UI
Severity: normal
Priority: P3
Summary: [Preferences] [Themes] Colors and Fonts preference page: Tooltip stays when mouse moved
Resolution: FIXED"
56091,"Product: Platform
Component: Text
Severity: major
Priority: P2
Summary: [misc] ArrayIndexOutOfBoundsException Initializing Quick Diff
Resolution: FIXED"
153033,"Product: JDT
Component: Text
Severity: normal
Priority: P2
Summary: [implementation] Stabilize the BracketInserterTest
Resolution: FIXED"
268876,"Product: Platform
Component: Debug
Severity: normal
Priority: P1
Summary: [launching] OK button disabled in Select Preferred Launcher dialog
Resolution: FIXED"
19005,"Product: JDT
Component: Debug
Severity: normal
Priority: P3
Summary: 'java snippet imports' dialog: missing '...' on button labels
Resolution: FIXED"
261348,"Product: Platform
Component: UI
Severity: normal
Priority: P3
Summary: [Dialogs] Set encoding dialog differs between workspace resources and revisions
Resolution: FIXED"
82106,"Product: Platform
Component: UI
Severity: normal
Priority: P2
Summary: [BIDI] getOrientation() is on WorkbenchPart, not an interface
Resolution: FIXED"
242017,"Product: Platform
Component: UI
Severity: normal
Priority: P3
Summary: [DataBinding] ButtonObservableValue does bot store the inital value during init causing the next change to be dropped
Resolution: FIXED"
66879,"Product: Platform
Component: Text
Severity: normal
Priority: P2
Summary: [projection] ProjectionSummary.createSummary throws NPE if no configured annotation types
Resolution: FIXED"
234363,"Product: JDT
Component: UI
Severity: normal
Priority: P3
Summary: JAR selection dialog not using dialog font
Resolution: FIXED"
15765,"Product: JDT
Component: Debug
Severity: normal
Priority: P3
Summary: Getting working directory changed/restarting evaluation context when there is not context
Resolution: FIXED"
219315,"Product: JDT
Component: UI
Severity: major
Priority: P3
Summary: [clean up] Migration problem of project-specific cleanup preferences
Resolution: FIXED"
88577,"Product: Platform
Component: UI
Severity: normal
Priority: P3
Summary: [Viewers] Deferred viewers in JFace have a dependency on Job
Resolution: FIXED"
153072,"Product: JDT
Component: Text
Severity: minor
Priority: P3
Summary: [ccp] 'Copy' enabled with empty selection in classfile editor
Resolution: FIXED"
17024,"Product: Platform
Component: UI
Severity: major
Priority: P2
Summary: Emacs key bindings for find actions are non-standard
Resolution: FIXED"
28327,"Product: JDT
Component: Debug
Severity: normal
Priority: P2
Summary: Zombie targets left by CommandArgumentTests
Resolution: FIXED"
55706,"Product: JDT
Component: Debug
Severity: enhancement
Priority: P3
Summary: AddVMDialog should be resizable. size should be persisted
Resolution: FIXED"
250472,"Product: JDT
Component: UI
Severity: enhancement
Priority: P3
Summary: [preferences] Add preference for new compiler warning: MissingHashCodeMethod
Resolution: FIXED"
111217,"Product: Platform
Component: Ant
Severity: enhancement
Priority: P3
Summary: Ant editor support for content assist proposal cycling
Resolution: FIXED"
186153,"Product: JDT
Component: UI
Severity: normal
Priority: P3
Summary: [quick fix] missing undo for 'rename CU' quick fix
Resolution: FIXED"
221608,"Product: Platform
Component: User Assistance
Severity: normal
Priority: P3
Summary: [Forms] FormText sometimes paints lines in lists incorrectly
Resolution: FIXED"
83273,"Product: Platform
Component: Ant
Severity: normal
Priority: P3
Summary: NPE while editing buildfile
Resolution: FIXED"
181026,"Product: JDT
Component: Debug
Severity: enhancement
Priority: P3
Summary: support for adding JREs from definition files
Resolution: FIXED"
96656,"Product: JDT
Component: Debug
Severity: normal
Priority: P3
Summary: lots of dots rendered in debug view
Resolution: FIXED"
138527,"Product: Platform
Component: Debug
Severity: major
Priority: P1
Summary: Actions under the ""Run"" menu are incorrectly enabled at startup
Resolution: FIXED"
6356,"Product: JDT
Component: UI
Severity: normal
Priority: P3
Summary: Outliner has to delete actions
Resolution: FIXED"
34848,"Product: JDT
Component: UI
Severity: normal
Priority: P3
Summary: Accessibility: cannot easily switch between the type hierarchys
Resolution: FIXED"
15824,"Product: Platform
Component: UI
Severity: normal
Priority: P3
Summary: ""Cancel"" button in Find/Rplace dialog should be ""OK""
Resolution: FIXED"
50452,"Product: Platform
Component: Ant
Severity: enhancement
Priority: P3
Summary: Another way to resolve a location for a tools.jar
Resolution: FIXED"
29651,"Product: JDT
Component: Debug
Severity: normal
Priority: P2
Summary: allow source attachment changes on classpath container entries
Resolution: FIXED"
29898,"Product: Platform
Component: Ant
Severity: normal
Priority: P3
Summary: Updating actions in the AntView
Resolution: FIXED"
182572,"Product: JDT
Component: Debug
Severity: normal
Priority: P3
Summary: [tests] TestAlternateModeTab invalid thread access
Resolution: FIXED"
376550,"Product: JDT
Component: Core
Severity: minor
Priority: P3
Summary: ""Method can be static"" warning on method that accesses instance field in inner class
Resolution: FIXED"
349312,"Product: JDT
Component: Core
Severity: trivial
Priority: P3
Summary: [1.7][compiler] improved problem messages
Resolution: FIXED"
135515,"Product: JDT
Component: Text
Severity: major
Priority: P1
Summary: 2 ASTs created while typing
Resolution: FIXED"
7715,"Product: Platform
Component: Debug
Severity: enhancement
Priority: P2
Summary: Console does not show output of selected process
Resolution: FIXED"
56211,"Product: JDT
Component: Debug
Severity: enhancement
Priority: P3
Summary: Class prepare breakpoint annotation
Resolution: FIXED"
50399,"Product: JDT
Component: Text
Severity: normal
Priority: P2
Summary: [typing] Compounded undo operations too dramatic
Resolution: FIXED"
11124,"Product: JDT
Component: Debug
Severity: normal
Priority: P2
Summary: Launch configurations do not handle removed JRE
Resolution: FIXED"
28796,"Product: JDT
Component: Debug
Severity: normal
Priority: P2
Summary: M4: Adding external folder to source lookup path via advanced menu enters incorrect path
Resolution: FIXED"
252383,"Product: JDT
Component: UI
Severity: major
Priority: P3
Summary: [browsing] NPE when switching to/from Welcome
Resolution: FIXED"
131902,"Product: Platform
Component: Team
Severity: normal
Priority: P2
Summary: Compare With > ... does not mark Synchronize view italic (progress)
Resolution: FIXED"
217790,"Product: JDT
Component: Text
Severity: normal
Priority: P2
Summary: [breadcrumb] Remove left/right arrows
Resolution: FIXED"
44196,"Product: Platform
Component: Ant
Severity: normal
Priority: P3
Summary: [Readme] Eclipse freezes running ant script using ""Run Ant...""
Resolution: FIXED"
46315,"Product: JDT
Component: Debug
Severity: normal
Priority: P3
Summary: Scrapbook actions wrongly disabled after inspect or execute
Resolution: FIXED"
13383,"Product: Platform
Component: Debug
Severity: normal
Priority: P2
Summary: Copy variables action not enabled correctly
Resolution: FIXED"
43422,"Product: JDT
Component: Debug
Severity: normal
Priority: P2
Summary: NPE when setting breakpoint in anonymous class
Resolution: FIXED"
15633,"Product: JDT
Component: Debug
Severity: normal
Priority: P2
Summary: Incorrect enablement for ManageBreakpointActionDelegate hierarchy
Resolution: FIXED"
126170,"Product: Platform
Component: UI
Severity: major
Priority: P2
Summary: [Progress] IndexOutOfBoundsException during progress view refresh
Resolution: FIXED"
13003,"Product: JDT
Component: UI
Severity: normal
Priority: P2
Summary: Temporary error message cannot be obtained using keyboard
Resolution: FIXED"
69101,"Product: JDT
Component: UI
Severity: enhancement
Priority: P3
Summary: Quick Fix new class does not update imports [quick fix]
Resolution: FIXED"
137688,"Product: Platform
Component: Text
Severity: normal
Priority: P2
Summary: [performance] Improve initial performance for new AbstractLineTracker implementation
Resolution: FIXED"
335950,"Product: PDE
Component: UI
Severity: normal
Priority: P3
Summary: No ""The JRE container on the classpath is not a perfect match..."" when it should be reported
Resolution: FIXED"
7209,"Product: JDT
Component: Debug
Severity: normal
Priority: P1
Summary: Run to line is broken
Resolution: FIXED"
8157,"Product: JDT
Component: Debug
Severity: normal
Priority: P2
Summary: ProjectBuildWatcher is too invasive
Resolution: FIXED"
13423,"Product: JDT
Component: Debug
Severity: normal
Priority: P3
Summary: HCR failure notifications aren't being sent to the UI
Resolution: FIXED"
135387,"Product: Platform
Component: CVS
Severity: normal
Priority: P2
Summary: [Model Sync] Caching check for update seems to take a lot of time
Resolution: FIXED"
120596,"Product: JDT
Component: Debug
Severity: normal
Priority: P2
Summary: Should warn when no exact match for execution environment on build path
Resolution: FIXED"
16150,"Product: JDT
Component: Debug
Severity: normal
Priority: P2
Summary: Create Java Launch Action Set
Resolution: FIXED"
75420,"Product: Platform
Component: UI
Severity: normal
Priority: P2
Summary: [Preferences] Import should show busy cursor
Resolution: FIXED"
18597,"Product: Platform
Component: UI
Severity: major
Priority: P2
Summary: Missing a seperator in the Run menu
Resolution: FIXED"
44069,"Product: Platform
Component: UI
Severity: normal
Priority: P2
Summary: [Problems View] Time response while debugging slows down when several perspectives are opened
Resolution: FIXED"
77462,"Product: Platform
Component: Debug
Severity: blocker
Priority: P1
Summary: CVS Plug-in fails to start
Resolution: FIXED"
216939,"Product: JDT
Component: Core
Severity: normal
Priority: P2
Summary: [search] NPE in JavaSearchScope
Resolution: DUPLICATE"
261060,"Product: JDT
Component: UI
Severity: major
Priority: P3
Summary: [common navigator] Java EE perspective drag drop src folder onto its own project deletes src folder
Resolution: FIXED"
23568,"Product: JDT
Component: Debug
Severity: normal
Priority: P1
Summary: Ctrl-Space is not working in the Scrapbook
Resolution: FIXED"
58374,"Product: Platform
Component: Ant
Severity: normal
Priority: P3
Summary: Building with external build files from editor ""context""
Resolution: FIXED"
86610,"Product: Platform
Component: UI
Severity: major
Priority: P2
Summary: Lots of Worker threads (around 100)
Resolution: FIXED"
64951,"Product: JDT
Component: Debug
Severity: normal
Priority: P3
Summary: suspended thread while evaluating condition - no labels
Resolution: FIXED"
338224,"Product: Platform
Component: User Assistance
Severity: normal
Priority: P3
Summary: [Doc] Strange HTML in platform.doc.isv/guide/ua_intro_xhtml.htm
Resolution: FIXED"
97325,"Product: Platform
Component: UI
Severity: normal
Priority: P2
Summary: [KeyBindings] [RCP] Key bindings for outline and properties views refer to IDE command
Resolution: FIXED"
135380,"Product: Platform
Component: Text
Severity: normal
Priority: P2
Summary: [misc] ConcurrentModificationException in DiffRegion
Resolution: FIXED"
382206,"Product: Platform
Component: Releng
Severity: major
Priority: P2
Summary: Update to most recent ECF build
Resolution: FIXED"
59782,"Product: Platform
Component: UI
Severity: normal
Priority: P1
Summary: [Progress] Deadlock in reentrant workspace.run
Resolution: FIXED"
43436,"Product: JDT
Component: Debug
Severity: normal
Priority: P3
Summary: Should use default class stratum when retrieving source and line number
Resolution: FIXED"
17316,"Product: JDT
Component: UI
Severity: major
Priority: P2
Summary: Empty wizard after pressing cancel
Resolution: FIXED"
74398,"Product: Platform
Component: UI
Severity: normal
Priority: P2
Summary: [KeyBindings] preference page: Modify page doesn't show inherited assignments
Resolution: WORKSFORME"
347430,"Product: Platform
Component: SWT
Severity: normal
Priority: P3
Summary: FileDialog's overwrite & setFilterExtensions options do not play well together.
Resolution: FIXED"
37179,"Product: Platform
Component: Debug
Severity: major
Priority: P3
Summary: LaunchView.selectAndReveal doesn't account for partial documents
Resolution: FIXED"
139079,"Product: JDT
Component: Debug
Severity: major
Priority: P2
Summary: Left-over instruction pointer after debug is terminated
Resolution: FIXED"
170041,"Product: Platform
Component: UI
Severity: normal
Priority: P3
Summary: [DataBinding] Master detail snippet
Resolution: FIXED"
10790,"Product: Platform
Component: Compare
Severity: normal
Priority: P3
Summary: Patch does not apply if file not found locally
Resolution: FIXED"
319510,"Product: JDT
Component: Core
Severity: normal
Priority: P3
Summary: dead code detection vs assert
Resolution: DUPLICATE"
101754,"Product: Platform
Component: Debug
Severity: normal
Priority: P2
Summary: [EditorMgmt] Debug view opens wrong editor if more than one editor is registered for given file type.
Resolution: FIXED"
185611,"Product: Platform
Component: Team
Severity: normal
Priority: P1
Summary: [History View] The dropdown for past inputs in the history view isn't responding to property changes
Resolution: FIXED"
236306,"Product: JDT
Component: Core
Severity: normal
Priority: P3
Summary: [content assist] for method invocation in variable initializer should not guess variable
Resolution: FIXED"
88126,"Product: JDT
Component: Core
Severity: normal
Priority: P3
Summary: [ast rewrite] Inconsistent results in modifying TagElements
Resolution: FIXED"
80729,"Product: Platform
Component: Debug
Severity: normal
Priority: P3
Summary: NPE in console
Resolution: FIXED"
10432,"Product: JDT
Component: Debug
Severity: normal
Priority: P3
Summary: Deleting a resource wipes out launch configuration history
Resolution: FIXED"
81192,"Product: JDT
Component: Text
Severity: normal
Priority: P2
Summary: [rulers] Annotation roll-over tooltip stays up after roll-over closes
Resolution: FIXED"
183933,"Product: JDT
Component: Text
Severity: trivial
Priority: P3
Summary: [help][spell checking] Add help doc for the 'Spelling' preference page
Resolution: FIXED"
14997,"Product: JDT
Component: Debug
Severity: normal
Priority: P3
Summary: Evaluations with null on top of stack show no result
Resolution: FIXED"
326872,"Product: JDT
Component: Text
Severity: trivial
Priority: P3
Summary: [spell checking] More words for the spelling dictionary
Resolution: FIXED"
348198,"Product: JDT
Component: Text
Severity: normal
Priority: P3
Summary: [1.7][typing] Broken indentation after enhanced for loop
Resolution: FIXED"
18297,"Product: JDT
Component: UI
Severity: normal
Priority: P3
Summary: Organize imports misses unused imports
Resolution: FIXED"
19567,"Product: JDT
Component: UI
Severity: critical
Priority: P1
Summary: ProblemsLabelDecorator throws ResourceException when project not open
Resolution: FIXED"
324762,"Product: JDT
Component: Core
Severity: critical
Priority: P3
Summary: Compiler thinks there is deadcode and removes it!
Resolution: FIXED"
350756,"Product: PDE
Component: UI
Severity: enhancement
Priority: P3
Summary: [patch] 'Header must be terminated by a line break' quick fix
Resolution: FIXED"
164841,"Product: Platform
Component: Debug
Severity: minor
Priority: P3
Summary: [launching] the browse file system button suffers from gigantism
Resolution: FIXED"
17423,"Product: JDT
Component: UI
Severity: major
Priority: P1
Summary: Revert apears twice in the popup menu.
Resolution: FIXED"
58615,"Product: Platform
Component: SWT
Severity: normal
Priority: P1
Summary: Setting italic font for tree items does not work on Mac
Resolution: FIXED"
163906,"Product: JDT
Component: Text
Severity: normal
Priority: P3
Summary: [implementation] commitWorkingCopy() assumes file already exists
Resolution: FIXED"
77006,"Product: JDT
Component: UI
Severity: normal
Priority: P2
Summary: Disable actions not applicable to enum constants
Resolution: FIXED"
38672,"Product: JDT
Component: Debug
Severity: normal
Priority: P3
Summary: Timing Hole in JDI test suite.
Resolution: FIXED"
97327,"Product: Platform
Component: Debug
Severity: normal
Priority: P3
Summary: renaming main type does not update launch history
Resolution: FIXED"
81290,"Product: Platform
Component: UI
Severity: normal
Priority: P2
Summary: [Preferences] Forward and back buttons have wrong background colour
Resolution: FIXED"
53855,"Product: JDT
Component: Text
Severity: major
Priority: P2
Summary: NPE in content assist
Resolution: FIXED"
183686,"Product: Platform
Component: UI
Severity: normal
Priority: P3
Summary: Parts References Tests give an Error Dialog
Resolution: FIXED"
290979,"Product: PDE
Component: UI
Severity: minor
Priority: P3
Summary: Application.close() method provided by template is not correct
Resolution: FIXED"
78618,"Product: JDT
Component: UI
Severity: critical
Priority: P2
Summary: JUnit 'Failures' list has items with wrong label
Resolution: FIXED"
89959,"Product: Platform
Component: UI
Severity: normal
Priority: P2
Summary: [Progress] Progress dialog stayed up when no activity happening, with no details and only cancel button
Resolution: FIXED"
210539,"Product: PDE
Component: UI
Severity: normal
Priority: P3
Summary: Produce bundles.txt for p2 target launch
Resolution: FIXED"
10811,"Product: JDT
Component: Debug
Severity: normal
Priority: P3
Summary: Deregistered launches not removed by JavaHCRManager
Resolution: FIXED"
364057,"Product: PDE
Component: Doc
Severity: normal
Priority: P3
Summary: pde.doc.user bundle version needs to be incremented in the 3.7.x stream
Resolution: FIXED"
189893,"Product: JDT
Component: UI
Severity: normal
Priority: P3
Summary: Update doc regarding 3.3 API change
Resolution: FIXED"
84111,"Product: Platform
Component: Debug
Severity: normal
Priority: P2
Summary: Exception while running test suite
Resolution: FIXED"
230179,"Product: Platform
Component: UI
Severity: trivial
Priority: P3
Summary: [JFace] Configure Columns dialog does not use dialog font
Resolution: FIXED"
17472,"Product: PDE
Component: UI
Severity: normal
Priority: P2
Summary: E3.2 Add included features on Advanced page does not list my feature
Resolution: FIXED"
239612,"Product: JDT
Component: Debug
Severity: enhancement
Priority: P3
Summary: Use Ctrl+Click instead of Ctrl+Alt for 'Step Into Selection'
Resolution: FIXED"
38082,"Product: JDT
Component: UI
Severity: enhancement
Priority: P3
Summary: Improve 'add return' suggestion [quick fix]
Resolution: FIXED"
203878,"Product: PDE
Component: UI
Severity: normal
Priority: P3
Summary: Generate default serial version ids for abstract classes in pde.core
Resolution: FIXED"
57637,"Product: Platform
Component: Debug
Severity: enhancement
Priority: P3
Summary: turn Remove All Terminated Launches on by default
Resolution: FIXED"
203008,"Product: JDT
Component: UI
Severity: enhancement
Priority: P3
Summary: [preferences] Option to import/export Java > Appearance preferences
Resolution: FIXED"
442418,"Product: JDT
Component: Core
Severity: normal
Priority: P3
Summary: $deserializeLambda$ off-by-one error when deserializing the captured arguments of a lambda that also capture this
Resolution: FIXED"
87419,"Product: Platform
Component: UI
Severity: blocker
Priority: P1
Summary: [Commands] registry: NPE on start-up
Resolution: FIXED"
58777,"Product: Platform
Component: UI
Severity: normal
Priority: P2
Summary: [Viewers] add API to not deactivate CellEditor on FocusLost
Resolution: FIXED"
38249,"Product: Platform
Component: Ant
Severity: critical
Priority: P1
Summary: NPE trying to create project builder
Resolution: FIXED"
135055,"Product: Platform
Component: UI
Severity: major
Priority: P3
Summary: Save action state is not refreshed when Properties View is active for a selection in Common Navigator
Resolution: FIXED"
88931,"Product: JDT
Component: Debug
Severity: normal
Priority: P2
Summary: VariableClasspathEntry cannot be compared
Resolution: FIXED"
211578,"Product: JDT
Component: UI
Severity: major
Priority: P3
Summary: [build path] Dialog to extend classpath variable slow
Resolution: FIXED"
32811,"Product: Platform
Component: Ant
Severity: normal
Priority: P2
Summary: Setting ANT_HOME for specific config does not update classpath
Resolution: FIXED"
69289,"Product: Platform
Component: Text
Severity: normal
Priority: P3
Summary: [implementation] AnnotationModel not thread-safe
Resolution: FIXED"
130129,"Product: Platform
Component: Ant
Severity: normal
Priority: P3
Summary: Intermittent failure saving Ant build script
Resolution: FIXED"
100760,"Product: JDT
Component: UI
Severity: normal
Priority: P3
Summary: [formatter] Project specific formatter dialog shows wrong default profile
Resolution: FIXED"
132177,"Product: Platform
Component: CVS
Severity: normal
Priority: P2
Summary: [Model Compare] Compare doesn't detect files whose contents are equal
Resolution: FIXED"
197000,"Product: Platform
Component: Debug
Severity: enhancement
Priority: P2
Summary: [launching] Auto Launch Configuration deletion should be resource specific
Resolution: FIXED"
127150,"Product: JDT
Component: Debug
Severity: normal
Priority: P3
Summary: Dialog missing help button
Resolution: FIXED"
117516,"Product: JDT
Component: Debug
Severity: normal
Priority: P3
Summary: Make JDT .java agnostic
Resolution: FIXED"
32798,"Product: Platform
Component: Compare
Severity: normal
Priority: P3
Summary: No mnemonic for ComparePreferencePage.useSingleLine.label
Resolution: FIXED"
403121,"Product: PDE
Component: UI
Severity: normal
Priority: P3
Summary: Broken problem category managements in PDE UI
Resolution: FIXED"
137511,"Product: Platform
Component: Debug
Severity: normal
Priority: P3
Summary: Launch Dialogs won't close
Resolution: FIXED"
1603,"Product: JDT
Component: Debug
Severity: major
Priority: P2
Summary: Evaluate actions of the Display view evaluate on empty selection (1GENSR6)
Resolution: FIXED"
98872,"Product: Platform
Component: Ant
Severity: normal
Priority: P3
Summary: Incorrect stack representation with same named targets in subbuilds
Resolution: FIXED"
47866,"Product: Platform
Component: Compare
Severity: normal
Priority: P3
Summary: Internal error in synchronize perspective
Resolution: FIXED"
407436,"Product: Platform
Component: Compare
Severity: major
Priority: P3
Summary: 'Overwrite' causes NPE in Compare editor
Resolution: FIXED"
173898,"Product: Platform
Component: Debug
Severity: major
Priority: P2
Summary: [logical structures] Stepping with logical structure expanded results in blank labels
Resolution: FIXED"
76507,"Product: Platform
Component: UI
Severity: normal
Priority: P2
Summary: [Encoding] properties dialog show BOM when there is no BOM
Resolution: FIXED"
289926,"Product: PDE
Component: UI
Severity: normal
Priority: P3
Summary: Enable spell check between <description> tag for XML source pages
Resolution: FIXED"
44690,"Product: Platform
Component: Text
Severity: blocker
Priority: P2
Summary: Impossible to open java file in external source path ...
Resolution: FIXED"
77548,"Product: Platform
Component: UI
Severity: major
Priority: P1
Summary: [Encodings] Cannot open the project's preferences page when running on a 1.5 VM
Resolution: FIXED"
351956,"Product: JDT
Component: UI
Severity: enhancement
Priority: P2
Summary: [1.7][clean up][quick assist] Remove unnecessary type arguments (was: Suggest to use <> where applicable)
Resolution: FIXED"
108498,"Product: JDT
Component: Debug
Severity: normal
Priority: P3
Summary: Toggle watchpoint for field in external source
Resolution: FIXED"
17095,"Product: JDT
Component: Debug
Severity: normal
Priority: P1
Summary: ResourceException when closed projects in workspace
Resolution: FIXED"
113899,"Product: Platform
Component: Ant
Severity: normal
Priority: P3
Summary: Ant node hyperlink does not function if dir attribute is relative
Resolution: FIXED"
231757,"Product: JDT
Component: Text
Severity: normal
Priority: P3
Summary: [implementation] NPE in JavaEditor.handlePreferenceStoreChanged at startup
Resolution: FIXED"
223844,"Product: JDT
Component: Debug
Severity: normal
Priority: P3
Summary: Step into Selection hyperlink does not use stored region
Resolution: FIXED"
125147,"Product: Platform
Component: UI
Severity: critical
Priority: P3
Summary: [WorkingSets] Deadlock on startup
Resolution: FIXED"
25650,"Product: Platform
Component: Ant
Severity: normal
Priority: P2
Summary: Add action to ant view to search for build files
Resolution: FIXED"
193179,"Product: Platform
Component: Debug
Severity: enhancement
Priority: P3
Summary: Should there be an 'add' button in the expression view toolbar?
Resolution: FIXED"
65095,"Product: Platform
Component: UI
Severity: normal
Priority: P1
Summary: MessageDialogWithToggle returns wrong value for yes_to_all
Resolution: FIXED"
431001,"Product: Platform
Component: UI
Severity: normal
Priority: P3
Summary: [CSS] [dark theme] Disabled text controls look blurry
Resolution: FIXED"
317068,"Product: JDT
Component: Text
Severity: major
Priority: P3
Summary: [breadcrumb] BreadcrumbItems not disposed when editor closed
Resolution: FIXED"
88454,"Product: JDT
Component: Debug
Severity: normal
Priority: P2
Summary: Should avoid explicit checks for [I]FileEditorInput
Resolution: FIXED"
84220,"Product: Platform
Component: UI
Severity: normal
Priority: P3
Summary: [Dialogs] TwoPaneElementSelector: can't set sorter / initial order is not kept
Resolution: FIXED"
306524,"Product: JDT
Component: Core
Severity: normal
Priority: P3
Summary: ASTRewriteAnalyzer uses wrong starting offset in case of comments before a node
Resolution: FIXED"
405814,"Product: Platform
Component: Releng
Severity: normal
Priority: P2
Summary: update Orbit URL to pick up ""near M7"" content
Resolution: FIXED"
438724,"Product: Platform
Component: Debug
Severity: normal
Priority: P3
Summary: [flex] REVEAL delta does not always work reliably
Resolution: FIXED"
11076,"Product: Platform
Component: Debug
Severity: normal
Priority: P1
Summary: Deleted configs remain in favorite list
Resolution: FIXED"
83762,"Product: Platform
Component: Text
Severity: normal
Priority: P3
Summary: [misc] MarkerAnnotationPreferences unnecessarily reprocesses org.eclipse.ui.editors.markerAnnotationSpecification
Resolution: FIXED"
389879,"Product: Platform
Component: UI
Severity: normal
Priority: P2
Summary: [Graphics] Splash screen for Kepler
Resolution: FIXED"
1717,"Product: JDT
Component: Debug
Severity: normal
Priority: P2
Summary: Debug Model & Model Presentation issues (1GK295E)
Resolution: FIXED"
267359,"Product: Platform
Component: UI
Severity: normal
Priority: P2
Summary: [Commands] The platform hangs upon shutdown when an Action Handler dispose method throws an exception
Resolution: FIXED"
434485,"Product: Platform
Component: UI
Severity: major
Priority: P3
Summary: [CSS] Theme-specific colors override user-configured colors on restart
Resolution: FIXED"
260802,"Product: Platform
Component: Debug
Severity: minor
Priority: P3
Summary: Retargetable debug actions do not enable when an adapter is first loaded.
Resolution: FIXED"
76506,"Product: Platform
Component: UI
Severity: normal
Priority: P2
Summary: [Preferences] UIPreferenceInitializer aggressively accesses instance preferences
Resolution: FIXED"
217558,"Product: Platform
Component: UI
Severity: normal
Priority: P3
Summary: [DataBinding] Databinding -  BeansObservables.observeList() - error when external code modifies observed list.
Resolution: FIXED"
277556,"Product: JDT
Component: Text
Severity: normal
Priority: P3
Summary: [preferences] Syntax Coloring Preview Window is showing colors to incorrect char set for classes element
Resolution: FIXED"
184090,"Product: Platform
Component: UI
Severity: major
Priority: P1
Summary: Test Status Handler should only be enabled when running the test suites
Resolution: FIXED"
395597,"Product: PDE
Component: UI
Severity: major
Priority: P3
Summary: [product] Cannot remove the version in Eclipse 4.3 Integration build
Resolution: FIXED"
25731,"Product: Platform
Component: UI
Severity: major
Priority: P2
Summary: [Navigator] Replacing linking with explicit synchronize action on views
Resolution: FIXED"
24915,"Product: JDT
Component: UI
Severity: minor
Priority: P2
Summary: Use Supertype Where Possible: should update UI when checkbox changes [refactoring]
Resolution: FIXED"
126258,"Product: Platform
Component: UI
Severity: major
Priority: P1
Summary: [Commands] handlers: Inspect doesn't work
Resolution: FIXED"
8993,"Product: JDT
Component: Debug
Severity: normal
Priority: P1
Summary: ObjectCollectedExceptions filling up the log
Resolution: FIXED"
102300,"Product: Platform
Component: Ant
Severity: normal
Priority: P3
Summary: RemoteAntBuildListener throws exception for jspc task
Resolution: FIXED"
92818,"Product: JDT
Component: UI
Severity: enhancement
Priority: P3
Summary: [search] Searching for declarations should be able to skip JRE
Resolution: FIXED"
134284,"Product: Platform
Component: CVS
Severity: normal
Priority: P2
Summary: [History View] Missing global key bindings for Copy + Select All
Resolution: FIXED"
320876,"Product: JDT
Component: UI
Severity: normal
Priority: P3
Summary: [render] Missing 'final' decorator for local variables
Resolution: FIXED"
18179,"Product: JDT
Component: Core
Severity: critical
Priority: P2
Summary: Incorrect url reported when using the applet launcher plugin
Resolution: FIXED"
97474,"Product: Platform
Component: Text
Severity: major
Priority: P2
Summary: [typing] Moves line down/up with javadoc corrupts source
Resolution: FIXED"
65844,"Product: JDT
Component: Debug
Severity: normal
Priority: P3
Summary: NPE when launching
Resolution: FIXED"
173620,"Product: JDT
Component: Debug
Severity: normal
Priority: P3
Summary: Default Javadoc location for JDK 6 missing
Resolution: FIXED"
150652,"Product: JDT
Component: Debug
Severity: enhancement
Priority: P3
Summary: [evaluation] Force early return
Resolution: FIXED"
1587,"Product: JDT
Component: Debug
Severity: enhancement
Priority: P3
Summary: Need support to set an exception breakpoint from a string (1GE8HQO)
Resolution: FIXED"
192253,"Product: PDE
Component: UI
Severity: enhancement
Priority: P3
Summary: [Schema][Editors] Update icons in Extension Point Elements Section
Resolution: FIXED"
267848,"Product: PDE
Component: UI
Severity: major
Priority: P3
Summary: PDE illegally complains about non-externalized strings
Resolution: FIXED"
27311,"Product: JDT
Component: Debug
Severity: normal
Priority: P3
Summary: debug actions too interested in selection changes
Resolution: FIXED"
29822,"Product: Platform
Component: Ant
Severity: enhancement
Priority: P2
Summary: Streamline single target case for Ant View
Resolution: FIXED"
157687,"Product: Platform
Component: Compare
Severity: blocker
Priority: P1
Summary: Assertion failed applying patch
Resolution: FIXED"
24478,"Product: JDT
Component: Debug
Severity: normal
Priority: P2
Summary: EventRequestImpl & checkDisabled
Resolution: FIXED"
205315,"Product: PDE
Component: UI
Severity: critical
Priority: P3
Summary: Leafy Picture of Curtis Windatt
Resolution: FIXED"
92148,"Product: Platform
Component: UI
Severity: critical
Priority: P1
Summary: [WorkbenchParts] Global Refactorings disabled after opening editor
Resolution: FIXED"
278598,"Product: PDE
Component: UI
Severity: major
Priority: P3
Summary: [product] ignore certain program arguments when initializing from a launch config
Resolution: FIXED"
5420,"Product: JDT
Component: UI
Severity: major
Priority: P1
Summary: Eclipse crash after after NPE during code assist (template)
Resolution: FIXED"
82240,"Product: Platform
Component: UI
Severity: enhancement
Priority: P2
Summary: [Viewers] Need a content provider for tables that gets elements lazily
Resolution: FIXED"
454056,"Product: Platform
Component: UI
Severity: normal
Priority: P3
Summary: [DND] Editor area transfer/drop listener not added when loading from persisted state
Resolution: FIXED"
34375,"Product: JDT
Component: Debug
Severity: normal
Priority: P3
Summary: NPE adding detail formatter to variable with null value
Resolution: FIXED"
403290,"Product: Platform
Component: Ant
Severity: major
Priority: P3
Summary: Cannot create Ant external tool launch
Resolution: FIXED"
85694,"Product: JDT
Component: Text
Severity: normal
Priority: P2
Summary: [preferences][navigation] correct editor-specific context menus
Resolution: FIXED"
247166,"Product: Platform
Component: Text
Severity: trivial
Priority: P2
Summary: Remove api filters needed due to api tooling bug
Resolution: FIXED"
217761,"Product: Platform
Component: UI
Severity: normal
Priority: P3
Summary: [Viewers] Widget is disposed when DecoratorManager tries to update Viewer that's gone
Resolution: FIXED"
369913,"Product: PDE
Component: UI
Severity: normal
Priority: P3
Summary: 'Tracing' preference page needs polish
Resolution: FIXED"
37944,"Product: Platform
Component: Ant
Severity: normal
Priority: P2
Summary: .project file paths to external tools hardcoded to specific project.
Resolution: FIXED"
400368,"Product: Platform
Component: IDE
Severity: normal
Priority: P3
Summary: NoClassDefFoundError in StandardPropertiesAdapterFactory due to unguarded access to optional type
Resolution: FIXED"
63523,"Product: Platform
Component: UI
Severity: normal
Priority: P2
Summary: [EditorMgmt] 3.0 M9 - Editor tabs open in random order after workspace startup
Resolution: DUPLICATE"
27539,"Product: Platform
Component: UI
Severity: normal
Priority: P1
Summary: [MPE] [Text Editor] Text editor should not register global actions with the keybinding service
Resolution: DUPLICATE"
33277,"Product: Platform
Component: UI
Severity: normal
Priority: P3
Summary: [Properties Dialog] SWT.WRAP style and field values
Resolution: FIXED"
64971,"Product: JDT
Component: UI
Severity: normal
Priority: P3
Summary: Code manipulation actions - insertion point after an existing method will insert at the end instead
Resolution: FIXED"
403412,"Product: Platform
Component: Doc
Severity: minor
Priority: P3
Summary: Samples (except Java and Template editor) miss stylesheet
Resolution: FIXED"
274358,"Product: Platform
Component: Debug
Severity: normal
Priority: P3
Summary: Show Thread Group option not propery updated in debug view
Resolution: FIXED"
66694,"Product: JDT
Component: UI
Severity: normal
Priority: P2
Summary: PackageExplorer shows elements twice
Resolution: FIXED"
14550,"Product: Platform
Component: Debug
Severity: normal
Priority: P2
Summary: Need to be able to make launch configuration type invisible
Resolution: FIXED"
20014,"Product: Platform
Component: Ant
Severity: normal
Priority: P2
Summary: [ExternalTools] Tool location should accept only files
Resolution: FIXED"
181061,"Product: Platform
Component: UI
Severity: major
Priority: P1
Summary: [Viewers] JFace viewers performance issues in 3.3
Resolution: FIXED"
18298,"Product: JDT
Component: UI
Severity: normal
Priority: P2
Summary: Organize imports creates import errors
Resolution: FIXED"
18807,"Product: Platform
Component: Compare
Severity: blocker
Priority: P1
Summary: Compare with patch fails due to missing LF
Resolution: FIXED"
92835,"Product: Platform
Component: UI
Severity: critical
Priority: P1
Summary: [Viewers] retrieving projects from CVS creates duplicate resources in Navigator
Resolution: FIXED"
80492,"Product: Platform
Component: UI
Severity: normal
Priority: P2
Summary: [Preferences] Use wildcards for preference search
Resolution: FIXED"
90788,"Product: Platform
Component: UI
Severity: blocker
Priority: P1
Summary: [RCP] Remove M6 TODOs  in WorkbenchAdvisors
Resolution: FIXED"
56871,"Product: Platform
Component: Text
Severity: normal
Priority: P2
Summary: [implementation] ConcurrentModificationException is thrown occasionally at IDocumentProvider::add/removeElementStateListener()
Resolution: FIXED"
207293,"Product: Platform
Component: Debug
Severity: trivial
Priority: P3
Summary: Wrong context help for the builder properties dialog
Resolution: FIXED"
76837,"Product: Platform
Component: UI
Severity: normal
Priority: P2
Summary: [KeyBindings] Ctrl-Shift-L popup should take focus-->easier to get pref page
Resolution: FIXED"
21033,"Product: JDT
Component: UI
Severity: normal
Priority: P3
Summary: TVT2: Clashing mnemonics in Java -> Editor panel
Resolution: FIXED"
49846,"Product: JDT
Component: Text
Severity: normal
Priority: P2
Summary: UI Performance regression from M5 to M6
Resolution: FIXED"
114845,"Product: Platform
Component: Debug
Severity: minor
Priority: P3
Summary: 'Terminate and relaunch' action is enabled for non-relaunchable configs
Resolution: FIXED"
293917,"Product: JDT
Component: Core
Severity: normal
Priority: P3
Summary: Invalid 'potential null access' warning reports
Resolution: FIXED"
80644,"Product: Platform
Component: UI
Severity: minor
Priority: P2
Summary: [KeyBindings] misc: Wrong shortcut displayed in menu for copy using Emacs
Resolution: FIXED"
94506,"Product: Platform
Component: Debug
Severity: normal
Priority: P3
Summary: No Logical Structure's ""Show As"" action from the Expressions View
Resolution: FIXED"
12209,"Product: JDT
Component: Debug
Severity: normal
Priority: P1
Summary: AST Eval engine API not fully implemented
Resolution: FIXED"
63374,"Product: JDT
Component: Debug
Severity: normal
Priority: P2
Summary: NPE in LaunchView.partClosed
Resolution: FIXED"
15294,"Product: JDT
Component: UI
Severity: normal
Priority: P1
Summary: Deleting an open unsaved resource causes error
Resolution: FIXED"
25509,"Product: Platform
Component: Ant
Severity: normal
Priority: P1
Summary: NPE from InternalAntRunner
Resolution: FIXED"
370184,"Product: Platform
Component: UI
Severity: trivial
Priority: P3
Summary: Error in Javadoc of ISizeProvider
Resolution: FIXED"
59672,"Product: JDT
Component: Text
Severity: trivial
Priority: P3
Summary: [misc] ""the the"" typo
Resolution: FIXED"
17348,"Product: JDT
Component: Debug
Severity: normal
Priority: P2
Summary: Eval : NullPointerException when the source doesn't match the runtime class
Resolution: FIXED"
64205,"Product: Platform
Component: UI
Severity: normal
Priority: P2
Summary: BlockedJobsDialog not resizing vertically
Resolution: FIXED"
6524,"Product: JDT
Component: Debug
Severity: normal
Priority: P1
Summary: BadLocationException restoring DisplayView contents
Resolution: FIXED"
63107,"Product: JDT
Component: Debug
Severity: normal
Priority: P3
Summary: Display view hook CTRL-space for code assist
Resolution: FIXED"
122688,"Product: Platform
Component: UI
Severity: normal
Priority: P3
Summary: [Workbench] Should cast to IStructuredSelection instead of StructuredSelection
Resolution: FIXED"
384108,"Product: Platform
Component: UI
Severity: major
Priority: P3
Summary: JUnit view icon no longer shows progress while executing tests
Resolution: FIXED"
111740,"Product: Platform
Component: Ant
Severity: normal
Priority: P3
Summary: Ant editor shows text in black and white until file is edited
Resolution: FIXED"
67164,"Product: Platform
Component: Text
Severity: normal
Priority: P2
Summary: [validateEdit] validateEdit - prompt when file changed by validateEdit doesn't work
Resolution: FIXED"
436606,"Product: Platform
Component: UI
Severity: normal
Priority: P3
Summary: org.eclipse.ui.themes.source is missing about.html
Resolution: FIXED"
199013,"Product: JDT
Component: UI
Severity: normal
Priority: P3
Summary: [refactoring scripts] NPE when selecting node in refactoring history dialog
Resolution: FIXED"
138608,"Product: Platform
Component: UI
Severity: major
Priority: P1
Summary: [Viewers] JFace AbstractTreeViewer: itemExists doesn't handle equal tree entries
Resolution: FIXED"
111419,"Product: JDT
Component: UI
Severity: major
Priority: P3
Summary: [general] move refactoring missed to update qualified names [refactoring]
Resolution: FIXED"
63874,"Product: Platform
Component: UI
Severity: normal
Priority: P2
Summary: [Dialogs] [Progress] Widget disposed in clean build dialog
Resolution: FIXED"
328953,"Product: Platform
Component: User Assistance
Severity: normal
Priority: P3
Summary: [Cheatsheet] Using e4 SDK Commands launched from cheat sheets not working
Resolution: FIXED"
18650,"Product: JDT
Component: Debug
Severity: major
Priority: P1
Summary: Scrapbook doesn't launch
Resolution: FIXED"
7860,"Product: JDT
Component: Debug
Severity: normal
Priority: P1
Summary: Feature: support suspend/resume of VM
Resolution: FIXED"
24525,"Product: Platform
Component: Ant
Severity: normal
Priority: P2
Summary: Active targets not shown in ant tool property page
Resolution: FIXED"
32347,"Product: JDT
Component: Debug
Severity: enhancement
Priority: P3
Summary: bookmarks in every kind of editor
Resolution: FIXED"
6408,"Product: Platform
Component: Debug
Severity: normal
Priority: P1
Summary: Attempts to set breakpoint on unsaved resource fails
Resolution: FIXED"
35614,"Product: JDT
Component: UI
Severity: major
Priority: P3
Summary: RC3 can't handle all file extensions
Resolution: FIXED"
94654,"Product: JDT
Component: Text
Severity: normal
Priority: P2
Summary: [5.0][conten assist] Assertion failed on Static Import
Resolution: FIXED"
348730,"Product: JDT
Component: Debug
Severity: minor
Priority: P3
Summary: [clipboard] Open from Clipboard dialog should remember size
Resolution: FIXED"
123588,"Product: JDT
Component: Debug
Severity: major
Priority: P3
Summary: Losing key binding in scrapbook page
Resolution: FIXED"
160853,"Product: JDT
Component: UI
Severity: normal
Priority: P3
Summary: [extract method] Does not replace similar code in parent class of anonymous class
Resolution: FIXED"
85133,"Product: JDT
Component: Debug
Severity: major
Priority: P3
Summary: refactoring: NPE in BreakpointUtils.addJavaBreakpointAttributes
Resolution: FIXED"
80431,"Product: Platform
Component: Ant
Severity: normal
Priority: P2
Summary: External buildfile does not have Run As / Debug As
Resolution: FIXED"
264752,"Product: Platform
Component: UI
Severity: trivial
Priority: P3
Summary: [Viewers] Fix Javadoc for StyledCellLabelProvider#styleDecoratedString(..)
Resolution: FIXED"
10894,"Product: JDT
Component: Debug
Severity: normal
Priority: P2
Summary: Unable to get a super field from a IJavaObject object
Resolution: FIXED"
81435,"Product: Platform
Component: Text
Severity: major
Priority: P2
Summary: Revert actions are not correctly updated
Resolution: FIXED"
10147,"Product: JDT
Component: Debug
Severity: normal
Priority: P1
Summary: Moving VMs is not handled well.
Resolution: FIXED"
132150,"Product: Platform
Component: Debug
Severity: normal
Priority: P3
Summary: Suspend action is always disabled
Resolution: FIXED"
1668,"Product: JDT
Component: Debug
Severity: normal
Priority: P1
Summary: Stop on Uncaught exception should be scoped (1GHOUOQ)
Resolution: FIXED"
38725,"Product: Platform
Component: Debug
Severity: normal
Priority: P2
Summary: Debug context variables missing descriptions
Resolution: FIXED"
169838,"Product: Platform
Component: Text
Severity: minor
Priority: P3
Summary: [misc] Restore editor selection on restart should restore visible view port as well
Resolution: FIXED"
55040,"Product: Platform
Component: Debug
Severity: normal
Priority: P3
Summary: Don't provide ILaunchListener2 API
Resolution: FIXED"
34669,"Product: JDT
Component: Debug
Severity: normal
Priority: P3
Summary: Activating content assist in Conditions
Resolution: FIXED"
353228,"Product: Platform
Component: IDE
Severity: normal
Priority: P3
Summary: [Import/Export] ""Import an archive"" dialog is not reliably picking up a pasted archive location
Resolution: FIXED"
32291,"Product: JDT
Component: Debug
Severity: normal
Priority: P3
Summary: NPE in log
Resolution: FIXED"
386733,"Product: Platform
Component: Releng
Severity: normal
Priority: P3
Summary: Update features and product bundles for Juno SR1
Resolution: FIXED"
30098,"Product: Platform
Component: Ant
Severity: normal
Priority: P2
Summary: AntSecurityManager throws exception when exiting Eclipse
Resolution: FIXED"
32809,"Product: Platform
Component: Ant
Severity: normal
Priority: P2
Summary: AntView search dialog retains name of removed working set
Resolution: FIXED"
204965,"Product: PDE
Component: UI
Severity: normal
Priority: P3
Summary: NPE in FeatureOutlinePage
Resolution: FIXED"
61925,"Product: Platform
Component: UI
Severity: normal
Priority: P2
Summary: [Wizards] Help -> Software Updates -> Find and Install does nothing
Resolution: FIXED"
96161,"Product: Platform
Component: Ant
Severity: normal
Priority: P3
Summary: External buildfiles do not provide links
Resolution: FIXED"
325755,"Product: JDT
Component: Core
Severity: critical
Priority: P3
Summary: [compiler] wrong initialization state after conditional expression
Resolution: FIXED"
441844,"Product: Platform
Component: UI
Severity: major
Priority: P3
Summary: IWorkbenchPartOrientation.getOrientation() is no longer called
Resolution: FIXED"
106803,"Product: Platform
Component: Ant
Severity: normal
Priority: P3
Summary: Ant launcher not setting working directory
Resolution: FIXED"
367164,"Product: PDE
Component: UI
Severity: normal
Priority: P3
Summary: [target] NPE thrown by a location containing .war file that isn't a bundle
Resolution: FIXED"
337730,"Product: PDE
Component: UI
Severity: normal
Priority: P3
Summary: Notify when user tries to import a project from repository that already exists but is closed
Resolution: FIXED"
22571,"Product: JDT
Component: Debug
Severity: normal
Priority: P3
Summary: Duplicate container resolution
Resolution: FIXED"
400879,"Product: Platform
Component: Releng
Severity: normal
Priority: P2
Summary: Turn on auto ""tagging"" for our automated builds
Resolution: FIXED"
66157,"Product: Platform
Component: Text
Severity: normal
Priority: P1
Summary: ProjectionTextStore.replace() not consistent with intended ITextStore semantics
Resolution: FIXED"
45258,"Product: JDT
Component: Text
Severity: normal
Priority: P3
Summary: [navigation] Go To Next/Previous Annotation problems with sub-annotations
Resolution: FIXED"
410570,"Product: JDT
Component: UI
Severity: normal
Priority: P3
Summary: ignore eclipse.platform.releng.aggregator from chkpii
Resolution: FIXED"
133591,"Product: Platform
Component: User Assistance
Severity: normal
Priority: P1
Summary: [Intro] Circles theme doesn't look right in standby mode
Resolution: FIXED"
64043,"Product: Platform
Component: UI
Severity: normal
Priority: P2
Summary: [Workbench] Ctrl-tab in maximized editor causes NullPointerException
Resolution: FIXED"
62490,"Product: Platform
Component: Debug
Severity: normal
Priority: P3
Summary: out-of-box experience
Resolution: FIXED"
371658,"Product: PDE
Component: Doc
Severity: normal
Priority: P3
Summary: [trace] Document for tracing preference page
Resolution: FIXED"
37784,"Product: Platform
Component: Debug
Severity: normal
Priority: P3
Summary: Rename ""Debug"" preference page to ""Run/Debug""
Resolution: FIXED"
213757,"Product: Platform
Component: UI
Severity: normal
Priority: P3
Summary: [DataBinding] StringToIntegerValidator throws StringIndexOutOfBoundsE when String is empty
Resolution: FIXED"
16613,"Product: JDT
Component: UI
Severity: major
Priority: P2
Summary: ""Name filter patterns"" don't filter after relaunch
Resolution: FIXED"
75501,"Product: Platform
Component: Ant
Severity: normal
Priority: P3
Summary: Add more hover tests
Resolution: FIXED"
99698,"Product: JDT
Component: UI
Severity: minor
Priority: P3
Summary: [formatter] Code formatter > Braces: no preview for 'Annotation Type Declaration'
Resolution: FIXED"
43344,"Product: JDT
Component: Text
Severity: trivial
Priority: P2
Summary: [misc] Backout workaround for bug 41583
Resolution: FIXED"
82273,"Product: Platform
Component: Debug
Severity: normal
Priority: P2
Summary: Logical structures get confused by object hierarchy
Resolution: FIXED"
29927,"Product: Platform
Component: UI
Severity: normal
Priority: P2
Summary: [Working Sets] Error editing resource working set with inaccessible folder
Resolution: FIXED"
108258,"Product: JDT
Component: Text
Severity: major
Priority: P2
Summary: [typing] Toggle Comment on folded Javadoc fails
Resolution: FIXED"
73587,"Product: Platform
Component: UI
Severity: normal
Priority: P2
Summary: [RCP] Allow separation of declaration and placement of workbench extensions
Resolution: FIXED"
5971,"Product: JDT
Component: UI
Severity: normal
Priority: P1
Summary: NPE in the nls tool - preview page
Resolution: FIXED"
133495,"Product: Platform
Component: UI
Severity: normal
Priority: P2
Summary: [StatusHandling] ErrorDialog: Wrap message
Resolution: FIXED"
81484,"Product: Platform
Component: Ant
Severity: normal
Priority: P3
Summary: ConnectException in RemoteAntDebugBuildListener
Resolution: FIXED"
44774,"Product: JDT
Component: Debug
Severity: trivial
Priority: P3
Summary: Removing parameters in Run/Java Applet does not enable Apply
Resolution: FIXED"
18085,"Product: Platform
Component: Search
Severity: normal
Priority: P1
Summary: Using ""h"" mnemonic in file or java search page switches to Help page
Resolution: FIXED"
65540,"Product: JDT
Component: UI
Severity: normal
Priority: P2
Summary: JUnit does not give any feedback (i.e. busy) when starting tests. [JUnit]
Resolution: FIXED"
10800,"Product: JDT
Component: Debug
Severity: blocker
Priority: P2
Summary: Spaces In VM Arguments & Program Arguments
Resolution: FIXED"
109255,"Product: Platform
Component: Text
Severity: major
Priority: P2
Summary: [encoding] FileDocumentProvider does not detect bom as expected
Resolution: FIXED"
111496,"Product: JDT
Component: UI
Severity: normal
Priority: P3
Summary: [API] access to AddUnimplementedMethodsOperation
Resolution: FIXED"
316269,"Product: JDT
Component: UI
Severity: normal
Priority: P3
Summary: NonSharedProjectFilter does not filter binary projects
Resolution: FIXED"
390546,"Product: JDT
Component: Text
Severity: minor
Priority: P3
Summary: [rulers] Quick fix invoked even if warning/error is not shown in vertical ruler
Resolution: FIXED"
262870,"Product: Platform
Component: Debug
Severity: normal
Priority: P3
Summary: [breadcrumb] When debug view is activated no item has focus.
Resolution: FIXED"
30665,"Product: JDT
Component: UI
Severity: normal
Priority: P2
Summary: Lots of repainting in Java Browsing perspective [browsing]
Resolution: FIXED"
10417,"Product: JDT
Component: Debug
Severity: critical
Priority: P1
Summary: inspect/display to not work in snippet editor
Resolution: FIXED"
251688,"Product: PDE
Component: UI
Severity: normal
Priority: P3
Summary: Invalid discouraged access on plugin.xml
Resolution: FIXED"
7947,"Product: JDT
Component: Debug
Severity: normal
Priority: P3
Summary: JDIDebugModel still using types for breakpoints
Resolution: FIXED"
429885,"Product: Platform
Component: IDE
Severity: normal
Priority: P3
Summary: [Import/Export] Import wizard doesn't work well with ""Copy projects into workspace""
Resolution: FIXED"
478221,"Product: Platform
Component: Runtime
Severity: normal
Priority: P3
Summary: ContextsActivator can be removed
Resolution: FIXED"
17253,"Product: JDT
Component: UI
Severity: major
Priority: P2
Summary: Inline temp: inlines null
Resolution: FIXED"
28050,"Product: Platform
Component: Debug
Severity: normal
Priority: P3
Summary: Extra separator if no history, only favorites.
Resolution: FIXED"
225494,"Product: Platform
Component: IDE
Severity: trivial
Priority: P3
Summary: [Preferences] refresh on startup option has no keyword
Resolution: FIXED"
7580,"Product: Platform
Component: Debug
Severity: normal
Priority: P1
Summary: NPE out of AbstractDebugEventHandler on shutdown
Resolution: FIXED"
24922,"Product: JDT
Component: UI
Severity: normal
Priority: P3
Summary: Need a default for the task marker creation strings
Resolution: FIXED"
265180,"Product: Platform
Component: UI
Severity: trivial
Priority: P3
Summary: Preferences: Change 'Enable colored labels' to 'styled'
Resolution: FIXED"
84912,"Product: Platform
Component: UI
Severity: major
Priority: P2
Summary: [KeyBindings] performance: Lots of garbage when editor gains/loses focus
Resolution: FIXED"
61996,"Product: JDT
Component: UI
Severity: trivial
Priority: P3
Summary: bad idea to subclass Error for ordinary exceptions
Resolution: FIXED"
342512,"Product: PDE
Component: UI
Severity: normal
Priority: P3
Summary: Plug-in Manifest Editor adds garbage after '&' mnemonics when saving.
Resolution: FIXED"
269595,"Product: JDT
Component: UI
Severity: normal
Priority: P3
Summary: [clean up] Clean-Up of For-Each plus use final produces extra 'final' modifier
Resolution: FIXED"
270815,"Product: Platform
Component: Runtime
Severity: normal
Priority: P2
Summary: [perfs] Core headless startup regression starting N20090305
Resolution: FIXED"
436319,"Product: PDE
Component: API Tools
Severity: major
Priority: P3
Summary: missing about.html in 'source' jar
Resolution: FIXED"
320123,"Product: PDE
Component: UI
Severity: normal
Priority: P3
Summary: NPE : Cannot import project as source from target platform
Resolution: FIXED"
20797,"Product: Platform
Component: Ant
Severity: major
Priority: P2
Summary: [ExternalTools] Need to fix up quoting of variables containing spaces
Resolution: FIXED"
15575,"Product: Platform
Component: SWT
Severity: major
Priority: P1
Summary: Tree with checkbox items are not accessible
Resolution: FIXED"
117314,"Product: Platform
Component: UI
Severity: major
Priority: P1
Summary: [Commands] handlers: Failure in testSelectAllHandlerSendsSelectionEvent
Resolution: FIXED"
55348,"Product: Platform
Component: Compare
Severity: major
Priority: P2
Summary: NPE in TextMergeViewer.interpolate
Resolution: FIXED"
46650,"Product: JDT
Component: Text
Severity: major
Priority: P2
Summary: [navigation] Outline prompter is slow
Resolution: FIXED"
435061,"Product: Platform
Component: UI
Severity: normal
Priority: P3
Summary: Avoid unnecessary redraws in CSSPropertyFontSWTHandler
Resolution: FIXED"
443011,"Product: JDT
Component: Debug
Severity: normal
Priority: P3
Summary: org.eclipse.ui.trace.traceComponents extensions should not be in jdt.debug.ui
Resolution: FIXED"
42138,"Product: Platform
Component: Debug
Severity: enhancement
Priority: P3
Summary: Provide a way to dynamically change the process label shown in the console title and debug view
Resolution: FIXED"
272749,"Product: Platform
Component: UI
Severity: normal
Priority: P3
Summary: Make use of new SWT API: SWT.SHEET
Resolution: FIXED"
435512,"Product: Platform
Component: UI
Severity: normal
Priority: P3
Summary: [CSS] Override the preferences customized by the user with the proper CSS values
Resolution: FIXED"
441436,"Product: Platform
Component: SWT
Severity: major
Priority: P3
Summary: Runnable jar export thinks the standard jar extension is "".jar;*.zip""
Resolution: FIXED"
76940,"Product: Platform
Component: UI
Severity: normal
Priority: P2
Summary: [Preferences] Update JFace javadoc for #putValue and notification
Resolution: FIXED"
273615,"Product: JDT
Component: UI
Severity: normal
Priority: P3
Summary: [Help][Context] NPE when trying to open help (F1) in drop-down.
Resolution: FIXED"
54734,"Product: Platform
Component: UI
Severity: critical
Priority: P1
Summary: Missing/wrong icons
Resolution: FIXED"
348077,"Product: PDE
Component: UI
Severity: normal
Priority: P3
Summary: Increment version available for plug-in creation
Resolution: FIXED"
9079,"Product: JDT
Component: Debug
Severity: normal
Priority: P1
Summary: Pattern breakpoints show as <unknown>
Resolution: FIXED"
46168,"Product: Platform
Component: Debug
Severity: normal
Priority: P3
Summary: fork() methods should use jobs
Resolution: FIXED"
77372,"Product: Platform
Component: UI
Severity: major
Priority: P2
Summary: [RCP][Progress] Clicking on the progress button generates an error
Resolution: FIXED"
65056,"Product: JDT
Component: Debug
Severity: normal
Priority: P3
Summary: error code 101 evauating conditional breakpoint
Resolution: FIXED"
29753,"Product: JDT
Component: Debug
Severity: normal
Priority: P2
Summary: Eclipse keeps a lock on jar files even after a launch configuration is finished.
Resolution: FIXED"
444988,"Product: PDE
Component: UI
Severity: normal
Priority: P2
Summary: Workspace can exit with unsaved changes because of modification of External Plug-in Libraries/.searchable during FULL_SAVE
Resolution: FIXED"
10035,"Product: JDT
Component: Debug
Severity: enhancement
Priority: P3
Summary: The Launcher should support variables
Resolution: FIXED"
236251,"Product: JDT
Component: Text
Severity: normal
Priority: P3
Summary: [implementation] failure when launching headless
Resolution: FIXED"
18121,"Product: Platform
Component: Debug
Severity: normal
Priority: P3
Summary: Static menus items should be at the top
Resolution: FIXED"
256422,"Product: Platform
Component: UI
Severity: normal
Priority: P3
Summary: [DataBinding] doSetValue in WritableValue
Resolution: FIXED"
203707,"Product: JDT
Component: UI
Severity: trivial
Priority: P3
Summary: [preferences] 1.1, 1.2 and CLDC 1.0 should be added as keyword for the 'Compiler' page
Resolution: FIXED"
65992,"Product: Platform
Component: UI
Severity: normal
Priority: P3
Summary: [Progress] Rescheduled jobs are not shown in the progress view
Resolution: FIXED"
42333,"Product: Platform
Component: Ant
Severity: major
Priority: P2
Summary: Ant build failed error messages no longer shown in console
Resolution: FIXED"
95456,"Product: JDT
Component: Debug
Severity: normal
Priority: P2
Summary: Source lookup path broken for alternate JRE
Resolution: FIXED"
249456,"Product: JDT
Component: Text
Severity: critical
Priority: P3
Summary: [projection] Line with class definition disappears on save if format on save is enabled
Resolution: FIXED"
74080,"Product: Platform
Component: Debug
Severity: normal
Priority: P3
Summary: Process console did not flush stream monitors
Resolution: FIXED"
74535,"Product: Platform
Component: UI
Severity: major
Priority: P2
Summary: [Preferences] Importing preferences does not fire property change events
Resolution: FIXED"
117787,"Product: Platform
Component: Ant
Severity: normal
Priority: P3
Summary: StringIndexOutOfBoundsException finding occurrences
Resolution: FIXED"
169707,"Product: Platform
Component: UI
Severity: normal
Priority: P3
Summary: [implementation] hashCode/equals of TextEditorSavable must not change
Resolution: WORKSFORME"
55735,"Product: Platform
Component: UI
Severity: normal
Priority: P2
Summary: [Progress] Double-clicking on statusline progress icon has no effect
Resolution: FIXED"
80473,"Product: JDT
Component: Text
Severity: enhancement
Priority: P2
Summary: [rulers][preferences] allow disabling of range indicator on left of java editor
Resolution: FIXED"
79916,"Product: Platform
Component: UI
Severity: normal
Priority: P2
Summary: [Viewers] isDisposed check needed in AbstractTreeViewer#internalRemove
Resolution: FIXED"
274364,"Product: JDT
Component: UI
Severity: normal
Priority: P3
Summary: [quick fix] NPE in ASTNodeFactory when method return type is missing
Resolution: FIXED"
47433,"Product: Platform
Component: Team
Severity: major
Priority: P2
Summary: saveState illegalWorkbenchState
Resolution: FIXED"
5838,"Product: Platform
Component: Compare
Severity: enhancement
Priority: P2
Summary: [Navigation] Should support both a step into and step over
Resolution: FIXED"
10586,"Product: Platform
Component: Debug
Severity: normal
Priority: P1
Summary: Use new workbench selection service
Resolution: FIXED"
262261,"Product: Platform
Component: Debug
Severity: normal
Priority: P3
Summary: [breadcrumb] Add actions to Debug view to switch between tree view, breadcrumb, or automatic modes.
Resolution: FIXED"
37070,"Product: Platform
Component: Ant
Severity: normal
Priority: P3
Summary: [README] XDoclet support from within Eclipse
Resolution: FIXED"
436094,"Product: PDE
Component: UI
Severity: normal
Priority: P3
Summary: [CSS][Dark] Provide resonable PDE defaults for syntax color in Dark theme
Resolution: FIXED"
26157,"Product: Platform
Component: Debug
Severity: normal
Priority: P2
Summary: launch config working sets applied globally
Resolution: FIXED"
182707,"Product: Platform
Component: Update  (deprecated - use RT>Equinox>p2)
Severity: normal
Priority: P2
Summary: AIOOBE when changing install location
Resolution: FIXED"
142785,"Product: Platform
Component: UI
Severity: major
Priority: P2
Summary: NavigatorSaveablesServices NPEs on shutdown
Resolution: FIXED"
396229,"Product: Platform
Component: Releng
Severity: major
Priority: P1
Summary: org.eclipse.sdk.examples bundle has empty plugin.xml and no localization
Resolution: FIXED"
172765,"Product: Platform
Component: UI
Severity: normal
Priority: P3
Summary: [DataBinding] Consistency when registering property change listeners
Resolution: FIXED"
13630,"Product: JDT
Component: Debug
Severity: normal
Priority: P2
Summary: Single launching problematic when ambigious on a file type
Resolution: FIXED"
119326,"Product: JDT
Component: Text
Severity: major
Priority: P3
Summary: [implementation] SelectionListenerWithASTManager not always notifying because of null astRoot
Resolution: FIXED"
217618,"Product: PDE
Component: UI
Severity: normal
Priority: P3
Summary: 'Edit > Show Tooltip Description (F2)' not resizable on manifest editor source page
Resolution: FIXED"
61545,"Product: Platform
Component: UI
Severity: normal
Priority: P2
Summary: [ViewMgmt] createPartControl not called before setFocus or dispose()
Resolution: FIXED"
79266,"Product: JDT
Component: UI
Severity: normal
Priority: P3
Summary: New form-based compiler prefs usability: takes longer to find and change a setting
Resolution: FIXED"
16554,"Product: JDT
Component: UI
Severity: normal
Priority: P2
Summary: ""Reconcile Java views"" preference is meaningless
Resolution: FIXED"
16880,"Product: JDT
Component: Debug
Severity: normal
Priority: P1
Summary: Code assist does not work in expression view
Resolution: FIXED"
77754,"Product: Platform
Component: Debug
Severity: major
Priority: P1
Summary: Inefficient loop rendering styled text
Resolution: FIXED"
1640,"Product: JDT
Component: Debug
Severity: enhancement
Priority: P3
Summary: USABILITY - Inspect and Display reset selection (1GF6CH0)
Resolution: FIXED"
44839,"Product: JDT
Component: Core
Severity: major
Priority: P2
Summary: New formater fails with out of memory error
Resolution: FIXED"
414584,"Product: JDT
Component: Core
Severity: normal
Priority: P2
Summary: Test bundles have wrong bundle version for Luna
Resolution: FIXED"
11478,"Product: JDT
Component: Debug
Severity: critical
Priority: P1
Summary: Inspect is broken
Resolution: FIXED"
140828,"Product: JDT
Component: Debug
Severity: normal
Priority: P2
Summary: JRE_CONTAINER is not directly compatible on Mac
Resolution: FIXED"
129599,"Product: Platform
Component: UI
Severity: normal
Priority: P1
Summary: Mark the org.eclipse.ui.menus extension point as experimental
Resolution: FIXED"
46085,"Product: JDT
Component: Debug
Severity: critical
Priority: P2
Summary: launching SWT based applications broken
Resolution: FIXED"
57354,"Product: Platform
Component: UI
Severity: normal
Priority: P2
Summary: [KeyBindings] Window -> Keyboard shortcuts is misleading since it only displays a few of them
Resolution: FIXED"
185376,"Product: JDT
Component: UI
Severity: normal
Priority: P3
Summary: [build path] Creating Java project fails on Mac
Resolution: FIXED"
182651,"Product: Platform
Component: UI
Severity: critical
Priority: P3
Summary: [FastView] WorkbenchPage.isPageZoomed class cast error
Resolution: FIXED"
17374,"Product: Platform
Component: Search
Severity: normal
Priority: P3
Summary: java search page - mnemonic clash for Dec&larations and Se&lected Resources
Resolution: FIXED"
30000,"Product: JDT
Component: Debug
Severity: enhancement
Priority: P2
Summary: Error when you clean out all entries from bootstrap classes
Resolution: FIXED"
208541,"Product: JDT
Component: Core
Severity: normal
Priority: P2
Summary: [formatter] Formatter does not format whole region/selection
Resolution: FIXED"
29885,"Product: Platform
Component: Ant
Severity: normal
Priority: P2
Summary: Ant editor (planty) does not handle relative paths nicely
Resolution: FIXED"
7298,"Product: JDT
Component: Debug
Severity: critical
Priority: P1
Summary: Drop to frame is always disabled
Resolution: FIXED"
165375,"Product: Platform
Component: UI
Severity: normal
Priority: P3
Summary: [QuickAccess] should not match on categories
Resolution: FIXED"
183034,"Product: Platform
Component: UI
Severity: enhancement
Priority: P3
Summary: [DataBinding] Content providers should support AbstractTableViewer
Resolution: FIXED"
43634,"Product: JDT
Component: UI
Severity: enhancement
Priority: P3
Summary: unused code: check unnecessary cast and instanceof as seperate options
Resolution: FIXED"
15200,"Product: JDT
Component: Debug
Severity: normal
Priority: P2
Summary: Notification of JRE changes
Resolution: FIXED"
419018,"Product: Platform
Component: UI
Severity: normal
Priority: P3
Summary: [CSS] Provide the CSS support for defining the new font and color definitions
Resolution: FIXED"
395007,"Product: JDT
Component: UI
Severity: normal
Priority: P3
Summary: [package explorer] Refresh action not available on Java package folders
Resolution: FIXED"
15739,"Product: JDT
Component: Debug
Severity: normal
Priority: P3
Summary: Show breakpoint condition in hover help
Resolution: FIXED"
350767,"Product: JDT
Component: Core
Severity: normal
Priority: P3
Summary: [1.7][assist] CCE while invoking assist on a multi-catch block
Resolution: FIXED"
56463,"Product: JDT
Component: UI
Severity: normal
Priority: P3
Summary: First page of new project wizard does not use dialog font [dialogs] [code manipulation]
Resolution: FIXED"
212439,"Product: JDT
Component: Debug
Severity: major
Priority: P2
Summary: Unable to change variable value when stopped in JSP
Resolution: FIXED"
80225,"Product: Platform
Component: UI
Severity: major
Priority: P2
Summary: [Preferences] Export should prompt for save before exporting
Resolution: FIXED"
50119,"Product: Platform
Component: Text
Severity: major
Priority: P2
Summary: [preferences][api] NPE from incorrectly specified markerAnnotationSpecification
Resolution: FIXED"
112921,"Product: JDT
Component: Text
Severity: enhancement
Priority: P2
Summary: [content assist] Enhance additional info popup
Resolution: FIXED"
218942,"Product: PDE
Component: UI
Severity: major
Priority: P3
Summary: Invalid Thread Access doing a search
Resolution: FIXED"
249704,"Product: JDT
Component: Core
Severity: normal
Priority: P3
Summary: [code assist] autocomplete with anonymous classes does stop working
Resolution: FIXED"
119585,"Product: Platform
Component: Ant
Severity: major
Priority: P3
Summary: dangerous uses of ""new GC(Display)""
Resolution: FIXED"
90930,"Product: JDT
Component: UI
Severity: normal
Priority: P2
Summary: Generate constructor using fields generates wrong parameter name
Resolution: FIXED"
65268,"Product: Platform
Component: Text
Severity: enhancement
Priority: P2
Summary: [projection] editor is missing collapse all action for code folding
Resolution: FIXED"
398852,"Product: Platform
Component: UI
Severity: normal
Priority: P3
Summary: [CSS] Un-readable tab names when using High Contrast mode.
Resolution: FIXED"
18338,"Product: Platform
Component: Debug
Severity: enhancement
Priority: P2
Summary: Run/Debug in the context menu
Resolution: FIXED"
100156,"Product: Platform
Component: UI
Severity: normal
Priority: P2
Summary: [IDE] RenameResourceAction should use IAdaptable for IResource lookuop
Resolution: FIXED"
93803,"Product: Platform
Component: Debug
Severity: normal
Priority: P2
Summary: Debug view should not change selection when already on suspended frame/thread
Resolution: FIXED"
20597,"Product: JDT
Component: Debug
Severity: enhancement
Priority: P2
Summary: [breakpoints] Breakpoint conditions should be remembered
Resolution: FIXED"
38389,"Product: Platform
Component: Ant
Severity: normal
Priority: P3
Summary: AntClasspathTab top label gets truncated
Resolution: FIXED"
84731,"Product: Platform
Component: UI
Severity: major
Priority: P2
Summary: [PropertiesView] Flicker when resizing columns
Resolution: FIXED"
121939,"Product: Platform
Component: UI
Severity: blocker
Priority: P1
Summary: [Viewers] TreeSelection should subclass StructuredSelection
Resolution: FIXED"
96532,"Product: JDT
Component: UI
Severity: normal
Priority: P3
Summary: JavaElementLabels#getTypeSignatureLabel(...) should handle capture
Resolution: FIXED"
99585,"Product: JDT
Component: UI
Severity: normal
Priority: P3
Summary: NPE in FileSpec
Resolution: FIXED"
278781,"Product: PDE
Component: UI
Severity: major
Priority: P3
Summary: Launching eclipse application fails when a vm arg in eclipse.ini contains a space
Resolution: FIXED"
31625,"Product: Platform
Component: Ant
Severity: major
Priority: P2
Summary: Mixing build files in Ant view does not work
Resolution: FIXED"
135285,"Product: JDT
Component: UI
Severity: normal
Priority: P3
Summary: [source actions] improve order of source actions
Resolution: FIXED"
192153,"Product: Platform
Component: Text
Severity: normal
Priority: P3
Summary: [Preferences] Options on Text Editors pref page needs to be updated
Resolution: FIXED"
339663,"Product: Platform
Component: UI
Severity: major
Priority: P3
Summary: [JFace] Image of ControlDecoration is visible outside composite when the scrolling a composite
Resolution: FIXED"
7315,"Product: Platform
Component: Debug
Severity: normal
Priority: P2
Summary: & shown in debugger tool tips in Linux
Resolution: FIXED"
19899,"Product: Platform
Component: Ant
Severity: normal
Priority: P2
Summary: If the user never changes the Ant classpath, it should always be computed
Resolution: FIXED"
50756,"Product: JDT
Component: Text
Severity: critical
Priority: P3
Summary: Cannot start editing Java file while CVS synchronization is occurring
Resolution: FIXED"
113455,"Product: Platform
Component: UI
Severity: blocker
Priority: P2
Summary: [Markers] Some error markers do not appear
Resolution: FIXED"
362969,"Product: JDT
Component: Core
Severity: normal
Priority: P3
Summary: JDT compiler does allow access to private members where javac doesn't
Resolution: DUPLICATE"
387669,"Product: Platform
Component: Text
Severity: normal
Priority: P3
Summary: Backport workaround for bug 375576
Resolution: FIXED"
8301,"Product: Platform
Component: Debug
Severity: normal
Priority: P1
Summary: Evaluation actions need in the context menus of the details panes
Resolution: FIXED"
420489,"Product: PDE
Component: Build
Severity: normal
Priority: P3
Summary: SourceTests#testBug206679_247198 due to removal of ""requires features"" dependencies from JDT feature
Resolution: FIXED"
4383,"Product: JDT
Component: Debug
Severity: enhancement
Priority: P2
Summary: Artwork required
Resolution: FIXED"
82914,"Product: Platform
Component: UI
Severity: normal
Priority: P1
Summary: [KeyBindings] performance: Too many MissingResourceException from NativeKeyFormatter
Resolution: FIXED"
328179,"Product: PDE
Component: API Tools
Severity: normal
Priority: P3
Summary: UseScanParser ignores result of visit methods
Resolution: FIXED"
54595,"Product: JDT
Component: UI
Severity: normal
Priority: P3
Summary: Load User Libraries dialog has layout problems
Resolution: FIXED"
204029,"Product: PDE
Component: UI
Severity: normal
Priority: P3
Summary: Feature Editor should handle empty fields as 'undefined'
Resolution: FIXED"
5710,"Product: JDT
Component: UI
Severity: enhancement
Priority: P3
Summary: Emacs-like isearch (aka ""incremental search"")
Resolution: FIXED"
127232,"Product: JDT
Component: Debug
Severity: normal
Priority: P3
Summary: variables view loses contents
Resolution: FIXED"
8187,"Product: JDT
Component: UI
Severity: normal
Priority: P1
Summary: NPE in Self Encapsulate Field
Resolution: FIXED"
28423,"Product: JDT
Component: Debug
Severity: normal
Priority: P2
Summary: scrapbook eval always displays ""source not found""
Resolution: FIXED"
5612,"Product: JDT
Component: Debug
Severity: normal
Priority: P1
Summary: Evaluation is performed in wrong ""receiver"" context
Resolution: FIXED"
155993,"Product: JDT
Component: Text
Severity: normal
Priority: P2
Summary: [misc] Large tool tip in java editor
Resolution: FIXED"
47491,"Product: JDT
Component: Text
Severity: major
Priority: P2
Summary: [formatting] Comments formatter inserts tabs when it should use spaces
Resolution: FIXED"
188910,"Product: JDT
Component: UI
Severity: normal
Priority: P3
Summary: [clean up] Clean Up wizard needs too much space/is ugly
Resolution: FIXED"
26696,"Product: JDT
Component: Debug
Severity: normal
Priority: P3
Summary: NPE in conditional breakpoint field
Resolution: FIXED"
18296,"Product: JDT
Component: Debug
Severity: normal
Priority: P1
Summary: Debug Hover fix
Resolution: FIXED"
34819,"Product: Platform
Component: UI
Severity: normal
Priority: P2
Summary: [CellEditors] DialogCellEditor incorrectly displayed in TableViewer - RC2 bug
Resolution: FIXED"
93238,"Product: Platform
Component: UI
Severity: critical
Priority: P1
Summary: [Workbench] CCE in XMLMemento while exiting my workspace
Resolution: FIXED"
75843,"Product: Platform
Component: UI
Severity: major
Priority: P2
Summary: Deadlock arised when calling JDIDebugModel.createMethodEntryBreakpoint
Resolution: FIXED"
93378,"Product: Platform
Component: Ant
Severity: normal
Priority: P3
Summary: Changing tab width does not effect open Ant editors
Resolution: FIXED"
31052,"Product: Platform
Component: UI
Severity: normal
Priority: P2
Summary: [Linked Resources] Disable/hide linked resource UI
Resolution: FIXED"
61842,"Product: JDT
Component: Text
Severity: major
Priority: P3
Summary: Javadoc view fails to create [javadoc view]
Resolution: FIXED"
202634,"Product: JDT
Component: Core
Severity: minor
Priority: P3
Summary: [codeassist] missing super proposal in specific source
Resolution: FIXED"
93030,"Product: Platform
Component: UI
Severity: normal
Priority: P3
Summary: [Import/Export] Tarfile Inputstream Broken
Resolution: FIXED"
159337,"Product: JDT
Component: UI
Severity: normal
Priority: P3
Summary: [clean up] convert iterable loop ignores single non block body statement
Resolution: FIXED"
47308,"Product: Platform
Component: Ant
Severity: critical
Priority: P1
Summary: Add Ant task error in preferences in 3.0M5
Resolution: FIXED"
165850,"Product: JDT
Component: UI
Severity: major
Priority: P3
Summary: [build path] Create New Java Project fails with a NullPointerException
Resolution: FIXED"
433514,"Product: Platform
Component: UI
Severity: normal
Priority: P3
Summary: Regression: Border around views is gone
Resolution: FIXED"
43618,"Product: Platform
Component: Ant
Severity: normal
Priority: P2
Summary: Child jvm for ant build not exiting when build fails
Resolution: FIXED"
331524,"Product: Platform
Component: UI
Severity: normal
Priority: P3
Summary: WorkbenchPreferenceDialog overrides client focus (was: [preferences] Configuring problem severity via hover broken)
Resolution: FIXED"
55581,"Product: Platform
Component: UI
Severity: critical
Priority: P1
Summary: [KeyBindings] pressing Ctrl-F6 again closes editor list
Resolution: FIXED"
216233,"Product: JDT
Component: UI
Severity: enhancement
Priority: P3
Summary: [preferences] Surface new compiler option unusedDeclaredThrownExceptionIncludeUncheckedExceptions
Resolution: FIXED"
44125,"Product: Platform
Component: Ant
Severity: normal
Priority: P3
Summary: Performance issues with Ant editor: slow to open
Resolution: FIXED"
314589,"Product: Platform
Component: User Assistance
Severity: normal
Priority: P3
Summary: [Help] NPE creating new scope in search view - Fix for 3.6.1
Resolution: FIXED"
96059,"Product: JDT
Component: Text
Severity: normal
Priority: P2
Summary: [content assist] Closing parethesis deleted by code assist
Resolution: FIXED"
25701,"Product: Platform
Component: Debug
Severity: normal
Priority: P3
Summary: Instruction pointer disappears
Resolution: FIXED"
8159,"Product: JDT
Component: Debug
Severity: normal
Priority: P1
Summary: LaunchView toolbar actions not updated on long steps
Resolution: FIXED"
246353,"Product: JDT
Component: UI
Severity: normal
Priority: P2
Summary: Fix new project wizard tests
Resolution: FIXED"
342710,"Product: PDE
Component: UI
Severity: normal
Priority: P3
Summary: NPE in SchemaErrorReporter during a build
Resolution: FIXED"
93961,"Product: Platform
Component: Debug
Severity: normal
Priority: P3
Summary: Registers nodes show ""+"" sign even though its value's #hasVariables returns false
Resolution: FIXED"
426683,"Product: Platform
Component: SWT
Severity: normal
Priority: P3
Summary: Fix compiler warnings in CTabFolder and SleakView
Resolution: FIXED"
164943,"Product: JDT
Component: UI
Severity: major
Priority: P3
Summary: [clean up] Does remove used import on organize import if syntax error
Resolution: FIXED"
63634,"Product: Platform
Component: UI
Severity: normal
Priority: P3
Summary: [Progress] SWTException in NewProgressViewer#getSelection
Resolution: FIXED"
49473,"Product: Platform
Component: Debug
Severity: normal
Priority: P3
Summary: 3.0M6 sometimes fails to show thread & stacktrace for breakpoints in the debugger.
Resolution: FIXED"
336544,"Product: JDT
Component: Core
Severity: blocker
Priority: P3
Summary: [regression][compiler] Source flagged as dead code incorrectly.
Resolution: FIXED"
98104,"Product: JDT
Component: UI
Severity: normal
Priority: P3
Summary: Javadoc locations in archives should correctly handle ! in path
Resolution: FIXED"
18732,"Product: Platform
Component: UI
Severity: major
Priority: P2
Summary: Tooltip wrong on start up for label retarget toolitem from action set
Resolution: FIXED"
198785,"Product: Platform
Component: Debug
Severity: enhancement
Priority: P3
Summary: Remove launch from Run/Debug drop down
Resolution: FIXED"
30448,"Product: JDT
Component: Debug
Severity: normal
Priority: P2
Summary: Source lookup tab makes dialog unreasonably large.
Resolution: FIXED"
217855,"Product: JDT
Component: Debug
Severity: normal
Priority: P2
Summary: [expressions] static/final filters have no effect on watch expressions
Resolution: FIXED"
51064,"Product: Platform
Component: UI
Severity: normal
Priority: P2
Summary: [KeyBindings]  cntrl-/ doesn't work
Resolution: INVALID"
280595,"Product: Platform
Component: User Assistance
Severity: normal
Priority: P3
Summary: [Help] org.eclipse.help.ui does not update all its packages
Resolution: FIXED"
16992,"Product: JDT
Component: Debug
Severity: normal
Priority: P3
Summary: Copyrights in test suite
Resolution: FIXED"
93263,"Product: Platform
Component: UI
Severity: normal
Priority: P2
Summary: [Preferences] Properties and Preference Dialog is inconsistent
Resolution: FIXED"
155856,"Product: Platform
Component: UI
Severity: normal
Priority: P3
Summary: [IDE] bad value in the IIDEActionConstants
Resolution: FIXED"
7909,"Product: Platform
Component: Team
Severity: blocker
Priority: P1
Summary: CVS Checkout fails
Resolution: FIXED"
64902,"Product: JDT
Component: UI
Severity: normal
Priority: P3
Summary: packages view: keyboard focus lost after switching layout [browsing]
Resolution: FIXED"
185829,"Product: Platform
Component: Debug
Severity: normal
Priority: P3
Summary: [help] The add favorites dialog help is not helpful
Resolution: FIXED"
3671,"Product: JDT
Component: UI
Severity: enhancement
Priority: P2
Summary: DCR: Add ""Search"" functions to context menus (1GDU7SJ)
Resolution: FIXED"
211386,"Product: PDE
Component: UI
Severity: blocker
Priority: P3
Summary: PDE importer broken due to new source distro format
Resolution: FIXED"
7028,"Product: Platform
Component: SWT
Severity: critical
Priority: P1
Summary: ArrayIndexOutOfBoundsException by org.eclipse.swt.graphics.GC.drawImage()
Resolution: FIXED"
30430,"Product: JDT
Component: Doc
Severity: normal
Priority: P3
Summary: Broken extension point doc links
Resolution: FIXED"
152743,"Product: Platform
Component: Text
Severity: normal
Priority: P2
Summary: [rulers][api] provide an abstract base class for rulerColumn contributions
Resolution: FIXED"
413936,"Product: Platform
Component: UI
Severity: normal
Priority: P3
Summary: Busy (italic) view title not redrawn promptly with Classic theme
Resolution: FIXED"
269845,"Product: JDT
Component: Doc
Severity: normal
Priority: P2
Summary: All documents should have the lang=""en"" attribute
Resolution: FIXED"
423882,"Product: Platform
Component: UI
Severity: normal
Priority: P3
Summary: [IDE] Workspace version check should warn if workspace is too new
Resolution: FIXED"
331262,"Product: PDE
Component: UI
Severity: normal
Priority: P3
Summary: [patch] Make ""Open Manifest"" bound to a command
Resolution: FIXED"
278844,"Product: JDT
Component: UI
Severity: enhancement
Priority: P2
Summary: [JUnit] Separate UI from non-UI code
Resolution: FIXED"
300916,"Product: JDT
Component: Debug
Severity: major
Priority: P2
Summary: Creating a breakpoint in an external file does not result in qualified names
Resolution: FIXED"
255590,"Product: Platform
Component: SWT
Severity: trivial
Priority: P3
Summary: [Web] Update Cocoa website to reflect full build availability
Resolution: FIXED"
129141,"Product: JDT
Component: UI
Severity: major
Priority: P3
Summary: Attempt to import a named method-scoped class when using auto-complete
Resolution: FIXED"
420622,"Product: Platform
Component: Doc
Severity: trivial
Priority: P3
Summary: Typo in the Hello World example
Resolution: FIXED"
34075,"Product: JDT
Component: Debug
Severity: normal
Priority: P2
Summary: Classpath variables disappear
Resolution: FIXED"
202798,"Product: Platform
Component: Debug
Severity: normal
Priority: P3
Summary: Breakpoint working set description
Resolution: FIXED"
223974,"Product: JDT
Component: Text
Severity: normal
Priority: P2
Summary: [misc] Templates view breaks text drag and drop in Java editor
Resolution: FIXED"
316827,"Product: JDT
Component: Core
Severity: normal
Priority: P3
Summary: automation test: test055 - 1.5, 1.6, 1.7 fail in solaris-10 with jdk7-b96
Resolution: NOT_ECLIPSE"
17129,"Product: Platform
Component: User Assistance
Severity: normal
Priority: P3
Summary: N2.5 Print button does not work
Resolution: WORKSFORME"
134926,"Product: Platform
Component: Team
Severity: normal
Priority: P2
Summary: [Model Sync] Wrong project added to sync
Resolution: FIXED"
40673,"Product: JDT
Component: Debug
Severity: blocker
Priority: P1
Summary: Detected JRE not set correctly
Resolution: FIXED"
90453,"Product: Platform
Component: UI
Severity: major
Priority: P2
Summary: [JFace] Project creation wizard is not coming up
Resolution: FIXED"
268751,"Product: PDE
Component: UI
Severity: normal
Priority: P3
Summary: [ds tooling] NPE in new DS Component wizard
Resolution: FIXED"
190987,"Product: JDT
Component: UI
Severity: major
Priority: P3
Summary: [build path] Project can add itself as class folder
Resolution: FIXED"
374122,"Product: JDT
Component: Doc
Severity: normal
Priority: P3
Summary: remove traces of removed option JavaCore.COMPILER_NONNULL_IS_DEFAULT
Resolution: FIXED"
16843,"Product: JDT
Component: UI
Severity: major
Priority: P2
Summary: Not present exception closing java editor that is outside classpath
Resolution: FIXED"
98585,"Product: Platform
Component: Text
Severity: normal
Priority: P2
Summary: [content assist] SWT.VIRTUAL style in the content-assist Table
Resolution: FIXED"
55688,"Product: Platform
Component: UI
Severity: major
Priority: P1
Summary: [KeyBindings] Delete key doesn't work in single-line Text
Resolution: DUPLICATE"
78318,"Product: Platform
Component: Debug
Severity: normal
Priority: P2
Summary: Backport performance tests
Resolution: FIXED"
80696,"Product: Platform
Component: UI
Severity: major
Priority: P2
Summary: [Preferences] PreferencePage NPE
Resolution: FIXED"
39722,"Product: Platform
Component: Ant
Severity: normal
Priority: P3
Summary: Ant core schemas should mark the library as a resource
Resolution: FIXED"
26061,"Product: Platform
Component: Ant
Severity: normal
Priority: P2
Summary: Changes to Ant classpath don't persist
Resolution: FIXED"
224428,"Product: Platform
Component: UI
Severity: normal
Priority: P3
Summary: [Viewers] Add set/getStyleRanges to ViewerRow
Resolution: FIXED"
9896,"Product: JDT
Component: Debug
Severity: normal
Priority: P1
Summary: Wrong warning in Add/Edit JRE dialog
Resolution: FIXED"
97035,"Product: Platform
Component: UI
Severity: normal
Priority: P3
Summary: [Workbench] Show startup progress under splash
Resolution: INVALID"
83700,"Product: Platform
Component: UI
Severity: normal
Priority: P2
Summary: [Preferences] Definition of null Shell argument to PreferencesUtil.createPreferenceDialogOn(Shell, ...)
Resolution: FIXED"
410569,"Product: JDT
Component: Text
Severity: normal
Priority: P3
Summary: Remove 'org.eclipse.releng.tools' from the list of not loaded plug-ins
Resolution: FIXED"
198211,"Product: Platform
Component: UI
Severity: normal
Priority: P3
Summary: [DataBinding] ComputedValue invokes doGetValue outside realm when adding a change listener
Resolution: FIXED"
156883,"Product: Platform
Component: UI
Severity: enhancement
Priority: P3
Summary: [Viewers] enhancements to ILazyTreeContentProvider
Resolution: FIXED"
16164,"Product: JDT
Component: Debug
Severity: normal
Priority: P3
Summary: Missing mneumonics on the AddVMDialog
Resolution: FIXED"
493305,"Product: Platform
Component: IDE
Severity: normal
Priority: P3
Summary: Autosave preference page: text not disabled out of the box
Resolution: FIXED"
70955,"Product: JDT
Component: Debug
Severity: minor
Priority: P3
Summary: Empty string as a program argument not accepted.
Resolution: FIXED"
346415,"Product: JDT
Component: Core
Severity: normal
Priority: P3
Summary: [1.7][assist] No proposal inside catch statement from 3rd catch block onwards
Resolution: FIXED"
49021,"Product: Platform
Component: UI
Severity: normal
Priority: P1
Summary: Triple-stroke key bindings don't play nice with key assistant shell
Resolution: WORKSFORME"
123895,"Product: Platform
Component: Text
Severity: minor
Priority: P2
Summary: [api] Should DocumentEvent getText ever return null?
Resolution: FIXED"
400829,"Product: Platform
Component: UI
Severity: major
Priority: P3
Summary: [DND] NPE and hang during dragging
Resolution: FIXED"
81311,"Product: Platform
Component: Text
Severity: trivial
Priority: P2
Summary: [encoding] LinkedPositionGroupTest.java could not be read (illegal characters)
Resolution: FIXED"
381176,"Product: Platform
Component: Releng
Severity: normal
Priority: P3
Summary: SWT needs special filter text for ""fix copyrights"" tool
Resolution: FIXED"
273330,"Product: Platform
Component: UI
Severity: normal
Priority: P3
Summary: [JFace] Add API to MessageDialog to enable clients to use SWT.SHEET
Resolution: FIXED"
59361,"Product: Platform
Component: UI
Severity: normal
Priority: P1
Summary: [Workbench] AbstractUIPlugin should have start(...) and stop(...) methods
Resolution: FIXED"
333956,"Product: JDT
Component: Core
Severity: trivial
Priority: P3
Summary: CompilerOptions#warningOptionNames(): OPTION_ReportRawTypeReference missing
Resolution: FIXED"
170192,"Product: JDT
Component: Text
Severity: major
Priority: P3
Summary: [implementation] IllegalStateException when reading spelling dictionary
Resolution: FIXED"
286203,"Product: PDE
Component: UI
Severity: enhancement
Priority: P3
Summary: [doc][editor] Support spell checking in Cheat Sheet, TOC and Context Help Editor
Resolution: FIXED"
52274,"Product: JDT
Component: UI
Severity: major
Priority: P2
Summary: deleting a java file does nothing when this java file contains unsaved changes
Resolution: FIXED"
112456,"Product: JDT
Component: Debug
Severity: enhancement
Priority: P3
Summary: Would like a VM install change event for VM arguments property
Resolution: FIXED"
68031,"Product: Platform
Component: UI
Severity: normal
Priority: P2
Summary: Graphic is disposed error in Ctrl+e editor dropdown
Resolution: FIXED"
18040,"Product: JDT
Component: Debug
Severity: normal
Priority: P1
Summary: Index out of bounds creating new remote java launch config
Resolution: FIXED"
58206,"Product: Platform
Component: Ant
Severity: normal
Priority: P3
Summary: Help with memory footprint: dispose Ant model for Ant doc
Resolution: FIXED"
315620,"Product: Platform
Component: UI
Severity: major
Priority: P3
Summary: [Progress] WorkbenchWindow is leaked
Resolution: FIXED"
84022,"Product: Platform
Component: UI
Severity: normal
Priority: P2
Summary: [Preferences] Compiler preference page does not layout status messages correctly
Resolution: FIXED"
136648,"Product: Platform
Component: Text
Severity: normal
Priority: P1
Summary: [api][performance][content assist] add ability to fetch additional info of proposals in background thread
Resolution: FIXED"
345669,"Product: Platform
Component: Releng
Severity: normal
Priority: P2
Summary: Ensure Copyright Checker/Updater works with Git
Resolution: FIXED"
176644,"Product: JDT
Component: UI
Severity: normal
Priority: P2
Summary: LTK Core - EmptyStackException in RefactoringHistoryService
Resolution: FIXED"
91073,"Product: Platform
Component: UI
Severity: trivial
Priority: P2
Summary: Trailing ellipsis for Progress Preferences menu entry
Resolution: FIXED"
61940,"Product: Platform
Component: Debug
Severity: normal
Priority: P3
Summary: Customized perspective opens closed views
Resolution: FIXED"
34613,"Product: JDT
Component: UI
Severity: major
Priority: P2
Summary: Adding source folder throws JavaModelException
Resolution: FIXED"
187684,"Product: Platform
Component: Debug
Severity: normal
Priority: P2
Summary: Slow to show debug drop-down
Resolution: FIXED"
27861,"Product: JDT
Component: Core
Severity: blocker
Priority: P2
Summary: VerifyError not being caught in jdt core tests
Resolution: FIXED"
17308,"Product: JDT
Component: UI
Severity: trivial
Priority: P2
Summary: Misleading  checkbox in Self Encapsulate field wizard
Resolution: FIXED"
74308,"Product: Platform
Component: Debug
Severity: normal
Priority: P3
Summary: Wrong number of lines in output
Resolution: FIXED"
62045,"Product: Platform
Component: UI
Severity: normal
Priority: P2
Summary: [Progress] Progress indicator shows 0% while active job shows 51%
Resolution: FIXED"
17331,"Product: JDT
Component: UI
Severity: minor
Priority: P3
Summary: Incorrect grammar in Javadoc location property page
Resolution: FIXED"
182059,"Product: Platform
Component: UI
Severity: enhancement
Priority: P3
Summary: [DataBinding] Expose conformance tests
Resolution: FIXED"
25794,"Product: JDT
Component: UI
Severity: minor
Priority: P3
Summary: Buttons cut off in externalize strings dialog
Resolution: FIXED"
60708,"Product: Platform
Component: Debug
Severity: normal
Priority: P3
Summary: Edit String Substitution Variable dialog does not use the dialog font
Resolution: FIXED"
222267,"Product: Platform
Component: Debug
Severity: normal
Priority: P3
Summary: Expressions aren't update correclty (ExpressionEventHandler doesn't preserve event source for CDT change events)
Resolution: FIXED"
12619,"Product: JDT
Component: Debug
Severity: normal
Priority: P2
Summary: Exception during startup.
Resolution: FIXED"
48286,"Product: Platform
Component: Debug
Severity: enhancement
Priority: P3
Summary: Add support for input on consoles
Resolution: FIXED"
88926,"Product: Platform
Component: UI
Severity: normal
Priority: P1
Summary: [Preferences] IDE should subclass FileEditorsPreferencePage
Resolution: FIXED"
29560,"Product: JDT
Component: Debug
Severity: normal
Priority: P2
Summary: DebugActionGroup out of date in JDI DebugUI plugin.xml
Resolution: FIXED"
124562,"Product: Platform
Component: Ant
Severity: normal
Priority: P3
Summary: Extension point task proposal test failing
Resolution: FIXED"
66303,"Product: Platform
Component: Ant
Severity: normal
Priority: P2
Summary: NPE during shutdown from integrated external too builder
Resolution: FIXED"
391828,"Product: PDE
Component: UI
Severity: normal
Priority: P3
Summary: TargetEnvironmentTestCase tests fail locally
Resolution: FIXED"
328719,"Product: Platform
Component: UI
Severity: trivial
Priority: P3
Summary: [preferences] Colors and Fonts page should have keyword ""text font""
Resolution: FIXED"
66922,"Product: JDT
Component: UI
Severity: major
Priority: P2
Summary: [JUnit] Wrong radio behaviour when switching to running single test
Resolution: FIXED"
88191,"Product: Platform
Component: UI
Severity: normal
Priority: P2
Summary: [Preferences] Temporary shell created in PreferenceConverter
Resolution: FIXED"
179410,"Product: Platform
Component: UI
Severity: normal
Priority: P3
Summary: [DataBinding] i18n conversion of Strings and Bytes
Resolution: FIXED"
19840,"Product: JDT
Component: UI
Severity: normal
Priority: P3
Summary: Poor grammar in search error dialog
Resolution: FIXED"
68787,"Product: Platform
Component: UI
Severity: normal
Priority: P2
Summary: [Markers] Messages need to be converted to the new format
Resolution: FIXED"
1704,"Product: JDT
Component: Debug
Severity: normal
Priority: P3
Summary: Investigate option to step filter synthetic methods (1GJOTQZ)
Resolution: FIXED"
353344,"Product: PDE
Component: UI
Severity: normal
Priority: P3
Summary: Organize manifest tool should not be available if custom=true is set on build.properties
Resolution: FIXED"
5863,"Product: JDT
Component: Debug
Severity: normal
Priority: P3
Summary: JDI exception handling
Resolution: FIXED"
94782,"Product: Platform
Component: UI
Severity: normal
Priority: P2
Summary: [Properties] mnemonics on file properties page
Resolution: FIXED"
23627,"Product: JDT
Component: UI
Severity: enhancement
Priority: P2
Summary: allow moving inner interfaces to top level
Resolution: FIXED"
252611,"Product: JDT
Component: UI
Severity: enhancement
Priority: P3
Summary: [navigation] Enable 'Open Type' when using Java editor
Resolution: FIXED"
155422,"Product: Platform
Component: UI
Severity: major
Priority: P2
Summary: [PropertiesDialog] property page not showing up
Resolution: FIXED"
232297,"Product: JDT
Component: UI
Severity: minor
Priority: P3
Summary: [extract constant] AFE when extracting constant in Enum constant body
Resolution: FIXED"
30019,"Product: Platform
Component: Debug
Severity: critical
Priority: P2
Summary: Can't debug on Motif
Resolution: FIXED"
183097,"Product: Platform
Component: Debug
Severity: normal
Priority: P2
Summary: [launching] prompted for which Eclipse Application to launch after workbench restart
Resolution: FIXED"
78790,"Product: JDT
Component: Debug
Severity: normal
Priority: P3
Summary: Use of deprecated method in ValidBreakpointLocationLocator
Resolution: FIXED"
121794,"Product: Platform
Component: UI
Severity: normal
Priority: P3
Summary: [Viewers] preservingSelection(Runnable) comments are stale
Resolution: FIXED"
85639,"Product: JDT
Component: UI
Severity: normal
Priority: P3
Summary: Button clipped in Java > Code Style > Organize Imports preference page
Resolution: FIXED"
13587,"Product: JDT
Component: UI
Severity: enhancement
Priority: P2
Summary: Marks on overview ruler should change cursor on mouse over
Resolution: FIXED"
58203,"Product: Platform
Component: UI
Severity: major
Priority: P2
Summary: Leak from ProgressManager.runnableMonitors
Resolution: FIXED"
46617,"Product: JDT
Component: Text
Severity: normal
Priority: P2
Summary: [formatting] IndexOutOfBoundsException in code formatter
Resolution: FIXED"
218940,"Product: JDT
Component: Debug
Severity: enhancement
Priority: P3
Summary: [patch] Add logical structure for XML DOM Nodes
Resolution: FIXED"
10593,"Product: JDT
Component: UI
Severity: normal
Priority: P2
Summary: Jar export should add "".jar"" suffix if not specified
Resolution: FIXED"
471310,"Product: Platform
Component: UI
Severity: minor
Priority: P3
Summary: [Jobs] Property IProgressConstants2.SHOW_IN_TASKBAR_ICON_PROPERTY no longer respected
Resolution: FIXED"
127473,"Product: Platform
Component: Debug
Severity: normal
Priority: P3
Summary: NPE in  Launch View context provider
Resolution: FIXED"
3793,"Product: JDT
Component: UI
Severity: normal
Priority: P3
Summary: Wrong formating when creating inner class using wizard (1GEUE91)
Resolution: FIXED"
55423,"Product: Platform
Component: Debug
Severity: normal
Priority: P3
Summary: don't schedule build if already building
Resolution: FIXED"
95465,"Product: Platform
Component: Debug
Severity: normal
Priority: P3
Summary: [view management] Context enabled views not closed after resetting list of views managed by context
Resolution: FIXED"
179690,"Product: JDT
Component: Core
Severity: normal
Priority: P1
Summary: ""DOM AST tree for workspace file"" perf test is getting slower
Resolution: DUPLICATE"
53311,"Product: Platform
Component: UI
Severity: normal
Priority: P2
Summary: [KeyBindings] F5 doesn't work
Resolution: FIXED"
344983,"Product: PDE
Component: UI
Severity: normal
Priority: P3
Summary: NPE in target definition editor when opened with unknown editor input
Resolution: FIXED"
64684,"Product: Platform
Component: Ant
Severity: major
Priority: P3
Summary: DocumentSetupParticipants (easily) interfere with each other
Resolution: FIXED"
31640,"Product: JDT
Component: Debug
Severity: normal
Priority: P2
Summary: The debugger will sometimes not highlight current line in M5
Resolution: FIXED"
27540,"Product: Platform
Component: Ant
Severity: normal
Priority: P2
Summary: Run Ant vs. Ant View
Resolution: FIXED"
51092,"Product: JDT
Component: Text
Severity: critical
Priority: P2
Summary: [reconciling] JavaMultiPassReconciler removes annotations
Resolution: FIXED"
119610,"Product: Platform
Component: UI
Severity: normal
Priority: P2
Summary: [Markers] JDT Text failed due to NPE in ProblemView
Resolution: FIXED"
94374,"Product: JDT
Component: UI
Severity: normal
Priority: P3
Summary: ProblemsAndWarnings pref page clips some elements
Resolution: FIXED"
287939,"Product: JDT
Component: Core
Severity: enhancement
Priority: P3
Summary: [code assist] The instanceof and the auto cast feature should also work for an assignment
Resolution: FIXED"
344633,"Product: PDE
Component: UI
Severity: normal
Priority: P3
Summary: PDE chooses wrong JRE / EE to launch JUnit plugin tests
Resolution: FIXED"
1567,"Product: JDT
Component: Debug
Severity: critical
Priority: P1
Summary: Full build caused hot code replace failure (1GDH1CH)
Resolution: FIXED"
7513,"Product: Platform
Component: Debug
Severity: normal
Priority: P1
Summary: Terminate and remove fails to remove when timeouts occur
Resolution: FIXED"
10162,"Product: JDT
Component: Debug
Severity: enhancement
Priority: P3
Summary: Console View to front on error output only
Resolution: FIXED"
357452,"Product: PDE
Component: UI
Severity: trivial
Priority: P3
Summary: Fix 'Import from repository' menu label
Resolution: FIXED"
216360,"Product: PDE
Component: UI
Severity: normal
Priority: P3
Summary: Buildpath should be reordered to reflect class loading on runtime
Resolution: FIXED"
45694,"Product: JDT
Component: Debug
Severity: normal
Priority: P3
Summary: Error in Args tab when variable specified in working dir
Resolution: FIXED"
489702,"Product: JDT
Component: Core
Severity: minor
Priority: P3
Summary: Replace calls from new Integer to Integer.valueOf
Resolution: FIXED"
7924,"Product: JDT
Component: UI
Severity: normal
Priority: P2
Summary: Consolidate Rename Method Parameter and Reorder Method parameter
Resolution: FIXED"
390667,"Product: Platform
Component: UI
Severity: normal
Priority: P3
Summary: minimize or maximize editor doesn't work in minimal Eclipse
Resolution: FIXED"
108764,"Product: Platform
Component: Text
Severity: enhancement
Priority: P2
Summary: [api] No way to determine document location from document
Resolution: FIXED"
387567,"Product: Platform
Component: UI
Severity: enhancement
Priority: P3
Summary: Make OpenAndLinkWithEditorHelper.linkToEditor(ISelection) non-abstract
Resolution: FIXED"
252521,"Product: JDT
Component: Debug
Severity: normal
Priority: P3
Summary: VM Disconnection exception when program terminates with thread group turned on
Resolution: FIXED"
437597,"Product: Platform
Component: UI
Severity: trivial
Priority: P3
Summary: [Navigator] Problem with CommonSorterDescriptorManager_A_navigatorContent_extesnion_in_0_
Resolution: FIXED"
112217,"Product: JDT
Component: Text
Severity: critical
Priority: P2
Summary: [implementation] Deadlock in ASTProvider.getAST
Resolution: FIXED"
10900,"Product: JDT
Component: Debug
Severity: enhancement
Priority: P3
Summary: Improve breakpoint properties dialog
Resolution: FIXED"
137679,"Product: JDT
Component: Text
Severity: normal
Priority: P3
Summary: [action] shorten editor context menu actions
Resolution: FIXED"
34682,"Product: Platform
Component: Ant
Severity: normal
Priority: P2
Summary: External entity with unrecognized protocol
Resolution: FIXED"
240363,"Product: Platform
Component: UI
Severity: major
Priority: P3
Summary: [Viewers] [open type] Problem with Open Type filtering
Resolution: FIXED"
468305,"Product: JDT
Component: UI
Severity: normal
Priority: P3
Summary: [common navigator] 'Non-Java projects' and 'Non-Java elements'  filters hide Java projects in Project Explorer
Resolution: FIXED"
139579,"Product: JDT
Component: Debug
Severity: normal
Priority: P3
Summary: ""New Scrapbook Page"" Icon Suffers Gigantism
Resolution: FIXED"
90584,"Product: Platform
Component: Ant
Severity: major
Priority: P2
Summary: DBCS3.1: build failure with DBCS
Resolution: FIXED"
326084,"Product: PDE
Component: UI
Severity: normal
Priority: P3
Summary: ProfileChangeRequest should be created via API
Resolution: FIXED"
37640,"Product: JDT
Component: UI
Severity: normal
Priority: P2
Summary: inline method: does not add required imports to call sites [refactoring]
Resolution: FIXED"
1671,"Product: JDT
Component: Debug
Severity: normal
Priority: P3
Summary: Option to autoclear terminated processes (1GHSO3L)
Resolution: FIXED"
60367,"Product: JDT
Component: Core
Severity: critical
Priority: P2
Summary: dynamic project references not maintained
Resolution: FIXED"
31907,"Product: JDT
Component: Debug
Severity: normal
Priority: P2
Summary: Java Variable Settings needs another row
Resolution: FIXED"
59665,"Product: Platform
Component: Text
Severity: major
Priority: P2
Summary: NPE using custom text editor
Resolution: FIXED"
424433,"Product: Platform
Component: IDE
Severity: major
Priority: P2
Summary: [EditorMgmt] Missing tool tips (was: Editor switcher dialog doesn't show path any more)
Resolution: FIXED"
234560,"Product: Platform
Component: Search
Severity: normal
Priority: P3
Summary: Mnemonic fix in search
Resolution: FIXED"
48313,"Product: Platform
Component: Debug
Severity: enhancement
Priority: P3
Summary: Message console does not support tab size
Resolution: FIXED"
62592,"Product: Platform
Component: Debug
Severity: normal
Priority: P3
Summary: Debug view can fail to close generic debugging views
Resolution: FIXED"
186957,"Product: JDT
Component: UI
Severity: normal
Priority: P3
Summary: [render] selected label drawn with color
Resolution: FIXED"
98202,"Product: Platform
Component: Ant
Severity: normal
Priority: P3
Summary: NPE placing breakpoint on task outside of target
Resolution: FIXED"
200337,"Product: Platform
Component: UI
Severity: normal
Priority: P3
Summary: [Viewers] ColumnViewerEditor leaks ViewerCell instances.
Resolution: FIXED"
38950,"Product: Platform
Component: Debug
Severity: enhancement
Priority: P3
Summary: Display offset of cursor in variables detail pane.
Resolution: FIXED"
97691,"Product: Platform
Component: UI
Severity: major
Priority: P2
Summary: [Perspectives] Customize Perspective Dialog has no mnemonics
Resolution: FIXED"
380964,"Product: PDE
Component: UI
Severity: normal
Priority: P3
Summary: Need to remove org.eclipse.pde from parent pom
Resolution: FIXED"
208945,"Product: PDE
Component: UI
Severity: enhancement
Priority: P3
Summary: Make the BREE section optional in the New Plug-in Project wizard
Resolution: FIXED"
88345,"Product: Platform
Component: UI
Severity: normal
Priority: P2
Summary: [ViewMgmt] [RCP] Can close a non-closable view when docked on fastviewbar
Resolution: FIXED"
88685,"Product: Platform
Component: Debug
Severity: normal
Priority: P2
Summary: stepxxx and resume calls made even if ""canStepxxx()"" and ""canResume()"" return false
Resolution: FIXED"
127140,"Product: Platform
Component: UI
Severity: major
Priority: P1
Summary: [Commands] handlers: Ctrl+. and Ctrl+, don't work any more
Resolution: FIXED"
20351,"Product: PDE
Component: UI
Severity: normal
Priority: P2
Summary: Persp. Ext. template wizard is missing the 'fast' relative position
Resolution: FIXED"
11449,"Product: JDT
Component: UI
Severity: normal
Priority: P2
Summary: extract temp: incorrect on anonymous types
Resolution: FIXED"
268950,"Product: Platform
Component: UI
Severity: normal
Priority: P2
Summary: [Commands] New APIs in IWorkbenchCommandConstants are missing '_' separators
Resolution: FIXED"
251218,"Product: Platform
Component: UI
Severity: enhancement
Priority: P3
Summary: Platform/UI Committers/Contributors page needed
Resolution: FIXED"
44591,"Product: Platform
Component: Debug
Severity: normal
Priority: P3
Summary: Moving cursor in editor is very slow and triggers exception
Resolution: FIXED"
121796,"Product: Platform
Component: UI
Severity: normal
Priority: P3
Summary: [Viewers] getControl() contains no javadoc
Resolution: FIXED"
415997,"Product: JDT
Component: Core
Severity: normal
Priority: P3
Summary: java.lang.VerifyError: Expecting a stackmap frame at branch target
Resolution: FIXED"
380313,"Product: JDT
Component: Core
Severity: major
Priority: P3
Summary: Inconsistent stack error when using Java 1.7
Resolution: FIXED"
279169,"Product: PDE
Component: UI
Severity: normal
Priority: P3
Summary: [category def] Category help link brings up wrong help contents
Resolution: FIXED"
493659,"Product: Platform
Component: UI
Severity: normal
Priority: P3
Summary: Extension point org.eclipse.e4.ui.css.swt.theme.org.eclipse.e4.ui.css.swt.theme not in Help
Resolution: FIXED"
349274,"Product: JDT
Component: Text
Severity: normal
Priority: P2
Summary: [content assist][1.7] content assist should work for diamond
Resolution: FIXED"
97742,"Product: Platform
Component: Debug
Severity: normal
Priority: P3
Summary: Console uses wrong link color
Resolution: FIXED"
1660,"Product: JDT
Component: Debug
Severity: normal
Priority: P1
Summary: Do not prompt for source when no source attachment
Resolution: FIXED"
40946,"Product: JDT
Component: Debug
Severity: normal
Priority: P3
Summary: hit count error message incorrect
Resolution: FIXED"
76838,"Product: Platform
Component: Ant
Severity: normal
Priority: P3
Summary: Provide Show in target list for the Ant editor
Resolution: FIXED"
90245,"Product: JDT
Component: UI
Severity: normal
Priority: P2
Summary: [code manipulation] Cannot compile code from Generate superclass using fields
Resolution: FIXED"
94696,"Product: JDT
Component: UI
Severity: normal
Priority: P3
Summary: Show Profile dialog sizes badly when custom dialog font is used
Resolution: FIXED"
19365,"Product: JDT
Component: UI
Severity: normal
Priority: P3
Summary: ArrayIndexOutOfBounds: editing Build Path .jar
Resolution: FIXED"
133589,"Product: Platform
Component: CVS
Severity: normal
Priority: P2
Summary: [History] View redraws on selection change
Resolution: FIXED"
72100,"Product: Platform
Component: UI
Severity: normal
Priority: P3
Summary: [Workbench] Wrong javadoc comment for field org.eclipse.ui.ISharedImages.IMG_TOOL_COPY_HOVER
Resolution: FIXED"
73107,"Product: Platform
Component: Team
Severity: normal
Priority: P2
Summary: PinParticipantAction not removed as an IPropertyChangeListener
Resolution: FIXED"
92838,"Product: Platform
Component: Debug
Severity: normal
Priority: P2
Summary: [api] add missing @since 3.1 tags on API added in 3.1 cycles
Resolution: FIXED"
85807,"Product: JDT
Component: UI
Severity: enhancement
Priority: P3
Summary: ImportRewrite#addImport(...): javadoc should tell that result can be used as variable type
Resolution: FIXED"
46703,"Product: Platform
Component: Ant
Severity: normal
Priority: P3
Summary: Moving multiple Ant classpath entries does not work
Resolution: FIXED"
29291,"Product: Platform
Component: UI
Severity: normal
Priority: P3
Summary: [Workbench] Cannot minimize window during extensive refresh/recompile.
Resolution: WORKSFORME"
58901,"Product: Platform
Component: UI
Severity: normal
Priority: P1
Summary: [Commands] [Javadoc] org.eclipse.ui.commands issues
Resolution: FIXED"
232710,"Product: JDT
Component: Debug
Severity: normal
Priority: P3
Summary: [breakpoints] Java breakpoint markers description icon/text missing
Resolution: FIXED"
32048,"Product: JDT
Component: Debug
Severity: normal
Priority: P3
Summary: org.eclipse.jdt.launching.classpathProviders
Resolution: FIXED"
157309,"Product: Platform
Component: UI
Severity: enhancement
Priority: P3
Summary: [Viewers] ListViewer should provide insert-method
Resolution: FIXED"
365220,"Product: PDE
Component: API Tools
Severity: normal
Priority: P3
Summary: map files still refer to CVS locations for pde.api tools features
Resolution: FIXED"
125367,"Product: Platform
Component: Ant
Severity: normal
Priority: P3
Summary: [patch] An ant script without targets or default target is not recognized as an ant file
Resolution: FIXED"
6380,"Product: JDT
Component: UI
Severity: normal
Priority: P2
Summary: Rename source folder changes classpath order
Resolution: FIXED"
314304,"Product: PDE
Component: UI
Severity: enhancement
Priority: P3
Summary: PDE perspective should have new plug-in project as option in new menu
Resolution: FIXED"
45917,"Product: JDT
Component: Debug
Severity: normal
Priority: P3
Summary: No ""Open Declared Type"" etc for logical structure entry
Resolution: FIXED"
202410,"Product: PDE
Component: UI
Severity: major
Priority: P3
Summary: PDE No Longer Imports Source
Resolution: FIXED"
314864,"Product: Platform
Component: UI
Severity: trivial
Priority: P3
Summary: [Wizards] chkpii in org_eclipse_ui_keywords.html in I20100527-1200
Resolution: FIXED"
357902,"Product: JDT
Component: Core
Severity: normal
Priority: P3
Summary: JDT compiler unnecessarily complains about unused methods
Resolution: INVALID"
62718,"Product: JDT
Component: Text
Severity: trivial
Priority: P3
Summary: [preferences] Java Editor Text Hover prefs: Table should not allow multi-row selection
Resolution: FIXED"
277823,"Product: Platform
Component: UI
Severity: normal
Priority: P3
Summary: [DataBinding] API doc for 'org.eclipse.ui.databinding' is missing in Help
Resolution: FIXED"
43382,"Product: Platform
Component: Ant
Severity: normal
Priority: P3
Summary: AntWorkingDirectoryBlock not disabled fully for same VM
Resolution: FIXED"
377981,"Product: Platform
Component: IDE
Severity: normal
Priority: P3
Summary: -perspective at product program arguments is not working in 4.2M6
Resolution: FIXED"
50565,"Product: Platform
Component: Compare
Severity: normal
Priority: P3
Summary: [Preferences] Pref page Workbench/Compare/Patch; no mnemonic for ""Filtered Members""
Resolution: FIXED"
58933,"Product: Platform
Component: Debug
Severity: normal
Priority: P3
Summary: Remove activity filtering in Breakpoints view
Resolution: FIXED"
4096,"Product: JDT
Component: UI
Severity: major
Priority: P1
Summary: Open Type Dialog: The Map inteface has the class icon (1GI9HAZ)
Resolution: FIXED"
298936,"Product: JDT
Component: Text
Severity: normal
Priority: P2
Summary: Regression on ScrollAnnotatedJavaEditorTest#testScrollJavaEditorLineWise1() perf test
Resolution: FIXED"
330438,"Product: JDT
Component: UI
Severity: normal
Priority: P3
Summary: [ltk] NPE in UndoDocumentChange
Resolution: FIXED"
348099,"Product: PDE
Component: UI
Severity: normal
Priority: P3
Summary: Update target versions in creation wizards and constants
Resolution: FIXED"
139436,"Product: JDT
Component: Text
Severity: major
Priority: P1
Summary: [content assist] Auto-complete for Javadoc @link reference
Resolution: FIXED"
9756,"Product: JDT
Component: Debug
Severity: normal
Priority: P3
Summary: Debug/Run history menu items should be disabled if no history yet
Resolution: FIXED"
7167,"Product: Platform
Component: Debug
Severity: normal
Priority: P1
Summary: NPE shutting down in abstract debug view 'save state'
Resolution: FIXED"
216928,"Product: PDE
Component: UI
Severity: normal
Priority: P3
Summary: Misuse of State on Shutdown
Resolution: FIXED"
60024,"Product: Platform
Component: Debug
Severity: minor
Priority: P3
Summary: Memory view code could make use of Debug plugin logging support
Resolution: FIXED"
77567,"Product: Platform
Component: UI
Severity: major
Priority: P2
Summary: [PropertiesView] PropertySheet can not properly refresh categorys with only one son after expanding and folding again
Resolution: FIXED"
73969,"Product: JDT
Component: Core
Severity: critical
Priority: P1
Summary: Full build on startup
Resolution: FIXED"
170156,"Product: PDE
Component: UI
Severity: normal
Priority: P3
Summary: Provide Show In -> History shortcut on Plugin Development perspective
Resolution: FIXED"
419992,"Product: Platform
Component: UI
Severity: normal
Priority: P3
Summary: Backport bug 410647: org.eclipse.core.runtime.CoreException is logged when touching the DD node of any Java EE module in Navigator
Resolution: FIXED"
61992,"Product: JDT
Component: Debug
Severity: normal
Priority: P3
Summary: Slow selection change in debug view
Resolution: FIXED"
7953,"Product: JDT
Component: UI
Severity: minor
Priority: P2
Summary: Error marker hover text clipped
Resolution: FIXED"
208703,"Product: JDT
Component: UI
Severity: major
Priority: P3
Summary: [package explorer] using Go Into in the Package Explorer view removes viewContribution actions such as Focus on Active Task
Resolution: FIXED"
230969,"Product: Platform
Component: Debug
Severity: normal
Priority: P3
Summary: NPE disposing a model proxy
Resolution: FIXED"
299298,"Product: PDE
Component: UI
Severity: normal
Priority: P3
Summary: [spy] NullPointerException while invoking the Plug-in Spy
Resolution: FIXED"
182065,"Product: JDT
Component: Debug
Severity: normal
Priority: P1
Summary: ClassCastException expanding inspect expression
Resolution: FIXED"
54774,"Product: Platform
Component: Update  (deprecated - use RT>Equinox>p2)
Severity: normal
Priority: P3
Summary: Restart dialog shown even when Cancel pressed
Resolution: FIXED"
405259,"Product: Platform
Component: UI
Severity: critical
Priority: P3
Summary: Menu order completely gone crazy
Resolution: FIXED"
27665,"Product: Platform
Component: Ant
Severity: normal
Priority: P3
Summary: Buildfile hyperlink off by 1
Resolution: FIXED"
417045,"Product: PDE
Component: UI
Severity: major
Priority: P3
Summary: Add identifier-type to extension point schemas
Resolution: FIXED"
93712,"Product: Platform
Component: Debug
Severity: normal
Priority: P2
Summary: missing messages in DebugUIMessages
Resolution: FIXED"
14188,"Product: JDT
Component: Debug
Severity: normal
Priority: P2
Summary: Display view doesn't update global actions until context menu used
Resolution: FIXED"
88653,"Product: Platform
Component: UI
Severity: major
Priority: P1
Summary: [Commands] performance: 50% of perspective switch in ParameterizedCommand.equals()
Resolution: FIXED"
110285,"Product: Platform
Component: UI
Severity: normal
Priority: P2
Summary: [WorkbenchParts] New API EditorPart.setInputWithNotify needs clarification
Resolution: FIXED"
176501,"Product: Platform
Component: UI
Severity: major
Priority: P1
Summary: Dynamic StatusHandler Failures in N20070306
Resolution: FIXED"
128529,"Product: Platform
Component: UI
Severity: normal
Priority: P3
Summary: [ViewMgmt] Show View Dialog should be able to show a view's description
Resolution: FIXED"
217096,"Product: Platform
Component: UI
Severity: major
Priority: P2
Summary: [Markers] NPE from new problems view on startup
Resolution: FIXED"
203713,"Product: JDT
Component: Text
Severity: normal
Priority: P3
Summary: No SWT templates after adding SWT to maven
Resolution: FIXED"
34664,"Product: PDE
Component: UI
Severity: normal
Priority: P2
Summary: 2.1 RC2; Feature ""Package..."" executes without asking.
Resolution: FIXED"
53511,"Product: Platform
Component: Ant
Severity: major
Priority: P2
Summary: External tool builders run in background when they shouldn't
Resolution: FIXED"
56875,"Product: Platform
Component: Compare
Severity: normal
Priority: P3
Summary: Resizing Apply Patch dialog doesn't resize tree
Resolution: FIXED"
17431,"Product: Platform
Component: Compare
Severity: normal
Priority: P2
Summary: Accessibility issues
Resolution: FIXED"
237612,"Product: Platform
Component: Search
Severity: normal
Priority: P3
Summary: ISearchResultPage.setInput is called 4 times(sets current result too) by using search history
Resolution: FIXED"
198603,"Product: Platform
Component: UI
Severity: normal
Priority: P3
Summary: [DataBinding] ObservableListContentProvider should use AbstractListViewer.insert
Resolution: FIXED"
51622,"Product: JDT
Component: UI
Severity: normal
Priority: P3
Summary: Organize import misses type references in javadoc
Resolution: FIXED"
319516,"Product: Platform
Component: CVS
Severity: normal
Priority: P3
Summary: 'Check Out As' dialog should honor the auto-refresh tag preference
Resolution: FIXED"
48997,"Product: JDT
Component: Text
Severity: normal
Priority: P2
Summary: Incremental Code completion need defaul keybinding
Resolution: FIXED"
217736,"Product: JDT
Component: Debug
Severity: normal
Priority: P3
Summary: Unhandled event loop exception
Resolution: FIXED"
489618,"Product: JDT
Component: Core
Severity: blocker
Priority: P3
Summary: jdt features needs to adjust ranges for jdt.annotation 2.x
Resolution: FIXED"
406217,"Product: PDE
Component: UI
Severity: normal
Priority: P3
Summary: NPE in FindClassResolutionsOperation$AbstractClassResolutionCollector.addExportPackageResolutionModification(FindClassResolutionsOperation.java:56)
Resolution: FIXED"
34344,"Product: JDT
Component: Debug
Severity: normal
Priority: P3
Summary: Suspend/Resume enabled in monitors view with no effect
Resolution: FIXED"
29676,"Product: Platform
Component: Debug
Severity: normal
Priority: P3
Summary: Better error reporting when a launch config goes missing
Resolution: FIXED"
60840,"Product: Platform
Component: UI
Severity: major
Priority: P1
Summary: [KeyBindings] Delete key does not work in Combo boxes when the Combo box is in a Toolbar
Resolution: FIXED"
192051,"Product: Platform
Component: UI
Severity: major
Priority: P2
Summary: [StatusHandling] NPE in StatusNotificationManager
Resolution: FIXED"
7937,"Product: JDT
Component: UI
Severity: normal
Priority: P2
Summary: extract method: incorrectly disallowed on local class
Resolution: FIXED"
156672,"Product: Platform
Component: UI
Severity: normal
Priority: P3
Summary: QuickAccess command should appear in menu Window > Navigation
Resolution: FIXED"
177165,"Product: Platform
Component: Debug
Severity: normal
Priority: P2
Summary: Context launch chooses Eclispe Application over Test Suite
Resolution: FIXED"
5686,"Product: Platform
Component: Debug
Severity: normal
Priority: P1
Summary: Launch/Run actions should be available on menubar
Resolution: FIXED"
126437,"Product: JDT
Component: Debug
Severity: normal
Priority: P3
Summary: Incorrect error reporting in AbstractJavaLaunchConfigurationDelegate
Resolution: FIXED"
376102,"Product: Platform
Component: UI
Severity: major
Priority: P1
Summary: [CSS] FileNotFoundException starting target workspace
Resolution: FIXED"
51853,"Product: JDT
Component: UI
Severity: normal
Priority: P3
Summary: Support new compiler option PREF_PB_UNUSED_DECLARED_THROWN_EXCEPTION_WHEN_OVERRIDING
Resolution: FIXED"
73769,"Product: Platform
Component: UI
Severity: normal
Priority: P3
Summary: [Dialogs] Open Resource dialog has OK enabled when entry invalid
Resolution: FIXED"
18926,"Product: JDT
Component: Debug
Severity: major
Priority: P2
Summary: unable to add JDK 1.1.8 to Installed JRE's in Preferences
Resolution: FIXED"
33264,"Product: Platform
Component: Ant
Severity: normal
Priority: P2
Summary: Content assist fails if reference external entity
Resolution: FIXED"
6548,"Product: JDT
Component: Debug
Severity: normal
Priority: P1
Summary: Missing mnemonics in Debug preferences
Resolution: FIXED"
230970,"Product: Platform
Component: UI
Severity: normal
Priority: P3
Summary: [ViewMgmt] NPE in view code should not prevent closing it
Resolution: FIXED"
98664,"Product: JDT
Component: UI
Severity: normal
Priority: P3
Summary: build path - remove from cp failswith external library
Resolution: FIXED"
277268,"Product: Platform
Component: SWT
Severity: major
Priority: P2
Summary: [Forms] section header labels are cut off on Gtk
Resolution: FIXED"
154784,"Product: Platform
Component: Debug
Severity: enhancement
Priority: P3
Summary: [breakpoints] Undo support for deleting and toggling (off) breakpoints
Resolution: FIXED"
127791,"Product: JDT
Component: UI
Severity: normal
Priority: P3
Summary: [preferences] new compiler option COMPILER_PB_FALLTHROUGH_CASE
Resolution: FIXED"
8250,"Product: JDT
Component: Debug
Severity: normal
Priority: P2
Summary: Inspect and Display Actions not enabled correctly
Resolution: FIXED"
48098,"Product: Platform
Component: Ant
Severity: major
Priority: P2
Summary: NPE creating new Ant launch configuration
Resolution: FIXED"
398434,"Product: PDE
Component: Build
Severity: normal
Priority: P3
Summary: org.eclipse.pde.build.internal.tests.p2.P2Tests.testP2SimpleProduct() fails in 4.2.2 builds
Resolution: FIXED"
386358,"Product: JDT
Component: Text
Severity: enhancement
Priority: P3
Summary: [content assist] Don't activate plug-in if enablement expression is specified and not met
Resolution: FIXED"
141296,"Product: JDT
Component: UI
Severity: normal
Priority: P3
Summary: about.html needs to updated in org.eclipse.jdt.macosx
Resolution: FIXED"
235605,"Product: JDT
Component: Text
Severity: major
Priority: P3
Summary: Range indicator (magnet) sometimes not drawn
Resolution: FIXED"
99693,"Product: Platform
Component: Debug
Severity: normal
Priority: P3
Summary: Invalid stack frames during display
Resolution: FIXED"
181982,"Product: Platform
Component: UI
Severity: normal
Priority: P3
Summary: [Viewers] content provider in TreeTest should return children when getElements is called
Resolution: FIXED"
292860,"Product: JDT
Component: UI
Severity: trivial
Priority: P2
Summary: [preferences] Finish adding note to Compiler > Javadoc pref page
Resolution: FIXED"
94757,"Product: Platform
Component: Ant
Severity: normal
Priority: P3
Summary: highlight off by one
Resolution: FIXED"
80599,"Product: Platform
Component: SWT
Severity: normal
Priority: P3
Summary: SWT gets window origin even if nobody has hooked a motion event
Resolution: FIXED"
327668,"Product: PDE
Component: UI
Severity: enhancement
Priority: P3
Summary: [target] Target provisioning should use local artifact repos
Resolution: FIXED"
16656,"Product: JDT
Component: UI
Severity: normal
Priority: P3
Summary: Conflicting mnemonics on JUnit preference page
Resolution: FIXED"
3811,"Product: JDT
Component: UI
Severity: major
Priority: P3
Summary: Setter / Getter generates setter for final fields (1GEUMGT)
Resolution: FIXED"
137339,"Product: JDT
Component: Debug
Severity: major
Priority: P3
Summary: Edit JRE dialog buttons are not visible when vmargs is very long
Resolution: FIXED"
58812,"Product: Platform
Component: UI
Severity: critical
Priority: P1
Summary: [Perspectives] (regression) Custom perspectives disappear after shutdown/restart
Resolution: FIXED"
87397,"Product: JDT
Component: Debug
Severity: normal
Priority: P3
Summary: org.eclipse.debug.core.DebugException: Invalid stack frame
Resolution: FIXED"
491556,"Product: Platform
Component: User Assistance
Severity: normal
Priority: P3
Summary: [Welcome] Provide theme-specific mechanism to influence path resolution
Resolution: FIXED"
151204,"Product: Platform
Component: UI
Severity: normal
Priority: P2
Summary: [Progress] Blocked status of jobs are not applied/reported
Resolution: FIXED"
19432,"Product: Platform
Component: Releng
Severity: normal
Priority: P1
Summary: duplicate swt.jar in fragment root directory
Resolution: FIXED"
389053,"Product: Platform
Component: Releng
Severity: normal
Priority: P2
Summary: add category(s) for org.eclipse.pde.api.tools.ee.feature
Resolution: FIXED"
17273,"Product: JDT
Component: UI
Severity: major
Priority: P1
Summary: Reconcile with errors - incorrect problem merging
Resolution: FIXED"
9854,"Product: JDT
Component: Debug
Severity: normal
Priority: P3
Summary: TypeImpl.classNameToSignature fails for float[]
Resolution: FIXED"
45408,"Product: JDT
Component: UI
Severity: normal
Priority: P2
Summary: Enable assertions during unit tests [JUnit]
Resolution: FIXED"
153243,"Product: JDT
Component: Text
Severity: trivial
Priority: P2
Summary: Bugs in templates doc
Resolution: FIXED"
134884,"Product: Platform
Component: UI
Severity: normal
Priority: P3
Summary: [DataBinding] CComboObservableValue does not support null
Resolution: FIXED"
167632,"Product: JDT
Component: UI
Severity: normal
Priority: P3
Summary: [JUnit] missing package.html for org.eclipse.jdt.junit.model and org.eclipse.jdt.junit.org.eclipse.jdt.junit.launcher
Resolution: FIXED"
90759,"Product: Platform
Component: Ant
Severity: blocker
Priority: P3
Summary: Separate VM Ant builds are broken
Resolution: FIXED"
38815,"Product: Platform
Component: Ant
Severity: normal
Priority: P3
Summary: update Xerces in the Ant runtime classpath
Resolution: FIXED"
19165,"Product: Platform
Component: UI
Severity: major
Priority: P2
Summary: Poor hit-testing during DND in Navigator View
Resolution: FIXED"
198248,"Product: Platform
Component: Debug
Severity: normal
Priority: P3
Summary: NPE at org.eclipse.debug.ui.CommonTab.getDefaultSharedConfigLocation
Resolution: FIXED"
258339,"Product: PDE
Component: UI
Severity: blocker
Priority: P3
Summary: Empty Target  Platform when path contains spaces & based on installed plugins
Resolution: FIXED"
214355,"Product: Platform
Component: UI
Severity: normal
Priority: P3
Summary: [Databinding] Make ObservableListContentProvider useable for 3rd party AbstractTableViewer implementations
Resolution: FIXED"
9015,"Product: JDT
Component: Debug
Severity: minor
Priority: P3
Summary: Organize imports feature finds errors in assert statements
Resolution: FIXED"
80404,"Product: Platform
Component: Text
Severity: normal
Priority: P2
Summary: [navigation] Hyperlink underlined incorrectly.
Resolution: FIXED"
48034,"Product: Platform
Component: Text
Severity: major
Priority: P2
Summary: [implementation] TextViewer cloning lots of StyleRanges
Resolution: FIXED"
184999,"Product: Platform
Component: Debug
Severity: normal
Priority: P3
Summary: Add/Edit File System Directory Dialog has incorrect F1 help
Resolution: FIXED"
396477,"Product: Platform
Component: Releng
Severity: normal
Priority: P2
Summary: DL pages show test ""in progress"", even though all of them have finished
Resolution: FIXED"
19987,"Product: JDT
Component: Debug
Severity: major
Priority: P2
Summary: variables view: 'show static/final fields' buttons do not work
Resolution: FIXED"
46797,"Product: Platform
Component: Debug
Severity: normal
Priority: P3
Summary: Possible NPE when writing launch configurations
Resolution: FIXED"
223843,"Product: Platform
Component: UI
Severity: normal
Priority: P3
Summary: [RCP] Session tests to confirm Advisor threading
Resolution: FIXED"
303607,"Product: JDT
Component: Text
Severity: normal
Priority: P3
Summary: [content assist] overwrite highlighting at wrong position (with collapsed folding)
Resolution: FIXED"
19928,"Product: Platform
Component: Debug
Severity: normal
Priority: P3
Summary: Run/Debug menu ordering
Resolution: FIXED"
24810,"Product: Platform
Component: Text
Severity: normal
Priority: P3
Summary: Line end does not deselect selected line
Resolution: FIXED"
285565,"Product: JDT
Component: Core
Severity: normal
Priority: P3
Summary: [inline] Inlining constant or local variables causes exceptions with tab width 0
Resolution: FIXED"
8920,"Product: JDT
Component: Debug
Severity: normal
Priority: P3
Summary: Out of synch type tracking is slow
Resolution: FIXED"
69667,"Product: Platform
Component: UI
Severity: normal
Priority: P2
Summary: [Dialogs] TVT3.0:  Truncated text in Customize Perspective window.
Resolution: FIXED"
68077,"Product: Platform
Component: Debug
Severity: normal
Priority: P3
Summary: Manually closed views do not open when view management is reset
Resolution: FIXED"
101950,"Product: Platform
Component: UI
Severity: major
Priority: P3
Summary: About menu item in PDE-generated product says ""About Eclipse Platform""
Resolution: FIXED"
22195,"Product: Platform
Component: Debug
Severity: enhancement
Priority: P3
Summary: Limit displayed launch configurations to those relevant to the current project
Resolution: FIXED"
30547,"Product: Platform
Component: Ant
Severity: normal
Priority: P2
Summary: Ant view Properties action doesn't handle more than one config
Resolution: FIXED"
491302,"Product: JDT
Component: Debug
Severity: normal
Priority: P3
Summary: Java/Debug/Logical Structure pref page has wrong colors
Resolution: FIXED"
199404,"Product: Platform
Component: UI
Severity: normal
Priority: P3
Summary: An editor selected with Ctrl-E is not getting focus if it already visible.
Resolution: FIXED"
75336,"Product: JDT
Component: UI
Severity: normal
Priority: P2
Summary: RemoteTestRunner.runFailed omits stack trace [JUnit]
Resolution: FIXED"
70066,"Product: Platform
Component: Debug
Severity: enhancement
Priority: P3
Summary: Bind ""Alt+Shift+Q C"" to active console view
Resolution: FIXED"
123789,"Product: Platform
Component: UI
Severity: normal
Priority: P1
Summary: [WorkbenchParts] 'Maximize' state should be view, not folder-bound
Resolution: FIXED"
19693,"Product: JDT
Component: Debug
Severity: enhancement
Priority: P3
Summary: Slow-to-evaluate conditional breakpoint causes UI problems
Resolution: FIXED"
108126,"Product: Platform
Component: Debug
Severity: normal
Priority: P3
Summary: NPE when bringing Registers View to the top
Resolution: FIXED"
330718,"Product: PDE
Component: UI
Severity: normal
Priority: P3
Summary: NPE setting extra classpath entry
Resolution: FIXED"
115883,"Product: Platform
Component: UI
Severity: normal
Priority: P3
Summary: [DataBinding] MANIFEST.MF must export all packages
Resolution: FIXED"
49219,"Product: JDT
Component: UI
Severity: normal
Priority: P3
Summary: Pref Page Java/Organize Imports - New... button
Resolution: FIXED"
126568,"Product: Platform
Component: UI
Severity: normal
Priority: P3
Summary: [TabbedProperties] Compilation error due to assert keyword
Resolution: FIXED"
137913,"Product: Platform
Component: Text
Severity: major
Priority: P3
Summary: [key binding][content assist] Chinese content assist key bindings broken when moved down to org.eclipse.ui
Resolution: FIXED"
173393,"Product: PDE
Component: UI
Severity: major
Priority: P3
Summary: Missing Entries in Manifest generated by the Template Wizard
Resolution: FIXED"
202450,"Product: Platform
Component: Debug
Severity: normal
Priority: P3
Summary: [Actions] Empty cascading menus show up as enabled
Resolution: FIXED"
47897,"Product: JDT
Component: UI
Severity: normal
Priority: P2
Summary: deadlock in OpenType action [misc]
Resolution: FIXED"
50996,"Product: JDT
Component: Text
Severity: normal
Priority: P2
Summary: [painting] In Linked Mode I can't see what I'm typing
Resolution: FIXED"
267036,"Product: PDE
Component: UI
Severity: minor
Priority: P3
Summary: [target] When there are no target platforms, adding one should make it active
Resolution: FIXED"
57586,"Product: Platform
Component: UI
Severity: normal
Priority: P2
Summary: Markers views title turns bold too often
Resolution: FIXED"
75607,"Product: JDT
Component: Debug
Severity: normal
Priority: P2
Summary: HCR ""smart drop to frame"" failure
Resolution: FIXED"
97586,"Product: JDT
Component: Text
Severity: trivial
Priority: P2
Summary: [preferences] Access restriction link should open correct section
Resolution: FIXED"
51073,"Product: Platform
Component: Text
Severity: critical
Priority: P2
Summary: [find/replace] Text Editor search focus problem
Resolution: FIXED"
178126,"Product: Platform
Component: Debug
Severity: normal
Priority: P3
Summary: Incomplete context-sensitive help text.
Resolution: FIXED"
124828,"Product: JDT
Component: Debug
Severity: minor
Priority: P3
Summary: A class with varargs in main method cannot run as Java Application
Resolution: FIXED"
398308,"Product: PDE
Component: UI
Severity: major
Priority: P3
Summary: Samples cannot be loaded from the welcome page
Resolution: FIXED"
173156,"Product: Platform
Component: Debug
Severity: minor
Priority: P3
Summary: [properties] process property page cuts off text
Resolution: FIXED"
99140,"Product: JDT
Component: Text
Severity: normal
Priority: P2
Summary: [preferences] Syntax coloring preference page does not update preview
Resolution: FIXED"
35911,"Product: JDT
Component: Debug
Severity: normal
Priority: P3
Summary: Hover variable value is trimmed
Resolution: FIXED"
470233,"Product: Platform
Component: UI
Severity: enhancement
Priority: P3
Summary: Replace new Boolean with Boolean.valueOf
Resolution: FIXED"
65814,"Product: Platform
Component: Debug
Severity: normal
Priority: P3
Summary: o.e.debug.core.memoryRenderings extension point
Resolution: FIXED"
191723,"Product: Platform
Component: Debug
Severity: normal
Priority: P3
Summary: A lot more classes being loaded than in 3.1
Resolution: FIXED"
77664,"Product: Platform
Component: UI
Severity: normal
Priority: P2
Summary: [Decorators] DecoratorManager should reschedule in the run() method
Resolution: FIXED"
45349,"Product: JDT
Component: Text
Severity: normal
Priority: P2
Summary: [typing] Smart ; must replace selection
Resolution: FIXED"
106588,"Product: Platform
Component: Ant
Severity: normal
Priority: P3
Summary: ATTR_PROJECT_NAME is not updated for change in buildfile
Resolution: FIXED"
457390,"Product: Platform
Component: UI
Severity: normal
Priority: P3
Summary: [FastView] Deprecated Fast View API
Resolution: FIXED"
33297,"Product: JDT
Component: Debug
Severity: normal
Priority: P3
Summary: Unneccessary error logging from detail formatter manager
Resolution: FIXED"
18836,"Product: Platform
Component: Releng
Severity: major
Priority: P1
Summary: F2 build. Unknown extension point ""org.eclipse.pde.ui.source""
Resolution: FIXED"
99944,"Product: JDT
Component: UI
Severity: normal
Priority: P3
Summary: Quick Fix offers to change type to List<> [quick fix][5.0]
Resolution: FIXED"
383689,"Product: JDT
Component: Core
Severity: normal
Priority: P3
Summary: False positive for potential null pointer access
Resolution: INVALID"
169831,"Product: JDT
Component: UI
Severity: major
Priority: P3
Summary: [clean up] Share project specific profiles does not work
Resolution: FIXED"
95888,"Product: Platform
Component: UI
Severity: normal
Priority: P3
Summary: [Import/Export] Ignore spaces in mode and size fields of tar files
Resolution: FIXED"
343637,"Product: JDT
Component: Core
Severity: normal
Priority: P3
Summary: [1.7] Already used exception offered again in a Mulicatch block
Resolution: FIXED"
355010,"Product: Platform
Component: UI
Severity: major
Priority: P3
Summary: [CSS] Understand default behaviour if product doesn't specify a theme
Resolution: FIXED"
64558,"Product: JDT
Component: UI
Severity: normal
Priority: P3
Summary: formatter profiles lost when changing to new build
Resolution: FIXED"
125708,"Product: Platform
Component: UI
Severity: normal
Priority: P2
Summary: [Viewers] subtle change with AbstractTreeViewer#getSelection() and #setSelection(..)
Resolution: FIXED"
76536,"Product: Platform
Component: Ant
Severity: normal
Priority: P3
Summary: Status line error message not cleared for Ant view
Resolution: FIXED"
99236,"Product: Platform
Component: SWT
Severity: normal
Priority: P3
Summary: Impossible to run or debug an SWT-application from within eclipse
Resolution: WORKSFORME"
62616,"Product: Platform
Component: Compare
Severity: minor
Priority: P3
Summary: Restore from Local History works not as described in Smoke
Resolution: FIXED"
120652,"Product: Platform
Component: UI
Severity: major
Priority: P1
Summary: [Commands] handlers: Cannot add evaluations to Display or Expressions View
Resolution: FIXED"
41977,"Product: Platform
Component: Debug
Severity: critical
Priority: P2
Summary: watch items will not disappear
Resolution: FIXED"
54770,"Product: Platform
Component: Update  (deprecated - use RT>Equinox>p2)
Severity: normal
Priority: P3
Summary: Feature Properties Dialog; License Agreement page; Show in Browser has no mnemonic
Resolution: FIXED"
80556,"Product: Platform
Component: UI
Severity: normal
Priority: P2
Summary: [Preferences] Leak from open/close of Preferences dialog
Resolution: FIXED"
16283,"Product: Platform
Component: Compare
Severity: critical
Priority: P1
Summary: Add from Local History items are unsorted
Resolution: FIXED"
411452,"Product: Platform
Component: SWT
Severity: major
Priority: P3
Summary: [GTK3] Search dialogue isn't ""reusable"" when using export SWT_GTK3=1
Resolution: FIXED"
346454,"Product: JDT
Component: Core
Severity: normal
Priority: P3
Summary: [1.7][content assist]Getting NegativeArraySizeException while trying content assist after diamond
Resolution: FIXED"
15193,"Product: JDT
Component: Debug
Severity: normal
Priority: P2
Summary: Source resolution for alternate runtime JRE
Resolution: FIXED"
17678,"Product: Platform
Component: Compare
Severity: major
Priority: P2
Summary: Applying a patch does many compiles
Resolution: FIXED"
31110,"Product: JDT
Component: Debug
Severity: minor
Priority: P2
Summary: Debbugger Source Lookup does not work with variables
Resolution: FIXED"
81348,"Product: JDT
Component: Text
Severity: normal
Priority: P2
Summary: Refactoring logs exception from JavaReconciler
Resolution: FIXED"
111631,"Product: Platform
Component: UI
Severity: normal
Priority: P3
Summary: [Viewers] TreeViewer needs more TableViewer API
Resolution: FIXED"
123889,"Product: Platform
Component: Debug
Severity: normal
Priority: P3
Summary: LCD not setting dialog font for preferences dialog
Resolution: FIXED"
327706,"Product: PDE
Component: Build
Severity: major
Priority: P3
Summary: Headless build failure with Eclipse 3.6.1
Resolution: FIXED"
232541,"Product: Platform
Component: UI
Severity: critical
Priority: P3
Summary: [ViewMgmt] Reset Perspective ignores saveable parts
Resolution: FIXED"
222549,"Product: Platform
Component: Text
Severity: normal
Priority: P2
Summary: [navigation] Multi-hyperlink shell at wrong location
Resolution: FIXED"
136085,"Product: JDT
Component: Debug
Severity: normal
Priority: P3
Summary: [variables] view doesn't remember column positions or even which column
Resolution: FIXED"
27172,"Product: Platform
Component: Debug
Severity: major
Priority: P2
Summary: Hang copying variables with cycle
Resolution: FIXED"
9396,"Product: JDT
Component: Debug
Severity: critical
Priority: P1
Summary: NPE in add breakpoint action
Resolution: FIXED"
17746,"Product: JDT
Component: UI
Severity: major
Priority: P1
Summary: Refactor prompted to save same editor twice
Resolution: FIXED"
34506,"Product: JDT
Component: UI
Severity: normal
Priority: P3
Summary: [wording] Confusing warning with package creation ""Package will not be visible...""
Resolution: FIXED"
63522,"Product: JDT
Component: UI
Severity: trivial
Priority: P3
Summary: Unnecessary import for protected inner class [code manipulation]
Resolution: FIXED"
178596,"Product: JDT
Component: Core
Severity: major
Priority: P2
Summary: [search] Search for method references does not find references to interface method
Resolution: FIXED"
23692,"Product: JDT
Component: UI
Severity: major
Priority: P2
Summary: NPE in Extract Interface
Resolution: FIXED"
277315,"Product: Platform
Component: SWT
Severity: normal
Priority: P3
Summary: Combo does not accept drag and drop
Resolution: FIXED"
86541,"Product: JDT
Component: Debug
Severity: normal
Priority: P2
Summary: Investigate if we can avoid computing bindings when creating breakpoints
Resolution: FIXED"
56665,"Product: JDT
Component: Debug
Severity: normal
Priority: P3
Summary: bootstrap entries classpath for junit is not being set
Resolution: FIXED"
27679,"Product: JDT
Component: Debug
Severity: normal
Priority: P3
Summary: NPE on shutdown as initializing preference store
Resolution: FIXED"
199098,"Product: PDE
Component: UI
Severity: normal
Priority: P3
Summary: [Schema][Editors] Duplicate names are allowed from source page
Resolution: FIXED"
6130,"Product: JDT
Component: Debug
Severity: normal
Priority: P2
Summary: Snippet editor/ display view do not immediately take new prefs
Resolution: FIXED"
213519,"Product: JDT
Component: UI
Severity: normal
Priority: P3
Summary: [extract method] Missing return value, while extracting code out of a loop
Resolution: FIXED"
73558,"Product: JDT
Component: Text
Severity: minor
Priority: P3
Summary: [wording] Error dialog when no browser widget found for javadoc view
Resolution: FIXED"
89551,"Product: JDT
Component: Text
Severity: major
Priority: P2
Summary: [content assist] Order of completion proposals does not seem correct
Resolution: FIXED"
106374,"Product: JDT
Component: UI
Severity: normal
Priority: P3
Summary: [perferences] Following of bug 105778, nls option should be rephrased
Resolution: FIXED"
7194,"Product: Platform
Component: Debug
Severity: normal
Priority: P1
Summary: Unbound cache in Expression view content provider
Resolution: FIXED"
74319,"Product: Platform
Component: UI
Severity: critical
Priority: P1
Summary: [Preferences] Some preferences aren't persisted on shutdown
Resolution: FIXED"
50194,"Product: JDT
Component: Text
Severity: major
Priority: P2
Summary: Indenting Java breaks comments
Resolution: FIXED"
261534,"Product: JDT
Component: Core
Severity: enhancement
Priority: P3
Summary: content assist after instanceof should also work after &&
Resolution: FIXED"
12300,"Product: JDT
Component: Debug
Severity: normal
Priority: P2
Summary: Sharing launch config difficult because of VM_INSTALL_ID
Resolution: FIXED"
16822,"Product: Platform
Component: UI
Severity: critical
Priority: P1
Summary: Search results should be removed when cu is moved
Resolution: FIXED"
137725,"Product: Platform
Component: CVS
Severity: normal
Priority: P2
Summary: [History View] Check both local and remote file locations when determining if input is the same
Resolution: FIXED"
44120,"Product: Platform
Component: Text
Severity: normal
Priority: P2
Summary: File has been deleted dialog when renaming a CU
Resolution: FIXED"
34608,"Product: Platform
Component: Ant
Severity: normal
Priority: P2
Summary: Exception using content assist
Resolution: FIXED"
119996,"Product: Platform
Component: Team
Severity: normal
Priority: P2
Summary: [Model Sync] Error message on failed merge
Resolution: FIXED"
74428,"Product: Platform
Component: Debug
Severity: normal
Priority: P3
Summary: Clearing console during output breaks hyperlinks
Resolution: FIXED"
35919,"Product: JDT
Component: Text
Severity: trivial
Priority: P3
Summary: Unneccessary use of 'w/' for 'with' [Quick fix][wording]
Resolution: FIXED"
95792,"Product: Platform
Component: UI
Severity: major
Priority: P1
Summary: Command opens dialog, and second key press still thinks workbench window is active
Resolution: FIXED"
51834,"Product: Platform
Component: Debug
Severity: normal
Priority: P3
Summary: Extension point doc needs to be added to doc plug-in
Resolution: FIXED"
95490,"Product: Platform
Component: Debug
Severity: normal
Priority: P3
Summary: String substitution variables are lost during import
Resolution: FIXED"
125771,"Product: JDT
Component: Debug
Severity: normal
Priority: P3
Summary: unable to create method breakpoints in external source
Resolution: FIXED"
8127,"Product: JDT
Component: Debug
Severity: normal
Priority: P1
Summary: Outline View has mnemonic collison
Resolution: FIXED"
60952,"Product: Platform
Component: Debug
Severity: normal
Priority: P3
Summary: Chkpii errors in I20040504
Resolution: FIXED"
54946,"Product: Platform
Component: Debug
Severity: normal
Priority: P2
Summary: Contextual launch contribution should not set adaptable=true
Resolution: FIXED"
56459,"Product: JDT
Component: UI
Severity: normal
Priority: P3
Summary: Pref Page Type Filters [code manipulation]
Resolution: FIXED"
88783,"Product: Platform
Component: UI
Severity: normal
Priority: P2
Summary: [Viewers] Cannot set initial colours on a VIRTUAL table
Resolution: FIXED"
14972,"Product: JDT
Component: Debug
Severity: normal
Priority: P2
Summary: Editor ruler actions do not update properly on working copy
Resolution: FIXED"
17429,"Product: Platform
Component: UI
Severity: normal
Priority: P3
Summary: Ctrl+X U in emacs is UNDO.
Resolution: FIXED"
82282,"Product: Platform
Component: SWT
Severity: normal
Priority: P3
Summary: Control.redraw() invalidates children on Linux-GTK
Resolution: FIXED"
58929,"Product: Platform
Component: UI
Severity: normal
Priority: P1
Summary: [Contexts] [Javadoc]  org.eclipse.ui.contexts extensio points issues
Resolution: FIXED"
73068,"Product: Platform
Component: Debug
Severity: enhancement
Priority: P3
Summary: Support for ordering launch shortcuts
Resolution: FIXED"
24924,"Product: JDT
Component: UI
Severity: minor
Priority: P3
Summary: quick fix: strange method javadoc created [quick fix]
Resolution: FIXED"
261031,"Product: Platform
Component: UI
Severity: normal
Priority: P2
Summary: [CommonNavigator] IPipelinedContentProvider getParent() returning the suggested parent is not ignored
Resolution: FIXED"
55172,"Product: Platform
Component: UI
Severity: normal
Priority: P2
Summary: [ViewMgmt] Views with no category or missing category do not show up
Resolution: FIXED"
199288,"Product: Platform
Component: Debug
Severity: minor
Priority: P3
Summary: Expressions view should support paste
Resolution: FIXED"
29052,"Product: Platform
Component: Debug
Severity: normal
Priority: P3
Summary: ConsolePreferencePage problem
Resolution: FIXED"
332138,"Product: PDE
Component: UI
Severity: normal
Priority: P3
Summary: Stack overflow in P2TargetUtils
Resolution: FIXED"
133668,"Product: JDT
Component: UI
Severity: normal
Priority: P3
Summary: New option to 'Recreate Modified class files in Output Folder'
Resolution: FIXED"
53001,"Product: JDT
Component: Debug
Severity: enhancement
Priority: P3
Summary: Need a separator between 'Include type inheriting ...' and 'stop in main' in the main Java launch configuration tab
Resolution: FIXED"
12788,"Product: Platform
Component: Debug
Severity: normal
Priority: P2
Summary: Cut, copy, paste actions don't work in details pane
Resolution: FIXED"
37520,"Product: Platform
Component: Ant
Severity: normal
Priority: P3
Summary: Cannot edit properties from double click
Resolution: FIXED"
26729,"Product: Platform
Component: Ant
Severity: normal
Priority: P2
Summary: External tools menu does not update
Resolution: FIXED"
70625,"Product: JDT
Component: Debug
Severity: enhancement
Priority: P2
Summary: [J2SE 5] JDI and JDWP enhancements for generics
Resolution: FIXED"
19722,"Product: Platform
Component: Resources
Severity: normal
Priority: P2
Summary: Preferences.importPreferences(path) does not throw exception for non preference file
Resolution: FIXED"
235657,"Product: Platform
Component: IDE
Severity: normal
Priority: P3
Summary: [Markers][Undo] regression: can no longer undo marker operations
Resolution: FIXED"
22960,"Product: JDT
Component: Debug
Severity: enhancement
Priority: P3
Summary: Unable to add multi-select to set watchpoints
Resolution: FIXED"
108473,"Product: Platform
Component: Debug
Severity: normal
Priority: P3
Summary: [Performance] The performance of eclipse severely degrades over time
Resolution: FIXED"
127459,"Product: Platform
Component: Team
Severity: normal
Priority: P2
Summary: [Model Sync] Commit of package is not shallow
Resolution: FIXED"
231316,"Product: Platform
Component: Text
Severity: normal
Priority: P3
Summary: [rulers] Cannot lock revision annotations any more
Resolution: FIXED"
345332,"Product: JDT
Component: Core
Severity: normal
Priority: P3
Summary: Variable not initialized warning
Resolution: INVALID"
177122,"Product: Platform
Component: Text
Severity: normal
Priority: P3
Summary: [doc] Update Migration Guide
Resolution: FIXED"
17643,"Product: JDT
Component: Debug
Severity: normal
Priority: P2
Summary: Classpath viewers do not show proper default classpaths
Resolution: FIXED"
17073,"Product: JDT
Component: Debug
Severity: normal
Priority: P1
Summary: Sharing JRE in buildpath - errors when JRE does not exist
Resolution: FIXED"
56850,"Product: Platform
Component: Debug
Severity: normal
Priority: P2
Summary: DebugViewDecoratingLabelProvider.computedText never cleared
Resolution: FIXED"
94170,"Product: JDT
Component: UI
Severity: normal
Priority: P3
Summary: Javadoc links in help view don't navigate directly to specific anchors in HTML
Resolution: FIXED"
1546,"Product: JDT
Component: Debug
Severity: normal
Priority: P1
Summary: Remote Evaluation (AST evaluation)
Resolution: FIXED"
87402,"Product: Platform
Component: UI
Severity: normal
Priority: P2
Summary: [KeyBindings] parameters: Unresolved handler conflicts on show view commands
Resolution: FIXED"
331112,"Product: Platform
Component: CVS
Severity: minor
Priority: P3
Summary: History view's tag table does not remember sort order
Resolution: FIXED"
362766,"Product: PDE
Component: UI
Severity: normal
Priority: P3
Summary: AFE in BundleImporterTests.testGetImportDescriptions(BundleImporterTests.java:46)
Resolution: FIXED"
156116,"Product: Platform
Component: Text
Severity: normal
Priority: P2
Summary: [quick diff] IAEs on ruler context menu > Revisions > Show Ids
Resolution: FIXED"
134324,"Product: Platform
Component: Debug
Severity: normal
Priority: P2
Summary: infinite ""do you wish to save?"" dialogs
Resolution: FIXED"
14827,"Product: JDT
Component: UI
Severity: enhancement
Priority: P3
Summary: quick fix: offer marking strings as non-nls [quick fix]
Resolution: FIXED"
277483,"Product: PDE
Component: UI
Severity: normal
Priority: P3
Summary: [target] NPE in NameVersionDescriptor.hashCode(...)
Resolution: FIXED"
12748,"Product: JDT
Component: Debug
Severity: normal
Priority: P3
Summary: Snippet editor in debug perspective
Resolution: FIXED"
64872,"Product: Platform
Component: UI
Severity: normal
Priority: P2
Summary: [Progress] Progress reporting in wizard dialog doesn't use dialog font
Resolution: FIXED"
81330,"Product: Platform
Component: Debug
Severity: trivial
Priority: P2
Summary: Missing mnemonics in Context menu of Console
Resolution: FIXED"
5442,"Product: Platform
Component: UI
Severity: enhancement
Priority: P2
Summary: [Welcome] TVT - Welcome text does not wrap
Resolution: FIXED"
120547,"Product: Platform
Component: Text
Severity: normal
Priority: P3
Summary: [api] DefaultInformationControl must continue to implement DisposeListener
Resolution: FIXED"
208602,"Product: Platform
Component: UI
Severity: normal
Priority: P3
Summary: [Dialogs] Open Type dialog needs accessible labels
Resolution: FIXED"
18060,"Product: Platform
Component: Compare
Severity: normal
Priority: P2
Summary: Last character of Property Compare is clipped.
Resolution: FIXED"
5627,"Product: JDT
Component: Debug
Severity: normal
Priority: P1
Summary: NPE setting detail pane orientation
Resolution: FIXED"
274373,"Product: Platform
Component: UI
Severity: normal
Priority: P2
Summary: [Metadata] Some testing data folders not parametrized
Resolution: FIXED"
421717,"Product: JDT
Component: UI
Severity: major
Priority: P3
Summary: [quick fix] Remove unused local variable keep assignments with side effects removes side effect
Resolution: FIXED"
92019,"Product: Platform
Component: UI
Severity: major
Priority: P1
Summary: IAE in TextStyle constructor when disposing PDEFormEditor
Resolution: FIXED"
18154,"Product: Platform
Component: Debug
Severity: normal
Priority: P3
Summary: Launch shortcuts menu labels
Resolution: FIXED"
6478,"Product: JDT
Component: UI
Severity: minor
Priority: P2
Summary: Jar packager progress messages misleading
Resolution: FIXED"
96497,"Product: Platform
Component: UI
Severity: normal
Priority: P1
Summary: Manifest files need to be updated with x-friends tag
Resolution: FIXED"
4172,"Product: JDT
Component: UI
Severity: normal
Priority: P3
Summary: feature: auto select ""Inherited Abstract Methods"" (1GJLAE7)
Resolution: FIXED"
96785,"Product: JDT
Component: UI
Severity: normal
Priority: P3
Summary: Allow specifying the compliance level on the first wizard page when creating a project.
Resolution: FIXED"
233913,"Product: JDT
Component: Text
Severity: normal
Priority: P3
Summary: [formatting] Remove workaround made to fix 231093
Resolution: FIXED"
292396,"Product: Platform
Component: IDE
Severity: normal
Priority: P3
Summary: Dependent options on 'Local History' preference page not indented
Resolution: FIXED"
17913,"Product: JDT
Component: UI
Severity: major
Priority: P2
Summary: Fail to show source of selected element only in single-click mode
Resolution: FIXED"
80895,"Product: JDT
Component: Debug
Severity: normal
Priority: P3
Summary: Keybindings don't work when debug view is not visible.
Resolution: FIXED"
30307,"Product: Platform
Component: Debug
Severity: normal
Priority: P2
Summary: Apparent mispelled catalog reference in Expressions pane
Resolution: FIXED"
20049,"Product: JDT
Component: Debug
Severity: normal
Priority: P3
Summary: Typo in method name - updateDefatultJREContainers
Resolution: FIXED"
37463,"Product: Platform
Component: UI
Severity: major
Priority: P2
Summary: [Navigator] Should not sync with selection in Navigator and Editor
Resolution: FIXED"
31899,"Product: JDT
Component: Debug
Severity: normal
Priority: P3
Summary: Consolidate ""Java"" hyperlinks
Resolution: FIXED"
51837,"Product: Platform
Component: UI
Severity: normal
Priority: P2
Summary: [Progress] Bad message in progress dialog
Resolution: FIXED"
33928,"Product: Platform
Component: Ant
Severity: normal
Priority: P2
Summary: NPE closing workbench
Resolution: FIXED"
45124,"Product: Platform
Component: Text
Severity: enhancement
Priority: P2
Summary: [plan item] Place incremental find status into separate status line item
Resolution: FIXED"
26637,"Product: Platform
Component: Ant
Severity: normal
Priority: P2
Summary: Process timestamp showing as launch configuration property
Resolution: FIXED"
60604,"Product: JDT
Component: Debug
Severity: normal
Priority: P3
Summary: reduce warnings in jdt.launching due to core.runtime deprecations
Resolution: FIXED"
90838,"Product: Platform
Component: Debug
Severity: normal
Priority: P3
Summary: Folder and Directory source containers should have slightly more descriptive names.
Resolution: FIXED"
18156,"Product: Platform
Component: Debug
Severity: normal
Priority: P2
Summary: Debug/Run As cascade menu should be sorted
Resolution: FIXED"
62455,"Product: JDT
Component: UI
Severity: major
Priority: P3
Summary: Method stub for ""main"" interferes with main method template [code manipulation]
Resolution: FIXED"
29744,"Product: Platform
Component: Ant
Severity: normal
Priority: P2
Summary: [External Tools] refresh ${working_set} does not work
Resolution: FIXED"
203693,"Product: JDT
Component: UI
Severity: major
Priority: P3
Summary: [clean up] convert for loops removes local
Resolution: FIXED"
23881,"Product: Platform
Component: Ant
Severity: normal
Priority: P2
Summary: Same error logged three times
Resolution: FIXED"
429301,"Product: Platform
Component: SWT
Severity: blocker
Priority: P1
Summary: Workspace selection screen broken in N20140228-0245
Resolution: FIXED"
154735,"Product: JDT
Component: UI
Severity: normal
Priority: P3
Summary: [refactoring scripts] Refactoring History Property page showing in weird places
Resolution: FIXED"
81768,"Product: Platform
Component: UI
Severity: normal
Priority: P3
Summary: [Import/Export] Import projects wizard layout improvements
Resolution: FIXED"
108478,"Product: JDT
Component: UI
Severity: normal
Priority: P3
Summary: [formatter] Add FORMATTER_ALIGNMENT_FOR_ASSIGNMENT support in the code formatter preference page
Resolution: FIXED"
49376,"Product: Platform
Component: UI
Severity: normal
Priority: P1
Summary: [KeyBindings] Space now erroneously runs Completion
Resolution: DUPLICATE"
46660,"Product: JDT
Component: Text
Severity: normal
Priority: P2
Summary: Completion broken when 'show source of selected element only' is checked
Resolution: FIXED"
286182,"Product: Platform
Component: User Assistance
Severity: enhancement
Priority: P3
Summary: [Webapp] Allow additional frame(s) below content frame
Resolution: FIXED"
141785,"Product: Platform
Component: Debug
Severity: normal
Priority: P3
Summary: [help] No context help for Debug Dialogs
Resolution: FIXED"
70030,"Product: Platform
Component: UI
Severity: normal
Priority: P2
Summary: [Wizards] Help Context - New Folder or File
Resolution: FIXED"
315281,"Product: Platform
Component: UI
Severity: normal
Priority: P3
Summary: update copyrights for 3.6
Resolution: FIXED"
17123,"Product: Platform
Component: Update  (deprecated - use RT>Equinox>p2)
Severity: major
Priority: P2
Summary: T2 preview view wraps lines after each word
Resolution: FIXED"
32715,"Product: Platform
Component: Ant
Severity: normal
Priority: P2
Summary: Cancelling removing a external tool builder fails
Resolution: FIXED"
29565,"Product: JDT
Component: Debug
Severity: normal
Priority: P3
Summary: Working Directory UI
Resolution: FIXED"
94986,"Product: Platform
Component: UI
Severity: enhancement
Priority: P1
Summary: [Preferences] Add preferences for setting default line separator.
Resolution: FIXED"
155688,"Product: PDE
Component: UI
Severity: enhancement
Priority: P3
Summary: Enhanced PDE Search, Open Plug-in Artifact (Ctrl+Shift+A)
Resolution: FIXED"
99865,"Product: Platform
Component: Ant
Severity: trivial
Priority: P3
Summary: Java Project creation wizard description: Creates --> Create
Resolution: FIXED"
18468,"Product: JDT
Component: UI
Severity: major
Priority: P3
Summary: Members view: removing source for whole type leaves members
Resolution: FIXED"
359701,"Product: PDE
Component: UI
Severity: normal
Priority: P3
Summary: Convert to Plug-in Projects... dialog should remember settings
Resolution: FIXED"
203734,"Product: JDT
Component: UI
Severity: normal
Priority: P3
Summary: [preferences] cldc 1.1 or cdlc 1.1
Resolution: FIXED"
331039,"Product: JDT
Component: Debug
Severity: trivial
Priority: P3
Summary: javadoc warming in N20101123-2000 wrt jdt.debug
Resolution: FIXED"
183890,"Product: Platform
Component: UI
Severity: enhancement
Priority: P3
Summary: [DataBinding] Default converter for numbers to numbers
Resolution: FIXED"
164371,"Product: Platform
Component: UI
Severity: major
Priority: P3
Summary: [Viewers] Collapsed item get's child count re-set to 1 if children already retrieved
Resolution: FIXED"
19174,"Product: Platform
Component: Releng
Severity: critical
Priority: P1
Summary: change notice.html in root of eclipse installs
Resolution: FIXED"
8245,"Product: Platform
Component: Debug
Severity: normal
Priority: P1
Summary: Launch preferences page problems
Resolution: FIXED"
216126,"Product: JDT
Component: Text
Severity: normal
Priority: P3
Summary: [breadcrumb] support (Ctrl+)(Shift+)Tab
Resolution: FIXED"
25447,"Product: JDT
Component: UI
Severity: enhancement
Priority: P3
Summary: Build class path: support Delete key to remove an entry [build path]
Resolution: FIXED"
11899,"Product: Platform
Component: Debug
Severity: normal
Priority: P1
Summary: Launch config name collission
Resolution: FIXED"
206702,"Product: PDE
Component: UI
Severity: normal
Priority: P3
Summary: Target Platform Preferences page gives invalid value dialog, IAE
Resolution: FIXED"
185666,"Product: JDT
Component: Debug
Severity: trivial
Priority: P3
Summary: Typo in type resolution error
Resolution: FIXED"
124990,"Product: JDT
Component: Text
Severity: major
Priority: P2
Summary: [rulers] Line selection using line number ruler does not work anymore in Java Editor
Resolution: FIXED"
77339,"Product: Platform
Component: UI
Severity: critical
Priority: P1
Summary: [Progress] [Dialogs] The workbench leaks dialogs
Resolution: FIXED"
85409,"Product: Platform
Component: UI
Severity: major
Priority: P2
Summary: Decorator enablement relies on objectClass
Resolution: FIXED"
468252,"Product: JDT
Component: Debug
Severity: major
Priority: P3
Summary: NullPointerException in JavaAppletLaunchConfigurationDelegate.buildHTMLFile (102)
Resolution: FIXED"
234245,"Product: Platform
Component: UI
Severity: enhancement
Priority: P3
Summary: [Metadata] Eclipse IDE application fails to start with com.ibm.icu.base plug-in
Resolution: FIXED"
73261,"Product: JDT
Component: Debug
Severity: normal
Priority: P3
Summary: 'Toggle Line Breakpoint' doesn't remove existing breakpoint if used in an anonymous class declaration in a field declaration
Resolution: FIXED"
50244,"Product: Platform
Component: UI
Severity: critical
Priority: P1
Summary: [CoolBar] regression: Contributions being disposed in editor toolbar
Resolution: FIXED"
21170,"Product: JDT
Component: Debug
Severity: normal
Priority: P2
Summary: NPE in RuntimeClasspathEntry if internal source archive removed
Resolution: FIXED"
55140,"Product: Platform
Component: Ant
Severity: major
Priority: P2
Summary: Build hangs if running on separate VM that is older than 1.4
Resolution: FIXED"
334086,"Product: PDE
Component: UI
Severity: normal
Priority: P3
Summary: Content Assist tool tip in schema editor is wrong and hard-coded
Resolution: FIXED"
32427,"Product: Platform
Component: Team
Severity: critical
Priority: P1
Summary: Can't Finish new location wizard due to error from SessionPropertySyncInfoCache
Resolution: FIXED"
66043,"Product: JDT
Component: Text
Severity: normal
Priority: P2
Summary: Java editor not released when window closed
Resolution: FIXED"
72545,"Product: Platform
Component: Text
Severity: normal
Priority: P3
Summary: [encoding] adopt long-running version of IFile#setCharset
Resolution: FIXED"
11733,"Product: Platform
Component: Debug
Severity: normal
Priority: P1
Summary: duplicate shared config after close & restart
Resolution: FIXED"
269417,"Product: PDE
Component: UI
Severity: enhancement
Priority: P3
Summary: New Project Wizard for Plug-In: Remember values entered into Plug-In Provider
Resolution: FIXED"
67468,"Product: JDT
Component: Text
Severity: normal
Priority: P2
Summary: regression - Content assist proposals class names not sorted
Resolution: FIXED"
320414,"Product: JDT
Component: Core
Severity: major
Priority: P3
Summary: Compiler produces incorrect bytecode for null pointer check
Resolution: FIXED"
1537,"Product: JDT
Component: Debug
Severity: normal
Priority: P3
Summary: classFilePattern breakpoint attribute optimization (1GHE13E)
Resolution: FIXED"
380553,"Product: Platform
Component: Releng
Severity: normal
Priority: P2
Summary: ui.tests.rcp always hangs for 4.2 unit tests
Resolution: FIXED"
326561,"Product: PDE
Component: UI
Severity: normal
Priority: P3
Summary: Tracing tab is the new new dirty button
Resolution: FIXED"
52964,"Product: JDT
Component: Debug
Severity: enhancement
Priority: P3
Summary: Persist size of debug pop-ups (or size better)
Resolution: FIXED"
104490,"Product: JDT
Component: Debug
Severity: normal
Priority: P3
Summary: breakpoint properties menu entry placement
Resolution: FIXED"
61566,"Product: Platform
Component: Debug
Severity: minor
Priority: P3
Summary: Launch configs dialog: Arrow_Up/Down in configurations tree extremely slow
Resolution: FIXED"
21763,"Product: JDT
Component: Core
Severity: major
Priority: P2
Summary: Problem in Java search [search]
Resolution: FIXED"
62747,"Product: JDT
Component: UI
Severity: normal
Priority: P3
Summary: CCE in UnresolvedElementsSubProcessor
Resolution: FIXED"
42418,"Product: Platform
Component: UI
Severity: minor
Priority: P3
Summary: [KeyBindings] Rapid save and then build causes hangs
Resolution: FIXED"
375856,"Product: JDT
Component: Debug
Severity: normal
Priority: P3
Summary: Launching is failing due to missing optional project(s)
Resolution: FIXED"
167539,"Product: Platform
Component: UI
Severity: normal
Priority: P3
Summary: [DataBinding] Determine what to do with BindingEvent.PIPELINE_VALIDATION_ERROR_OR_WARNING
Resolution: FIXED"
36035,"Product: Platform
Component: Debug
Severity: enhancement
Priority: P3
Summary: Request a variant on DebugPlugin.exec that takes an environment pointer
Resolution: FIXED"
38423,"Product: Platform
Component: Debug
Severity: normal
Priority: P2
Summary: NPE during creation of variables view
Resolution: FIXED"
131414,"Product: JDT
Component: Debug
Severity: normal
Priority: P3
Summary: labels don't update when primitive options changed
Resolution: FIXED"
353291,"Product: Platform
Component: IDE
Severity: normal
Priority: P3
Summary: [Markers] QuickFixPage has broken sorter
Resolution: FIXED"
101029,"Product: JDT
Component: UI
Severity: normal
Priority: P2
Summary: Remove log statement from JavaElementLabels
Resolution: FIXED"
30139,"Product: JDT
Component: Debug
Severity: normal
Priority: P2
Summary: Unable to launch with -Xbootclasspath/p:
Resolution: FIXED"
5613,"Product: JDT
Component: Debug
Severity: normal
Priority: P2
Summary: Debugger hangs when it hits breakpoints during self hosting
Resolution: FIXED"
231887,"Product: JDT
Component: UI
Severity: normal
Priority: P3
Summary: [actions] cannot refresh working sets through Package Explorer
Resolution: FIXED"
16985,"Product: Platform
Component: Update  (deprecated - use RT>Equinox>p2)
Severity: normal
Priority: P2
Summary: Q.3 tree check boxes dissabled in the configuration hanges dialog
Resolution: FIXED"
292510,"Product: JDT
Component: Core
Severity: normal
Priority: P3
Summary: FUP of 292364: Error messages don't identify partial types precisely.
Resolution: FIXED"
6089,"Product: JDT
Component: Debug
Severity: normal
Priority: P1
Summary: display view code assist cotext should be receiving type
Resolution: FIXED"
342540,"Product: PDE
Component: UI
Severity: minor
Priority: P3
Summary: Extension point deletion is non-intuitive
Resolution: FIXED"
27383,"Product: JDT
Component: Debug
Severity: enhancement
Priority: P3
Summary: classpath entries get exported into other projects even though I said not to [build path]
Resolution: FIXED"
243399,"Product: JDT
Component: Text
Severity: normal
Priority: P2
Summary: [breadcrumb] Should not redraw when caret moved in same element
Resolution: FIXED"
7012,"Product: JDT
Component: Debug
Severity: normal
Priority: P2
Summary: AddBreakpointAction not correctly updated when breakpoint added by other action
Resolution: FIXED"
285720,"Product: Platform
Component: Debug
Severity: enhancement
Priority: P2
Summary: [debug view] Add working directory + environment to process properties
Resolution: FIXED"
209668,"Product: Platform
Component: Debug
Severity: normal
Priority: P3
Summary: The field org.eclipse.debug.core.DebugPlugin#INTERNAL_ERROR has changed value between HEAD and 3.3.0
Resolution: FIXED"
123323,"Product: Platform
Component: UI
Severity: major
Priority: P2
Summary: [Markers] Problems view does not display anything (index out of bounds)
Resolution: FIXED"
37180,"Product: Platform
Component: Ant
Severity: enhancement
Priority: P3
Summary: Ant editor errors and warnings should appear in the problem list
Resolution: FIXED"
45603,"Product: Platform
Component: Debug
Severity: normal
Priority: P3
Summary: Cycles in string substitutions
Resolution: FIXED"
108114,"Product: Platform
Component: Ant
Severity: normal
Priority: P3
Summary: <input> task with long validargs list: dialog size to small
Resolution: FIXED"
173188,"Product: JDT
Component: Debug
Severity: normal
Priority: P3
Summary: [launching] User must choose between main types even if selection is a main method
Resolution: FIXED"
74124,"Product: Platform
Component: Debug
Severity: enhancement
Priority: P3
Summary: Console type should be promoted to IConsole
Resolution: FIXED"
42152,"Product: JDT
Component: Debug
Severity: normal
Priority: P3
Summary: Runtime errors for watch expression not displayed
Resolution: FIXED"
41579,"Product: JDT
Component: Debug
Severity: enhancement
Priority: P3
Summary: Move selection to next suspended thread after resuming
Resolution: FIXED"
203736,"Product: JDT
Component: UI
Severity: trivial
Priority: P3
Summary: [preferences] Write Access colored label color description should be more precise
Resolution: FIXED"
229052,"Product: JDT
Component: UI
Severity: normal
Priority: P3
Summary: [jar exporter] NPE for projects with external class folders
Resolution: FIXED"
11697,"Product: Platform
Component: Debug
Severity: normal
Priority: P2
Summary: Debug Preference Page needs group box
Resolution: FIXED"
117499,"Product: Platform
Component: Debug
Severity: normal
Priority: P3
Summary: Selecting text range for debuggers that provide charStart/End
Resolution: FIXED"
97821,"Product: JDT
Component: UI
Severity: major
Priority: P2
Summary: [package explorer] eternal loop when recreating deleted compilation unit
Resolution: FIXED"
89530,"Product: Platform
Component: UI
Severity: major
Priority: P2
Summary: [Preferences] Performance pref page is layer breaker and causes errors
Resolution: FIXED"
25734,"Product: JDT
Component: Debug
Severity: normal
Priority: P3
Summary: Discovering default JRE
Resolution: FIXED"
21778,"Product: JDT
Component: Core
Severity: normal
Priority: P2
Summary: ClassFileReader fails on Gnome Twain class
Resolution: FIXED"
82168,"Product: Platform
Component: Ant
Severity: normal
Priority: P3
Summary: ant.home and ant.library.dir not set for parsing
Resolution: FIXED"
331996,"Product: PDE
Component: API Tools
Severity: normal
Priority: P3
Summary: API Use Scan builder throws NPE for a missing Inner Type problem
Resolution: FIXED"
97304,"Product: Platform
Component: Debug
Severity: normal
Priority: P3
Summary: DebugRequestJob should be system job
Resolution: FIXED"
73557,"Product: Platform
Component: UI
Severity: normal
Priority: P3
Summary: [Dialogs] Pattern matching changes Open Resource type-ahead behaviour
Resolution: FIXED"
230827,"Product: JDT
Component: Text
Severity: major
Priority: P3
Summary: [breadcrumb] Keyboard navigation in drop down tree does not work on OSX
Resolution: FIXED"
77641,"Product: JDT
Component: UI
Severity: normal
Priority: P3
Summary: Exception in pick out string [quick assist]
Resolution: FIXED"
27278,"Product: JDT
Component: Debug
Severity: normal
Priority: P2
Summary: NPE in monitors view
Resolution: FIXED"
143073,"Product: JDT
Component: UI
Severity: major
Priority: P3
Summary: [actions] Memory leak caused by new Search > ""Occurrences in File"" sub menu
Resolution: FIXED"
20341,"Product: Platform
Component: Team
Severity: normal
Priority: P1
Summary: TVT2: clashing mnemonics in Tag with Existing Tag in CVS perspective
Resolution: FIXED"
223892,"Product: Platform
Component: Text
Severity: normal
Priority: P2
Summary: [hovering] Should make sure that F2 hovers can be closed with Esc
Resolution: FIXED"
183127,"Product: JDT
Component: UI
Severity: normal
Priority: P1
Summary: [package explorer] [working sets] Working set order lost for non visible working sets
Resolution: FIXED"
230217,"Product: JDT
Component: UI
Severity: normal
Priority: P3
Summary: [build path] Improve feedback when importing non-existing user libraries
Resolution: FIXED"
42741,"Product: Platform
Component: Ant
Severity: normal
Priority: P3
Summary: Config classpath does not update for change in global Ant home
Resolution: FIXED"
332034,"Product: JDT
Component: Text
Severity: normal
Priority: P3
Summary: [breadcrumb] Java Model Exceptions in log when opening Java Editor for nonexistent file
Resolution: FIXED"
227559,"Product: Platform
Component: UI
Severity: normal
Priority: P3
Summary: Need API to process StyledString
Resolution: FIXED"
235649,"Product: PDE
Component: Doc
Severity: normal
Priority: P3
Summary: New context help file wizard needs context help
Resolution: FIXED"
114327,"Product: JDT
Component: UI
Severity: normal
Priority: P3
Summary: Clean-up wizard NLS problems
Resolution: FIXED"
44723,"Product: Platform
Component: Debug
Severity: normal
Priority: P3
Summary: Redundant launching job message
Resolution: FIXED"
10772,"Product: JDT
Component: Debug
Severity: normal
Priority: P1
Summary: Single-click launching generates exception on class with no main method
Resolution: FIXED"
185093,"Product: JDT
Component: UI
Severity: trivial
Priority: P3
Summary: [filters] 'Syntetic members' filter description could be more informative
Resolution: FIXED"
52257,"Product: JDT
Component: Text
Severity: major
Priority: P2
Summary: NPE in org.eclipse.jdt.internal.ui.javaeditor.JavaEditor.getSignedSelection
Resolution: FIXED"
109840,"Product: Platform
Component: UI
Severity: major
Priority: P2
Summary: [Preferences] ColorSelector uses wrong event source
Resolution: FIXED"
245688,"Product: JDT
Component: Text
Severity: normal
Priority: P3
Summary: [misc] MalformedTreeException occuring while formatting may not be surfaced to user in an error dialog
Resolution: FIXED"
60418,"Product: JDT
Component: Core
Severity: normal
Priority: P2
Summary: remove warnings from core runtime deprecations
Resolution: FIXED"
77840,"Product: Platform
Component: UI
Severity: normal
Priority: P3
Summary: [About] More Info button does nothing if Eclipse installed into location with spaces in path (on Linux)
Resolution: FIXED"
181189,"Product: Platform
Component: UI
Severity: normal
Priority: P3
Summary: [EditorMgmt] Bring back 'Quick Switch Editor' on Ctrl+E (QuickAccess is now Ctrl+3)
Resolution: FIXED"
61069,"Product: Platform
Component: UI
Severity: normal
Priority: P2
Summary: [Dialogs] InputDialog error message not accessible
Resolution: FIXED"
205479,"Product: JDT
Component: Debug
Severity: normal
Priority: P3
Summary: [doc] Update help for new JRE from EE file wizard
Resolution: FIXED"
317011,"Product: Platform
Component: User Assistance
Severity: trivial
Priority: P3
Summary: bundle version of org.eclipse.help.ui needs to be updated to 3.5.100
Resolution: FIXED"
33334,"Product: Platform
Component: UI
Severity: major
Priority: P2
Summary: [Preferences] (regression) New project open persp preference ignored from 2.0.2 to 2.1 RC1
Resolution: FIXED"
58957,"Product: JDT
Component: Debug
Severity: trivial
Priority: P3
Summary: breakpoints : Remove BreakpointManagerListener on dispose
Resolution: FIXED"
14753,"Product: JDT
Component: Debug
Severity: normal
Priority: P2
Summary: Reverse order of configuration types in New configuration menu
Resolution: FIXED"
123442,"Product: Platform
Component: UI
Severity: major
Priority: P1
Summary: [Commands] handlers: Retarget action handlers aren't registered properly
Resolution: FIXED"
63929,"Product: JDT
Component: UI
Severity: normal
Priority: P3
Summary: [Wizards] New Project Wizard -  Attempt to beginRule
Resolution: FIXED"
25215,"Product: JDT
Component: UI
Severity: normal
Priority: P2
Summary: Package view 'up' action enablement for 'Open in New Window' [package explorer]
Resolution: FIXED"
301827,"Product: Platform
Component: Releng
Severity: blocker
Priority: P3
Summary: Incorrect version number and copyright year About dialog
Resolution: FIXED"
387961,"Product: PDE
Component: UI
Severity: minor
Priority: P3
Summary: TVT/DVT3.8:TCT136: TVT_CHS: Duplicate Mnemonic Keys
Resolution: FIXED"
27200,"Product: Platform
Component: Debug
Severity: normal
Priority: P2
Summary: ""Show console when program writes ..."" doesn't work
Resolution: FIXED"
214697,"Product: Platform
Component: UI
Severity: minor
Priority: P3
Summary: [Viewers] No @since tag for DeferredTreeContentManager(AbstractTreeViewer) constructor
Resolution: FIXED"
79112,"Product: JDT
Component: Core
Severity: enhancement
Priority: P2
Summary: [1.5] [model] accessing annotation on Java elements
Resolution: FIXED"
85701,"Product: Platform
Component: Debug
Severity: normal
Priority: P3
Summary: source selection only cleared on thread termination
Resolution: FIXED"
230931,"Product: JDT
Component: UI
Severity: minor
Priority: P3
Summary: [dialogs] Project Setup Fixes dialog does not use dialog font and does not rewrap
Resolution: FIXED"
33838,"Product: Platform
Component: Ant
Severity: normal
Priority: P3
Summary: Have build.xml as a default name for -find emulation
Resolution: FIXED"
20078,"Product: Platform
Component: Team
Severity: enhancement
Priority: P2
Summary: [CVS UI] Check all/none in Configure Version Labels
Resolution: FIXED"
272342,"Product: JDT
Component: Text
Severity: enhancement
Priority: P3
Summary: [content assist] Content assist in Display, Expressions and Variables views should show Javadoc
Resolution: FIXED"
274699,"Product: Platform
Component: UI
Severity: normal
Priority: P2
Summary: [KeyBindings] Bug43597Test's testFontReset() leaks a font
Resolution: FIXED"
285745,"Product: PDE
Component: UI
Severity: trivial
Priority: P3
Summary: [target] Variables buttons on arguments tab are different sizes
Resolution: FIXED"
58992,"Product: Platform
Component: UI
Severity: normal
Priority: P1
Summary: UI deadlock syncing workspace
Resolution: FIXED"
482106,"Product: Platform
Component: Ant
Severity: normal
Priority: P3
Summary: Reduce warnings in workbench.
Resolution: FIXED"
9922,"Product: Platform
Component: Debug
Severity: normal
Priority: P1
Summary: Null pointer in launch configuration type property page
Resolution: FIXED"
68880,"Product: Platform
Component: UI
Severity: normal
Priority: P2
Summary: [Progress] NewProgressViewer uses hard coded colours
Resolution: FIXED"
35701,"Product: Platform
Component: UI
Severity: critical
Priority: P2
Summary: [Editor Mgmt] Exiting Eclipse with a problem file caused loss of data for other files
Resolution: FIXED"
64992,"Product: JDT
Component: Debug
Severity: normal
Priority: P3
Summary: ""hit count"" should have ""...""
Resolution: FIXED"
88677,"Product: Platform
Component: Debug
Severity: normal
Priority: P2
Summary: AbstractDebugEventHandler$EventProcessingJob can hog UI thread
Resolution: FIXED"
403461,"Product: Platform
Component: UI
Severity: minor
Priority: P3
Summary: Allow toggling toolbar on per-window basis
Resolution: FIXED"
9556,"Product: JDT
Component: Debug
Severity: critical
Priority: P1
Summary: NPE in JavaRuntime.getDefaultVMInstall
Resolution: FIXED"
94419,"Product: Platform
Component: Text
Severity: normal
Priority: P2
Summary: [misc] menu actions disabled after rename and then dirtying editor
Resolution: FIXED"
231107,"Product: JDT
Component: UI
Severity: normal
Priority: P3
Summary: [generate delegate] new methods not inserted at correct location
Resolution: FIXED"
37502,"Product: Platform
Component: Ant
Severity: normal
Priority: P3
Summary: Property icon missing in Ant editor outline and from content assist proposals
Resolution: FIXED"
168751,"Product: Platform
Component: Resources
Severity: normal
Priority: P2
Summary: Resource.setReadOnly clears other attributes
Resolution: FIXED"
99177,"Product: Platform
Component: UI
Severity: normal
Priority: P3
Summary: [Workbench] Show product name in startup progress dialog if -nosplash is given
Resolution: FIXED"
63003,"Product: Platform
Component: SWT
Severity: normal
Priority: P1
Summary: Ctrl+ Clicking on PackageExplorer expands items
Resolution: FIXED"
86576,"Product: JDT
Component: Text
Severity: enhancement
Priority: P2
Summary: [misc]  invoking 'Format Source' from Outline view
Resolution: FIXED"
97467,"Product: JDT
Component: UI
Severity: major
Priority: P3
Summary: [quick fix] proposals not available for pessimistic repository providers
Resolution: FIXED"
99946,"Product: Platform
Component: Ant
Severity: trivial
Priority: P3
Summary: 3.1: TCT 219, 220 - Translation Clarification
Resolution: FIXED"
1648,"Product: JDT
Component: Debug
Severity: minor
Priority: P1
Summary: Inspect, Display, and Run to line, are enabled in all editors (1GFBIAG)
Resolution: FIXED"
99484,"Product: Platform
Component: Update  (deprecated - use RT>Equinox>p2)
Severity: normal
Priority: P2
Summary: Feature update search launched from the config window is not cancelable
Resolution: FIXED"
67960,"Product: JDT
Component: Text
Severity: normal
Priority: P2
Summary: [misc] Occurrences have same layer as Search Results
Resolution: FIXED"
232941,"Product: JDT
Component: UI
Severity: normal
Priority: P3
Summary: [actions] Refresh action does not work on src-folders
Resolution: FIXED"
19799,"Product: JDT
Component: Core
Severity: major
Priority: P2
Summary: More problems with importing.
Resolution: FIXED"
198890,"Product: JDT
Component: Text
Severity: major
Priority: P3
Summary: [templates] some typos in templates
Resolution: FIXED"
3523,"Product: JDT
Component: UI
Severity: major
Priority: P3
Summary: 'Override in ...' should be renamed to 'Implement in...' for interfaces (1G4CNPH)
Resolution: FIXED"
98023,"Product: JDT
Component: Text
Severity: normal
Priority: P3
Summary: [preferences] Typing pref page does not update when profile's tab size changes
Resolution: FIXED"
85308,"Product: Platform
Component: UI
Severity: normal
Priority: P2
Summary: [Progress] Turning off verbose mode after restart has no effect
Resolution: FIXED"
75398,"Product: Platform
Component: UI
Severity: normal
Priority: P2
Summary: [Preferences] Need to mention updated IPreferenceStore spec in migration guide
Resolution: FIXED"
16465,"Product: Platform
Component: SWT
Severity: major
Priority: P3
Summary: Stack Overflow when importing a project
Resolution: INVALID"
262455,"Product: Platform
Component: UI
Severity: major
Priority: P3
Summary: Increment version numbers (service segment) for 3.4.2
Resolution: FIXED"
85146,"Product: Platform
Component: UI
Severity: normal
Priority: P1
Summary: [Preferences] keywords: Only first word taken
Resolution: FIXED"
25493,"Product: Platform
Component: Ant
Severity: normal
Priority: P2
Summary: NPE if default target does not exist in external tool builder ant file
Resolution: FIXED"
28704,"Product: JDT
Component: Debug
Severity: enhancement
Priority: P2
Summary: Option to add variable to watch list should appear in context menu
Resolution: FIXED"
61719,"Product: JDT
Component: Core
Severity: normal
Priority: P2
Summary: Incorrect fine grain delta after method copy-rename
Resolution: FIXED"
62932,"Product: JDT
Component: Debug
Severity: major
Priority: P1
Summary: NPE when renaming project
Resolution: FIXED"
84078,"Product: Platform
Component: Debug
Severity: normal
Priority: P2
Summary: RemoteTreeContentManager should override default job name
Resolution: FIXED"
18184,"Product: JDT
Component: Debug
Severity: normal
Priority: P3
Summary: Eval: Disallow field access that require local type signatures
Resolution: FIXED"
203147,"Product: Platform
Component: Debug
Severity: normal
Priority: P3
Summary: NPE while 'copy variables' in Variables view
Resolution: FIXED"
318020,"Product: JDT
Component: Core
Severity: major
Priority: P3
Summary: [compiler] wrong initialization flow info with if (true) throw... pattern in else block
Resolution: FIXED"
99919,"Product: JDT
Component: UI
Severity: normal
Priority: P3
Summary: NPE while manipulating class path
Resolution: FIXED"
97313,"Product: JDT
Component: UI
Severity: normal
Priority: P3
Summary: Java search filters dialog does not honor dialog font settings [search]
Resolution: FIXED"
126106,"Product: Platform
Component: Debug
Severity: normal
Priority: P3
Summary: popup dialog API changes
Resolution: FIXED"
50596,"Product: JDT
Component: Text
Severity: normal
Priority: P2
Summary: [painting] Error back ground changes to red during save
Resolution: FIXED"
15601,"Product: JDT
Component: Debug
Severity: normal
Priority: P2
Summary: Exception breakpoints set on inner class exceptions
Resolution: FIXED"
365538,"Product: Platform
Component: UI
Severity: normal
Priority: P3
Summary: [CSS] UnsupportedOperationException from CSSValue#getCssText() with comma-separated values
Resolution: FIXED"
276708,"Product: JDT
Component: Text
Severity: normal
Priority: P3
Summary: [content assist] code assist in file of simple project logs exception
Resolution: FIXED"
65571,"Product: JDT
Component: Text
Severity: enhancement
Priority: P2
Summary: [nls tooling][encoding]  Propertiesfile editor could use native2ascii
Resolution: FIXED"
266924,"Product: JDT
Component: Text
Severity: normal
Priority: P2
Summary: [content assist] Broken for anonymous type proposals if there are chars after the caret
Resolution: FIXED"
11767,"Product: JDT
Component: UI
Severity: normal
Priority: P2
Summary: java browsing: ignores 'package name shortening' preference
Resolution: FIXED"
92871,"Product: Platform
Component: UI
Severity: normal
Priority: P2
Summary: [Wizards] [api] PopulateElementOperation
Resolution: FIXED"
181914,"Product: JDT
Component: Debug
Severity: major
Priority: P3
Summary: NPE in BreakpointConditionEditor
Resolution: FIXED"
6410,"Product: JDT
Component: UI
Severity: normal
Priority: P3
Summary: File unchanged but dirtied by code assist
Resolution: FIXED"
16462,"Product: Platform
Component: Debug
Severity: normal
Priority: P2
Summary: Not all tabs visible in Run-time Workbench config
Resolution: FIXED"
7915,"Product: Platform
Component: Debug
Severity: normal
Priority: P2
Summary: breakpoint marker attributes need qualified names
Resolution: FIXED"
381950,"Product: Platform
Component: Releng
Severity: trivial
Priority: P2
Summary: Typo in logs.php in build name
Resolution: FIXED"
85500,"Product: Platform
Component: Text
Severity: major
Priority: P2
Summary: [find/replace] Find/Replace dialog keeps focus on previous widget
Resolution: FIXED"
43207,"Product: JDT
Component: Text
Severity: major
Priority: P2
Summary: Javadoc info for content assist only shown once
Resolution: FIXED"
16649,"Product: JDT
Component: UI
Severity: normal
Priority: P3
Summary: Editor appearance page problems
Resolution: FIXED"
458037,"Product: PDE
Component: UI
Severity: blocker
Priority: P3
Summary: Error markers shown in java file on close of eclipse and relaunch if java file open
Resolution: FIXED"
64188,"Product: Platform
Component: Debug
Severity: normal
Priority: P2
Summary: Classcast exception when trying to resolve non-stackframe object
Resolution: FIXED"
16336,"Product: Platform
Component: Team
Severity: normal
Priority: P1
Summary: DavRemoteTargetResource.isContainer should throw
Resolution: FIXED"
20791,"Product: Platform
Component: UI
Severity: enhancement
Priority: P2
Summary: Use of BufferedReader may improve preformance
Resolution: FIXED"
97859,"Product: Platform
Component: UI
Severity: normal
Priority: P2
Summary: [DetachedViews] non-closeable view can be closed after detaching
Resolution: FIXED"
428216,"Product: Platform
Component: SWT
Severity: major
Priority: P3
Summary: Wrong file path is returned by FileDialog(SWT.SAVE)
Resolution: FIXED"
393007,"Product: JDT
Component: Text
Severity: normal
Priority: P3
Summary: AbstractInfoView#selectionChanged(..) calls codeResolve in the UI thread if linking is disabled
Resolution: FIXED"
386809,"Product: Platform
Component: Compare
Severity: normal
Priority: P3
Summary: Patch tests fails in I20120807-0800 build
Resolution: FIXED"
112197,"Product: JDT
Component: UI
Severity: minor
Priority: P3
Summary: [quick fix] ""Add @SuppressWarnings 'unchecked' to 'foo()'"" appears twice
Resolution: FIXED"
48486,"Product: Platform
Component: UI
Severity: critical
Priority: P1
Summary: [ActionSets] Key bindings not working when Eclipse first opened
Resolution: FIXED"
22927,"Product: JDT
Component: Debug
Severity: enhancement
Priority: P2
Summary: Add word-wrap option to Variables display area
Resolution: FIXED"
67203,"Product: Platform
Component: UI
Severity: normal
Priority: P2
Summary: [Import/Export[ Import from Zip File and File System gives no feedback about read-only files
Resolution: FIXED"
293694,"Product: JDT
Component: Debug
Severity: normal
Priority: P3
Summary: 'Scrapbook Page' wizard needs a description
Resolution: FIXED"
24754,"Product: JDT
Component: Debug
Severity: enhancement
Priority: P3
Summary: Preferences - should offer font choice for variable details pane
Resolution: FIXED"
48963,"Product: JDT
Component: UI
Severity: normal
Priority: P3
Summary: Javadoc compiler preference page: Include checkbox misleading
Resolution: FIXED"
127687,"Product: JDT
Component: UI
Severity: normal
Priority: P3
Summary: Problem categories tuning
Resolution: FIXED"
387352,"Product: Platform
Component: Releng
Severity: major
Priority: P3
Summary: Wrong version for PDE feature
Resolution: FIXED"
12222,"Product: JDT
Component: Debug
Severity: normal
Priority: P1
Summary: NPE attempting to create Remote Java Application configuration
Resolution: FIXED"
85519,"Product: JDT
Component: Text
Severity: major
Priority: P2
Summary: [implementation] saveAs existing file fails - content replaced with original content
Resolution: FIXED"
407338,"Product: PDE
Component: UI
Severity: normal
Priority: P3
Summary: Find broken NLS strings in PDE UI / API Tools
Resolution: FIXED"
80857,"Product: Platform
Component: Debug
Severity: major
Priority: P2
Summary: ProjectSourceContainer fails to search for files specified by relative paths
Resolution: FIXED"
223586,"Product: JDT
Component: Text
Severity: normal
Priority: P2
Summary: [misc] NPE on enumerations in javadoc view
Resolution: FIXED"
56957,"Product: Platform
Component: UI
Severity: enhancement
Priority: P2
Summary: [Encoding] Reusable EncodingFieldEditor
Resolution: FIXED"
94803,"Product: JDT
Component: Text
Severity: minor
Priority: P2
Summary: mnemonics
Resolution: FIXED"
65058,"Product: JDT
Component: Debug
Severity: normal
Priority: P3
Summary: Inspect doesn't work in Snippet Editor
Resolution: FIXED"
27874,"Product: JDT
Component: Debug
Severity: major
Priority: P2
Summary: wrong suspended status when attaching late to vm
Resolution: FIXED"
89936,"Product: JDT
Component: Debug
Severity: normal
Priority: P2
Summary: Breakpoint with ""Suspend VM"" doesn't show correct thread
Resolution: FIXED"
4159,"Product: JDT
Component: UI
Severity: normal
Priority: P2
Summary: Organize Import: Select type could show reference location (1GJGZFO)
Resolution: FIXED"
249066,"Product: PDE
Component: UI
Severity: normal
Priority: P3
Summary: dependency analysis not primed for non-workspace plug-ins
Resolution: FIXED"
29148,"Product: Platform
Component: Ant
Severity: enhancement
Priority: P2
Summary: Contribution of Planty 0.9.1
Resolution: FIXED"
93515,"Product: Platform
Component: UI
Severity: normal
Priority: P2
Summary: [Preferences] console preferences do not show colors
Resolution: FIXED"
90518,"Product: Platform
Component: Debug
Severity: normal
Priority: P2
Summary: JAR debug plug-ins
Resolution: FIXED"
223992,"Product: Platform
Component: Debug
Severity: normal
Priority: P3
Summary: NPE from  ""Model Proxy installed notification job""
Resolution: FIXED"
310461,"Product: Platform
Component: UI
Severity: normal
Priority: P3
Summary: [Commands] [actions] 'Show In'  action works only once for IStructuredSelection
Resolution: FIXED"
43363,"Product: Platform
Component: Ant
Severity: normal
Priority: P2
Summary: Cannot use user's xerces to parse targets
Resolution: FIXED"
54605,"Product: PDE
Component: UI
Severity: normal
Priority: P3
Summary: Event Details dialog could be improved through SashLayout
Resolution: FIXED"
3940,"Product: JDT
Component: Debug
Severity: normal
Priority: P1
Summary: Keep getting Locate Source dialog (1GF6BU2)
Resolution: FIXED"
63713,"Product: Platform
Component: UI
Severity: normal
Priority: P2
Summary: [Preferences] Are dynamic projects supposed to just become referenced projects?
Resolution: FIXED"
91393,"Product: JDT
Component: Debug
Severity: normal
Priority: P3
Summary: VMDisconnectedException and IllegalStateException when running JDT Debug suite
Resolution: FIXED"
43277,"Product: JDT
Component: UI
Severity: enhancement
Priority: P2
Summary: [refactoring] [dcr] Move type to new file
Resolution: FIXED"
34156,"Product: JDT
Component: UI
Severity: normal
Priority: P3
Summary: new class wizard defaults to wrong project
Resolution: FIXED"
148424,"Product: JDT
Component: Debug
Severity: enhancement
Priority: P3
Summary: VM Capabilities only available from Target
Resolution: FIXED"
274694,"Product: PDE
Component: UI
Severity: normal
Priority: P2
Summary: [target] [editor] Target editor is dirty but can't save
Resolution: FIXED"
13844,"Product: Platform
Component: Compare
Severity: normal
Priority: P2
Summary: TextMergeViewer should keep track of its posted runnables
Resolution: FIXED"
72051,"Product: Platform
Component: UI
Severity: enhancement
Priority: P2
Summary: [Preferences] Distinguish between workspace preferences and application preferences
Resolution: FIXED"
95907,"Product: Platform
Component: CVS
Severity: critical
Priority: P1
Summary: Create Patch references stale information
Resolution: FIXED"
201563,"Product: Platform
Component: Search
Severity: normal
Priority: P3
Summary: icon for text match confusing
Resolution: FIXED"
356001,"Product: PDE
Component: UI
Severity: normal
Priority: P3
Summary: Parent shell incorrect for 'Plug-in Selection' dialog
Resolution: FIXED"
97173,"Product: JDT
Component: UI
Severity: normal
Priority: P3
Summary: Preferences: remove the Export>Java Development Preferences category
Resolution: FIXED"
340570,"Product: Platform
Component: Text
Severity: enhancement
Priority: P3
Summary: [rulers][api] Pull up #addVerticalRulerColumn and #removeVerticalRulerColumn from ProjectionViewer to SourceViewer
Resolution: FIXED"
376441,"Product: Platform
Component: UI
Severity: normal
Priority: P2
Summary: [Compatibility] IEvaluationService.requestEvaluation() does not call property tester as it used to
Resolution: FIXED"
19835,"Product: Platform
Component: UI
Severity: normal
Priority: P2
Summary: [MPE] MultiPageEditorPart.removePage() does not dispose controls
Resolution: FIXED"
382017,"Product: PDE
Component: API Tools
Severity: minor
Priority: P3
Summary: Add Eclipse-BundleShape: dir to api tools tests
Resolution: FIXED"
296589,"Product: JDT
Component: Text
Severity: normal
Priority: P3
Summary: [breadcrumb] Opening a file via breadcrumb does not retarget the status line
Resolution: FIXED"
42020,"Product: Platform
Component: Debug
Severity: normal
Priority: P3
Summary: Move ""Run in background"" to builders only
Resolution: FIXED"
166040,"Product: JDT
Component: Debug
Severity: normal
Priority: P3
Summary: CCE when importing debug preferences
Resolution: FIXED"
64114,"Product: Platform
Component: UI
Severity: normal
Priority: P2
Summary: CleanDialog needs to close before using busyCursorWhile()
Resolution: FIXED"
80336,"Product: Platform
Component: UI
Severity: normal
Priority: P2
Summary: [Preferences] Attributes that are not marked as translatable.
Resolution: FIXED"
66318,"Product: Platform
Component: UI
Severity: major
Priority: P2
Summary: Performance: Decorators cause bad type hierarchy performance
Resolution: FIXED"
18015,"Product: JDT
Component: UI
Severity: normal
Priority: P2
Summary: NPE in structured selection if file opened from repo
Resolution: FIXED"
117106,"Product: Platform
Component: Debug
Severity: normal
Priority: P3
Summary: [flex-hierarchy] null tree path with manually expanding thread
Resolution: FIXED"
39498,"Product: Platform
Component: UI
Severity: major
Priority: P2
Summary: [Tasks] default sorting order in Problems view is incorrect
Resolution: FIXED"
10956,"Product: JDT
Component: Debug
Severity: normal
Priority: P3
Summary: Default watchpoint settings
Resolution: FIXED"
89250,"Product: Platform
Component: UI
Severity: normal
Priority: P3
Summary: [Viewers] - API Review - LazySortedCollection review comments
Resolution: FIXED"
33069,"Product: Platform
Component: Ant
Severity: normal
Priority: P2
Summary: Stack traces using ant editor
Resolution: FIXED"
99235,"Product: Platform
Component: Ant
Severity: normal
Priority: P3
Summary: Fully qualified paths in antfile attribute do not open file
Resolution: FIXED"
165429,"Product: Platform
Component: Text
Severity: enhancement
Priority: P2
Summary: [misc] Need official icon for the 'Show Whitespace' tool bar action
Resolution: FIXED"
369487,"Product: JDT
Component: Core
Severity: normal
Priority: P3
Summary: [compiler][null] bug 247564: issues to follow up post review & verification.
Resolution: INVALID"
60445,"Product: Platform
Component: UI
Severity: normal
Priority: P1
Summary: [Progress] PROPERTY_IN_DIALOG not set to false when preference run in background is set
Resolution: FIXED"
135495,"Product: JDT
Component: Debug
Severity: critical
Priority: P3
Summary: Editing slows down while moving word (Ctrl+Right Arrow)
Resolution: FIXED"
264139,"Product: PDE
Component: UI
Severity: major
Priority: P3
Summary: 3.5M5 - Target platform variable support broken
Resolution: FIXED"
322914,"Product: JDT
Component: Text
Severity: major
Priority: P3
Summary: [implementation] deadlock in ASTProvider when copy paste in CU editor
Resolution: FIXED"
416723,"Product: PDE
Component: UI
Severity: critical
Priority: P3
Summary: Plug-in import wizard no longer shows bundles that are disabled in the target
Resolution: FIXED"
86275,"Product: Platform
Component: SWT
Severity: normal
Priority: P3
Summary: NPE in Shell.gtk_focus_out_event
Resolution: FIXED"
312646,"Product: PDE
Component: UI
Severity: normal
Priority: P3
Summary: empty feature list when 1 is selected
Resolution: FIXED"
208062,"Product: Platform
Component: Debug
Severity: normal
Priority: P3
Summary: First context menu has mysterious Run As/Debug As/Profile As menu entries
Resolution: FIXED"
23428,"Product: JDT
Component: Debug
Severity: normal
Priority: P2
Summary: Breakpoints removed too aggressively
Resolution: FIXED"
124257,"Product: Platform
Component: Debug
Severity: normal
Priority: P3
Summary: LCD insists on saving
Resolution: FIXED"
108107,"Product: Platform
Component: UI
Severity: normal
Priority: P2
Summary: [Progress] ArithmeticException when running search job
Resolution: FIXED"
12211,"Product: JDT
Component: Debug
Severity: normal
Priority: P1
Summary: copyright statements incorrect
Resolution: FIXED"
360128,"Product: JDT
Component: Debug
Severity: normal
Priority: P3
Summary: Set new text file line delimiter to Unix to prevent conflicts
Resolution: FIXED"
67424,"Product: Platform
Component: Text
Severity: major
Priority: P1
Summary: Deadlock in AnnotationPainter
Resolution: FIXED"
45831,"Product: JDT
Component: UI
Severity: enhancement
Priority: P3
Summary: [dnd] Used drag/drop for views to rearrange contents of file.
Resolution: FIXED"
34685,"Product: Platform
Component: Ant
Severity: normal
Priority: P3
Summary: Error indicated but no error squiggle or message
Resolution: FIXED"
16080,"Product: JDT
Component: Debug
Severity: normal
Priority: P2
Summary: classpath changes when JRE changes
Resolution: FIXED"
172735,"Product: Platform
Component: UI
Severity: normal
Priority: P3
Summary: [Viewers] regression? Selection not revealed in tree of launch configuration dialog
Resolution: FIXED"
421246,"Product: Platform
Component: SWT
Severity: normal
Priority: P3
Summary: StyledText: incorrect caret move in first/last line (OS X)
Resolution: FIXED"
149114,"Product: JDT
Component: UI
Severity: minor
Priority: P3
Summary: [quick fix] 'create class' quickfix with varargs finds wrong superclass
Resolution: FIXED"
20557,"Product: Platform
Component: Ant
Severity: enhancement
Priority: P2
Summary: Running an empty ant script takes about 2 seconds
Resolution: FIXED"
19545,"Product: JDT
Component: Debug
Severity: enhancement
Priority: P3
Summary: Launch error dialog should show command line and exception text
Resolution: FIXED"
32477,"Product: Platform
Component: Ant
Severity: normal
Priority: P2
Summary: Errors in external entities and nested external entities aren't supported by the editor outline
Resolution: FIXED"
99295,"Product: Platform
Component: Update  (deprecated - use RT>Equinox>p2)
Severity: normal
Priority: P2
Summary: Problems selecting 16x16 image from the WIndows *.ico
Resolution: FIXED"
120915,"Product: Platform
Component: User Assistance
Severity: normal
Priority: P3
Summary: [Help] Clicking on search result group shows XML document
Resolution: FIXED"
449467,"Product: JDT
Component: Core
Severity: major
Priority: P3
Summary: [1.8][compiler] Invalid lambda deserialization with anonymous class
Resolution: FIXED"
80707,"Product: Platform
Component: Ant
Severity: normal
Priority: P3
Summary: Make breakpoint / run mode check debug model specific
Resolution: FIXED"
95710,"Product: JDT
Component: Text
Severity: normal
Priority: P2
Summary: [implementation] Open NLS wizard can take minutes
Resolution: FIXED"
10506,"Product: Platform
Component: Debug
Severity: normal
Priority: P1
Summary: NPE in launch view
Resolution: FIXED"
7316,"Product: Platform
Component: Debug
Severity: normal
Priority: P3
Summary: Inconsistent casing for Show detail pane
Resolution: INVALID"
419021,"Product: Platform
Component: IDE
Severity: normal
Priority: P3
Summary: [EditorMgmt] EditorPart.setPartName leads to NPE
Resolution: FIXED"
64129,"Product: JDT
Component: Text
Severity: normal
Priority: P3
Summary: Highlight method exit points fail
Resolution: FIXED"
40754,"Product: Platform
Component: UI
Severity: major
Priority: P2
Summary: [Tasks] Imported Tasks marked as complete become unchangeable
Resolution: FIXED"
62995,"Product: Platform
Component: UI
Severity: normal
Priority: P3
Summary: [Progress] scheduled synchronizations stay in the progress view when terminated
Resolution: FIXED"
65075,"Product: Platform
Component: Ant
Severity: normal
Priority: P3
Summary: Outline not cleared when change to empty buildfile
Resolution: FIXED"
123787,"Product: Platform
Component: Compare
Severity: normal
Priority: P3
Summary: [Patch] Apply Patch error handling for invalid formats
Resolution: FIXED"
185673,"Product: Platform
Component: UI
Severity: major
Priority: P3
Summary: [Viewers] Mac only: In variables and expressions views, up/down keyboard navigation doesn't work correctly
Resolution: FIXED"
13852,"Product: JDT
Component: Core
Severity: critical
Priority: P1
Summary: Cannot generate EJB inheritance deployed code without debug info
Resolution: DUPLICATE"
67015,"Product: Platform
Component: Text
Severity: normal
Priority: P2
Summary: [validateEdit] To Upercase and To Lower case fails for read-only files
Resolution: FIXED"
33579,"Product: Platform
Component: Debug
Severity: normal
Priority: P2
Summary: NPE in launch view event handler on shutdown
Resolution: FIXED"
31898,"Product: JDT
Component: Debug
Severity: normal
Priority: P2
Summary: Error in the status bar without any text selected in the console
Resolution: FIXED"
363640,"Product: JDT
Component: Core
Severity: normal
Priority: P3
Summary: NO SUMMARY
Resolution: INVALID"
95279,"Product: Platform
Component: Update  (deprecated - use RT>Equinox>p2)
Severity: normal
Priority: P3
Summary: Selection count not updated
Resolution: FIXED"
7133,"Product: JDT
Component: Debug
Severity: normal
Priority: P1
Summary: Illegal references to Breakpoints view
Resolution: FIXED"
137172,"Product: JDT
Component: Text
Severity: normal
Priority: P2
Summary: [nls tooling] constant is falsely recognized as NLS key constant
Resolution: FIXED"
12785,"Product: Platform
Component: Debug
Severity: normal
Priority: P2
Summary: Select all in the details pane selects all variables
Resolution: FIXED"
24415,"Product: Platform
Component: Ant
Severity: normal
Priority: P2
Summary: Running an Ant script with console logging turned off writes to OS console
Resolution: FIXED"
273583,"Product: Platform
Component: IDE
Severity: normal
Priority: P2
Summary: [Markers] Most property tests in ui.ide expressions don't test element type
Resolution: FIXED"
257927,"Product: JDT
Component: UI
Severity: normal
Priority: P3
Summary: [build path] filtered trees don't show Clear button
Resolution: FIXED"
64579,"Product: Platform
Component: Text
Severity: normal
Priority: P3
Summary: [performance] Dispose runnable in ProjectionAnnotation leaks annotation
Resolution: FIXED"
319580,"Product: PDE
Component: UI
Severity: normal
Priority: P3
Summary: Open Plug-in Artifact dialog shows wrong labels
Resolution: FIXED"
210837,"Product: Platform
Component: UI
Severity: enhancement
Priority: P3
Summary: [CommonNavigator] Project Explorer doesn't open closed projects on double click
Resolution: FIXED"
268819,"Product: Platform
Component: UI
Severity: minor
Priority: P3
Summary: [WorkbenchLauncher] 'Workspaces' preference page's 'Remove' button should enable/disable itself more intelligently
Resolution: FIXED"
44752,"Product: JDT
Component: Debug
Severity: enhancement
Priority: P3
Summary: cannot modify applet parameter names in launch config
Resolution: FIXED"
76756,"Product: JDT
Component: UI
Severity: normal
Priority: P2
Summary: Project properties UI: Required projects can not be removed
Resolution: FIXED"
331303,"Product: Platform
Component: UI
Severity: normal
Priority: P3
Summary: [backport] Regression: Convert line delimiter action enablement is broken
Resolution: FIXED"
20857,"Product: Platform
Component: Ant
Severity: normal
Priority: P2
Summary: Problems with Ant classpath not being picked up
Resolution: FIXED"
63656,"Product: Platform
Component: UI
Severity: enhancement
Priority: P2
Summary: [Preferences] Make workbench preferences dialog accessible via API
Resolution: FIXED"
307143,"Product: PDE
Component: UI
Severity: normal
Priority: P3
Summary: timestamp attribute in launch configurations annoying when versioning .launch files
Resolution: FIXED"
433614,"Product: Platform
Component: Website
Severity: minor
Priority: P3
Summary: http://www.eclipse.org/eclipse/ should be updated to discuss Git instead of cvs
Resolution: FIXED"
40407,"Product: Platform
Component: UI
Severity: major
Priority: P2
Summary: ColorSelector needs an accessible listener
Resolution: FIXED"
19743,"Product: JDT
Component: UI
Severity: trivial
Priority: P3
Summary: Trademark requirement - ""Java"" as an adjective
Resolution: FIXED"
10096,"Product: JDT
Component: Debug
Severity: critical
Priority: P1
Summary: Eclipse not aware of launched JVM (JRockit 3.1.3)
Resolution: FIXED"
22203,"Product: JDT
Component: Core
Severity: critical
Priority: P2
Summary: More dependencies increase GUI waiting time [build path]
Resolution: FIXED"
6432,"Product: JDT
Component: UI
Severity: normal
Priority: P2
Summary: Shouldn't have to save Java files before renaming a resource.
Resolution: FIXED"
332713,"Product: JDT
Component: Core
Severity: normal
Priority: P3
Summary: [compiler][null]Bogus ""Null comparison always yields false""
Resolution: DUPLICATE"
393666,"Product: Platform
Component: Text
Severity: normal
Priority: P3
Summary: Update o.e.jface.text pom
Resolution: FIXED"
7269,"Product: Platform
Component: Team
Severity: normal
Priority: P1
Summary: Generating patches only works for existing files
Resolution: FIXED"
434943,"Product: Platform
Component: Resources
Severity: major
Priority: P3
Summary: New File/Folder wizard dialog broken for external file system providers
Resolution: FIXED"
7880,"Product: JDT
Component: Debug
Severity: normal
Priority: P1
Summary: Scrapbook page making IDE super slow
Resolution: FIXED"
400633,"Product: Platform
Component: Releng
Severity: normal
Priority: P2
Summary: Need to exit build on (bad) errors and send mail
Resolution: FIXED"
7507,"Product: JDT
Component: Debug
Severity: normal
Priority: P1
Summary: debugger keyboard shortcuts do not work in 20020109
Resolution: FIXED"
121328,"Product: Platform
Component: UI
Severity: normal
Priority: P3
Summary: [Databinding] [Metadata] unconventional internal package names in jface.databinding
Resolution: FIXED"
82397,"Product: JDT
Component: Debug
Severity: normal
Priority: P3
Summary: Use of deprecated method in JavaDetailFormatterPreferencePage
Resolution: FIXED"
23697,"Product: JDT
Component: UI
Severity: enhancement
Priority: P2
Summary: Extract Interface: return/argument type modification
Resolution: WORKSFORME"
61651,"Product: PDE
Component: UI
Severity: normal
Priority: P3
Summary: ClassCastException opening feature.xml from repository
Resolution: FIXED"
126874,"Product: Platform
Component: UI
Severity: enhancement
Priority: P3
Summary: [Viewers] Apidoc for setting ITableColorProvider missing
Resolution: FIXED"
29925,"Product: JDT
Component: Debug
Severity: normal
Priority: P2
Summary: Show qualified names action not in synch between tool bar & menu
Resolution: FIXED"
326988,"Product: PDE
Component: Doc
Severity: normal
Priority: P3
Summary: Explain 'scopepattern' and 'referencepattern' better on API Use Ant Task help page
Resolution: FIXED"
12134,"Product: Platform
Component: Debug
Severity: enhancement
Priority: P3
Summary: Closing a project should disable run and debug.
Resolution: FIXED"
273956,"Product: PDE
Component: UI
Severity: normal
Priority: P3
Summary: [target] [tests] Target tests failing in I Build
Resolution: FIXED"
222099,"Product: Platform
Component: UI
Severity: trivial
Priority: P3
Summary: javadoc warning in N20070310-0100
Resolution: FIXED"
139691,"Product: JDT
Component: Text
Severity: normal
Priority: P3
Summary: [navigation] Syntax highlighting broken in Declarations view
Resolution: FIXED"
9194,"Product: Platform
Component: Debug
Severity: normal
Priority: P1
Summary: Attempting to modify locked resource tree in BreakpointManager
Resolution: FIXED"
291166,"Product: PDE
Component: UI
Severity: normal
Priority: P3
Summary: Fatal error written to console while editing and/or saving plugin.xml
Resolution: FIXED"
88465,"Product: Platform
Component: Debug
Severity: normal
Priority: P3
Summary: VariableValueEditorManager does not need to be API
Resolution: FIXED"
12613,"Product: JDT
Component: Debug
Severity: normal
Priority: P3
Summary: Exception when on target workspace when starting eclipse
Resolution: FIXED"
19035,"Product: JDT
Component: UI
Severity: major
Priority: P2
Summary: Validating Javadoc location causes connection refused in .log
Resolution: FIXED"
123415,"Product: Platform
Component: UI
Severity: major
Priority: P1
Summary: [Commands] handlers: action set handlers stop working when two workbench windows open
Resolution: FIXED"
73779,"Product: Platform
Component: Debug
Severity: enhancement
Priority: P3
Summary: Allow browse in ""Add To Group"" dialog
Resolution: FIXED"
411926,"Product: PDE
Component: API Tools
Severity: normal
Priority: P3
Summary: Can't change API baseline location
Resolution: FIXED"
133024,"Product: JDT
Component: Core
Severity: normal
Priority: P3
Summary: [ast rewrite] ASTRewrite does not honor forced line splits
Resolution: FIXED"
73924,"Product: Platform
Component: Debug
Severity: normal
Priority: P3
Summary: Console can be removed before it's page is created
Resolution: FIXED"
383570,"Product: Platform
Component: UI
Severity: normal
Priority: P2
Summary: [Progress] Progress view duplicates job name
Resolution: FIXED"
168574,"Product: Platform
Component: Debug
Severity: normal
Priority: P3
Summary: Support for IElementMementoProvider on each element in a viewer
Resolution: FIXED"
23661,"Product: Platform
Component: Ant
Severity: enhancement
Priority: P2
Summary: [ExternalTools] Launching Ant on xml file that is in the active editor
Resolution: FIXED"
82566,"Product: Platform
Component: UI
Severity: normal
Priority: P2
Summary: [Preferences] Need a view preferences dialog
Resolution: FIXED"
89844,"Product: Platform
Component: User Assistance
Severity: normal
Priority: P2
Summary: Active help does not work in Help View
Resolution: FIXED"
68683,"Product: PDE
Component: UI
Severity: normal
Priority: P3
Summary: Schema transformer places <HTML> tag after <HEAD> stanza, it should be before it
Resolution: FIXED"
71956,"Product: Platform
Component: Ant
Severity: normal
Priority: P3
Summary: Setting selection in the outline updates editor twice
Resolution: FIXED"
164504,"Product: Platform
Component: UI
Severity: normal
Priority: P3
Summary: [Viewers] AssertionFailedException when removing element from tree
Resolution: FIXED"
36449,"Product: JDT
Component: UI
Severity: normal
Priority: P2
Summary: JUnit should constrain tests to selected project [JUnit]
Resolution: FIXED"
76285,"Product: Platform
Component: UI
Severity: normal
Priority: P2
Summary: [Perspectives] [ViewMgmt] Folder tab does not indicate current view when using multi-instance views
Resolution: FIXED"
61950,"Product: Platform
Component: UI
Severity: enhancement
Priority: P2
Summary: [Markers] Images being created twice potentially
Resolution: FIXED"
106157,"Product: Platform
Component: UI
Severity: normal
Priority: P2
Summary: [Progress] [Dialogs] Can't close error dialog
Resolution: FIXED"
175181,"Product: Platform
Component: UI
Severity: major
Priority: P1
Summary: NavigatorSaveablesServices NPEs on shutdown
Resolution: FIXED"
257537,"Product: Platform
Component: Debug
Severity: normal
Priority: P3
Summary: ConsolePlugin should consider modifying its getStandardDisplay() method
Resolution: FIXED"
24594,"Product: Platform
Component: Ant
Severity: normal
Priority: P1
Summary: Targets specified as arguments not recognized
Resolution: FIXED"
51648,"Product: JDT
Component: UI
Severity: normal
Priority: P2
Summary: ClassCastException after aborted local rename
Resolution: FIXED"
14641,"Product: Platform
Component: UI
Severity: enhancement
Priority: P2
Summary: [Navigator] Collapse all action
Resolution: FIXED"
167651,"Product: JDT
Component: Debug
Severity: major
Priority: P2
Summary: [vms] ArrayIndexOutOfBoundsException editing a source location
Resolution: FIXED"
41092,"Product: JDT
Component: Text
Severity: enhancement
Priority: P2
Summary: [navigation] provide 'Collapse All' action in Java Outline view
Resolution: FIXED"
223741,"Product: PDE
Component: Incubators
Severity: enhancement
Priority: P1
Summary: [ds] create tests for the core models
Resolution: FIXED"
187043,"Product: Platform
Component: Debug
Severity: normal
Priority: P3
Summary: TVT33:TCT179: ja: mnemonic displayed in the hover text (linux only)
Resolution: FIXED"
29843,"Product: Platform
Component: Debug
Severity: normal
Priority: P2
Summary: tooltip of the debug and run buttons displays ""Debu&g"" and ""Ru&n""
Resolution: FIXED"
132795,"Product: JDT
Component: Debug
Severity: normal
Priority: P3
Summary: [string variables] SelectedResourceManager leaks fSelectedText field when active editor is closed
Resolution: FIXED"
430829,"Product: Platform
Component: UI
Severity: normal
Priority: P3
Summary: [CSS] CSSEngine styles all pages of a MultiPageEditorPart, slowing down editor switching.
Resolution: FIXED"
33712,"Product: Platform
Component: Debug
Severity: normal
Priority: P1
Summary: ""The resource tree is locked for modifications"" from JavaDebugOptionsManager
Resolution: FIXED"
12636,"Product: JDT
Component: Debug
Severity: normal
Priority: P2
Summary: Unable to get evaluation context for Scrapbook pages
Resolution: FIXED"
30884,"Product: Platform
Component: Ant
Severity: normal
Priority: P2
Summary: PlantyCompletionProcessor does not handle external entities
Resolution: FIXED"
99695,"Product: JDT
Component: Doc
Severity: normal
Priority: P1
Summary: We need dedicated topics to link from the Welcome's Overview page
Resolution: FIXED"
142508,"Product: JDT
Component: UI
Severity: major
Priority: P2
Summary: [rename] Refactoring text search fails to find occurences preceeded by #
Resolution: FIXED"
106489,"Product: JDT
Component: Debug
Severity: normal
Priority: P3
Summary: CCE from watch Expression
Resolution: FIXED"
8815,"Product: JDT
Component: UI
Severity: normal
Priority: P2
Summary: Open Hierarchy does not set focus correctly
Resolution: FIXED"
434511,"Product: Platform
Component: PMC
Severity: enhancement
Priority: P3
Summary: Luna plan update 2
Resolution: FIXED"
253896,"Product: JDT
Component: Core
Severity: minor
Priority: P3
Summary: [compiler][null] wrong ""Null comparison always yields false"" problem for auto-unboxing
Resolution: FIXED"
16655,"Product: Platform
Component: Debug
Severity: normal
Priority: P3
Summary: Streams are not closed when a java program is finished
Resolution: FIXED"
166635,"Product: Platform
Component: UI
Severity: major
Priority: P3
Summary: [Viewers] DelegatingCellLabelProvider breaks OwnerDrawLabelProvider
Resolution: FIXED"
472126,"Product: Platform
Component: UI
Severity: normal
Priority: P2
Summary: Unusual comparator error in I-build and M-build
Resolution: FIXED"
399483,"Product: PDE
Component: API Tools
Severity: normal
Priority: P3
Summary: Test failures in recent builds
Resolution: FIXED"
378429,"Product: Platform
Component: Releng
Severity: normal
Priority: P2
Summary: branding plugins should have same ID as build, not ""buildtime""
Resolution: FIXED"
8750,"Product: JDT
Component: UI
Severity: enhancement
Priority: P2
Summary: delete last top-level type == remove cu
Resolution: FIXED"
186094,"Product: JDT
Component: UI
Severity: trivial
Priority: P3
Summary: [build path] Mark JRE_Lib as deprecated on java project preference page
Resolution: FIXED"
161483,"Product: Platform
Component: Text
Severity: normal
Priority: P2
Summary: [painting] AnnotationPainter repaints all annotations in entire document (even nonvisible annotations) when view is horizontally scrolled over
Resolution: FIXED"
71165,"Product: Platform
Component: UI
Severity: normal
Priority: P2
Summary: [BIDI] Application in RTL style
Resolution: FIXED"
42677,"Product: Platform
Component: Debug
Severity: normal
Priority: P3
Summary: an illegal breakpoint is flagged by too many bells and whistles
Resolution: FIXED"
182755,"Product: Platform
Component: UI
Severity: normal
Priority: P3
Summary: [DataBinding] infinite loop when binding to validation status
Resolution: FIXED"
101152,"Product: Platform
Component: UI
Severity: major
Priority: P2
Summary: [Progress] [regression]RC3 loops with NPE when 2 jobs fail with ERROR status
Resolution: FIXED"
55737,"Product: Platform
Component: UI
Severity: critical
Priority: P1
Summary: [KeyBindings] Delete key does not work in dialogs
Resolution: DUPLICATE"
90782,"Product: Platform
Component: Ant
Severity: major
Priority: P2
Summary: DBCS3.1: Internal error occurred retrieving targets
Resolution: FIXED"
4074,"Product: JDT
Component: UI
Severity: normal
Priority: P3
Summary: Add Import does not add to right group (1GI182E)
Resolution: FIXED"
74961,"Product: Platform
Component: UI
Severity: enhancement
Priority: P3
Summary: [Workbench] Need way to start eclipse with SWT in debug mode
Resolution: FIXED"
53634,"Product: JDT
Component: Debug
Severity: normal
Priority: P2
Summary: Non-default JRE libraries don't work when running an application...
Resolution: FIXED"
89985,"Product: JDT
Component: Text
Severity: normal
Priority: P3
Summary: [nls tooling] NPE in externalize string wizard
Resolution: FIXED"
405081,"Product: PDE
Component: UI
Severity: normal
Priority: P3
Summary: Default auto start true has no effect when selected_target_plugins/selected_workspace_plugins not set
Resolution: FIXED"
189472,"Product: PDE
Component: UI
Severity: normal
Priority: P3
Summary: [Site][Editors] Clipboard operations do not work in tree viewer on ""Site Map"" page
Resolution: FIXED"
10670,"Product: JDT
Component: Debug
Severity: enhancement
Priority: P3
Summary: Support for JDI v 1.3
Resolution: FIXED"
32176,"Product: JDT
Component: Debug
Severity: trivial
Priority: P2
Summary: Hyperlink on wrapped line draws line badly
Resolution: FIXED"
61145,"Product: Platform
Component: UI
Severity: major
Priority: P1
Summary: ErrorDialog not showing inner statuses
Resolution: FIXED"
114090,"Product: JDT
Component: UI
Severity: minor
Priority: P3
Summary: [javadoc] Incomplete example in the Javadoc Location project properties
Resolution: FIXED"
212013,"Product: JDT
Component: Core
Severity: normal
Priority: P3
Summary: [compiler][null] Wrong potential null pointer access warning
Resolution: DUPLICATE"
33272,"Product: Platform
Component: Ant
Severity: normal
Priority: P2
Summary: Leaking PlantyDocumentProviders
Resolution: FIXED"
114289,"Product: Platform
Component: UI
Severity: major
Priority: P3
Summary: [Viewers] First elements do not match in VirtualLazyTableViewerTest
Resolution: FIXED"
97212,"Product: JDT
Component: UI
Severity: normal
Priority: P3
Summary: Switching compliance should offer to switch JRE as well
Resolution: FIXED"
96070,"Product: Platform
Component: Text
Severity: normal
Priority: P3
Summary: [api][key bindings] Change FileBufferOperationHandler to enable org.eclipse.ui.handlers extension point
Resolution: FIXED"
409934,"Product: Platform
Component: UI
Severity: normal
Priority: P3
Summary: [Metadata] Enable API tools for the e4.core bundles
Resolution: FIXED"
137923,"Product: Platform
Component: Debug
Severity: normal
Priority: P3
Summary: Delete Launch Configurations dialog problems
Resolution: FIXED"
108793,"Product: JDT
Component: UI
Severity: normal
Priority: P3
Summary: [preferences] Widget gets enabeled when restore to defaults is pressed
Resolution: FIXED"
186291,"Product: JDT
Component: UI
Severity: normal
Priority: P3
Summary: [build path] Output folder on source folders gets stripped when project established in IDE
Resolution: FIXED"
428275,"Product: JDT
Component: Core
Severity: critical
Priority: P2
Summary: [1.8][compiler] CCE in InferenceContext18.varArgTypes
Resolution: FIXED"
15533,"Product: Platform
Component: Debug
Severity: normal
Priority: P3
Summary: DebugAction contains redundant cascade menu
Resolution: FIXED"
65762,"Product: Platform
Component: UI
Severity: major
Priority: P2
Summary: [Viewers] Need to back out of change to AbstractTreeViewer.isExpandable
Resolution: FIXED"
82502,"Product: Platform
Component: UI
Severity: normal
Priority: P2
Summary: [Markers] tasklist entries not showing up consistently
Resolution: FIXED"
17396,"Product: JDT
Component: UI
Severity: normal
Priority: P2
Summary: Organize import on multiple CUs flickers
Resolution: FIXED"
18892,"Product: JDT
Component: Debug
Severity: normal
Priority: P3
Summary: Changing primitive display options changes color
Resolution: FIXED"
20921,"Product: Platform
Component: Ant
Severity: normal
Priority: P2
Summary: [ExternalTools] Project properties runs autobuild for all projects
Resolution: FIXED"
18725,"Product: Platform
Component: UI
Severity: major
Priority: P2
Summary: Create name field does not have focus in new project wizard
Resolution: FIXED"
34663,"Product: Platform
Component: Ant
Severity: major
Priority: P2
Summary: Ant attempts to resolve taskdefs before resolving properties
Resolution: FIXED"
114740,"Product: JDT
Component: UI
Severity: normal
Priority: P3
Summary: [build path] Configuring JREs from New Java Project wizard does not update list
Resolution: FIXED"
56159,"Product: Platform
Component: UI
Severity: normal
Priority: P1
Summary: [KeyBindings] short cut key for prefs is same as next annotation
Resolution: FIXED"
175901,"Product: Platform
Component: UI
Severity: normal
Priority: P3
Summary: [DataBinding] Provide support for wizard pages
Resolution: FIXED"
36167,"Product: Platform
Component: Debug
Severity: enhancement
Priority: P3
Summary: Debugger Variables view limited when showing tabular data
Resolution: FIXED"
10652,"Product: Platform
Component: Debug
Severity: normal
Priority: P2
Summary: Remove action enabled when nothing to be removed
Resolution: FIXED"
4139,"Product: JDT
Component: UI
Severity: normal
Priority: P3
Summary: EC DCR: Code templates feature (1GIVMDV)
Resolution: FIXED"
404767,"Product: Platform
Component: UI
Severity: critical
Priority: P3
Summary: Exception in model processor leads to aborted launch
Resolution: FIXED"
87020,"Product: Platform
Component: UI
Severity: critical
Priority: P1
Summary: [KeyBindings] registry: NPE when starting Eclipse 20050301-1230`
Resolution: FIXED"
94915,"Product: Platform
Component: UI
Severity: normal
Priority: P2
Summary: [Preferences] Editors preference page shortly shows error status on first display
Resolution: FIXED"
6389,"Product: JDT
Component: Debug
Severity: critical
Priority: P1
Summary: System threads show suspended at startup
Resolution: FIXED"
337275,"Product: JDT
Component: Core
Severity: minor
Priority: P3
Summary: Incorrect/outdated javadoc for org.eclipse.jdt.core.dom.Expression
Resolution: FIXED"
152263,"Product: Platform
Component: Search
Severity: normal
Priority: P3
Summary: Search/Replace should allow insertion of a NewLine character sequence
Resolution: FIXED"
10758,"Product: JDT
Component: Debug
Severity: normal
Priority: P1
Summary: utilize classpath variable initializers
Resolution: FIXED"
5234,"Product: JDT
Component: Debug
Severity: normal
Priority: P3
Summary: Debugger doesn't stop on breakpoint
Resolution: DUPLICATE"
79713,"Product: Platform
Component: Debug
Severity: enhancement
Priority: P2
Summary: Persist/restore expansion state in the LCD
Resolution: FIXED"
9290,"Product: JDT
Component: Debug
Severity: normal
Priority: P1
Summary: Feature: dynamic pattern breakpoint
Resolution: FIXED"
440093,"Product: Platform
Component: IDE
Severity: normal
Priority: P3
Summary: [Import/Export] Button label truncation on Import/Export Preferences dialogs
Resolution: FIXED"
41940,"Product: Platform
Component: Debug
Severity: normal
Priority: P3
Summary: watch item not updated when enabled
Resolution: FIXED"
66467,"Product: JDT
Component: UI
Severity: normal
Priority: P3
Summary: Externalize Strings at end of file doesn't break lines correctly [refactoring] [nls]
Resolution: FIXED"
43542,"Product: Platform
Component: Ant
Severity: normal
Priority: P3
Summary: Ant home Browse button on the AntClasspath tab has incorrect layout
Resolution: FIXED"
106221,"Product: JDT
Component: UI
Severity: normal
Priority: P3
Summary: [jar exporter] Jar exporter generates unnecessary duplicate entry errors
Resolution: FIXED"
7631,"Product: JDT
Component: Debug
Severity: normal
Priority: P3
Summary: Adding watchpoint from packages view associates with project
Resolution: FIXED"
73272,"Product: Platform
Component: Debug
Severity: normal
Priority: P3
Summary: NPE in ProcessConsoleManager when no process type
Resolution: FIXED"
489768,"Product: Platform
Component: Doc
Severity: normal
Priority: P3
Summary: Migration guide info on the Welcome pages and in Help are not up to date
Resolution: FIXED"
172193,"Product: Platform
Component: UI
Severity: normal
Priority: P3
Summary: [DataBinding] Binding customization story
Resolution: FIXED"
84190,"Product: Platform
Component: Ant
Severity: normal
Priority: P3
Summary: NPE with taskdef
Resolution: FIXED"
205224,"Product: Platform
Component: UI
Severity: normal
Priority: P3
Summary: [Databinding] Removing LinkedList dependency from Realm
Resolution: FIXED"
45108,"Product: Platform
Component: UI
Severity: major
Priority: P2
Summary: [Contributions] SubContributionManger.find(String) throws exception
Resolution: FIXED"
97741,"Product: Platform
Component: Ant
Severity: normal
Priority: P3
Summary: Console created for same JRE builds when capture off
Resolution: FIXED"
7402,"Product: JDT
Component: UI
Severity: normal
Priority: P3
Summary: Packages view sorts case senstive
Resolution: FIXED"
248248,"Product: PDE
Component: UI
Severity: major
Priority: P3
Summary: Wrong invalid id reference reported
Resolution: FIXED"
134177,"Product: Platform
Component: Debug
Severity: normal
Priority: P2
Summary: Step Actions still check for IStep interface
Resolution: FIXED"
438751,"Product: PDE
Component: UI
Severity: critical
Priority: P3
Summary: [target][p2] Update function of target editor does not re-resolve target
Resolution: FIXED"
135777,"Product: Platform
Component: Text
Severity: enhancement
Priority: P2
Summary: [misc] need to adopt ICU4J APIs
Resolution: FIXED"
143811,"Product: Platform
Component: User Assistance
Severity: normal
Priority: P3
Summary: [Help] Invalid command links should report an error
Resolution: FIXED"
429044,"Product: Platform
Component: PMC
Severity: normal
Priority: P3
Summary: Update ""target environments"" table to specify version of GTK+ supported
Resolution: FIXED"
61602,"Product: Platform
Component: Ant
Severity: blocker
Priority: P3
Summary: ant.ui AntUtil not compiling in HEAD
Resolution: FIXED"
88204,"Product: PDE
Component: UI
Severity: normal
Priority: P3
Summary: [quick fix] Import QuickFix inappropriate for PDE project
Resolution: FIXED"
66330,"Product: Platform
Component: Debug
Severity: critical
Priority: P3
Summary: Remote Debug Connection not disconnected when JDIDebugModel.newDebugTarget(...) fails
Resolution: FIXED"
101445,"Product: JDT
Component: UI
Severity: normal
Priority: P3
Summary: E3.1RC3 User Library Prefs LoadSave  status msg
Resolution: FIXED"
7411,"Product: JDT
Component: Debug
Severity: normal
Priority: P2
Summary: Cannot add breakpoint on super()
Resolution: FIXED"
12310,"Product: Platform
Component: Debug
Severity: normal
Priority: P2
Summary: Need ability to determine if a breakpoint applies to a target
Resolution: FIXED"
33490,"Product: Platform
Component: UI
Severity: minor
Priority: P3
Summary: [About] Formatting of config details w.r.t. fragments
Resolution: FIXED"
91067,"Product: Platform
Component: Debug
Severity: normal
Priority: P2
Summary: Performance problem in Console View if more than one Console View is opened
Resolution: FIXED"
132255,"Product: Platform
Component: CVS
Severity: major
Priority: P1
Summary: Merge corrupted image
Resolution: FIXED"
94578,"Product: Platform
Component: Ant
Severity: normal
Priority: P3
Summary: Caching of location information for linking
Resolution: FIXED"
35769,"Product: JDT
Component: Text
Severity: major
Priority: P2
Summary: NPE when opening ClassFile Editor
Resolution: FIXED"
383110,"Product: JDT
Component: UI
Severity: normal
Priority: P2
Summary: [quick assist] Issues in ""Convert 'if-else' to 'switch'"" on String, Enum, and boxed types
Resolution: FIXED"
177684,"Product: Platform
Component: UI
Severity: normal
Priority: P3
Summary: [DataBinding] Make default converters and validators internal
Resolution: FIXED"
135641,"Product: Platform
Component: UI
Severity: normal
Priority: P3
Summary: [CommonNavigator] NPE when closing common navigator
Resolution: FIXED"
313922,"Product: PDE
Component: UI
Severity: critical
Priority: P1
Summary: empty 'Plug-in Dependencies' after checking out ""org.eclipse.jdt.apt.core""
Resolution: FIXED"
302077,"Product: JDT
Component: Text
Severity: major
Priority: P3
Summary: [projection] ClassCastException when pressing Ctrl+.
Resolution: FIXED"
123375,"Product: Platform
Component: UI
Severity: normal
Priority: P1
Summary: [DataBinding] Enhancements to the data binding framework
Resolution: FIXED"
106748,"Product: JDT
Component: Debug
Severity: normal
Priority: P3
Summary: details fail for interface defined in the default package
Resolution: FIXED"
39720,"Product: JDT
Component: UI
Severity: major
Priority: P3
Summary: Adding external jar to the Build Path of an existing Java project [build path]
Resolution: FIXED"
31561,"Product: Platform
Component: Ant
Severity: normal
Priority: P2
Summary: Parse build files faster
Resolution: FIXED"
18071,"Product: JDT
Component: UI
Severity: major
Priority: P1
Summary: Package Viewer: Too many refreshes
Resolution: FIXED"
50563,"Product: JDT
Component: UI
Severity: normal
Priority: P3
Summary: Pref page Java/Classpath Variables; ""n"" as mnemonic for ""New...""
Resolution: FIXED"
55419,"Product: JDT
Component: Debug
Severity: enhancement
Priority: P3
Summary: Generalize compilation error detection for other launchers
Resolution: FIXED"
70999,"Product: Platform
Component: UI
Severity: normal
Priority: P2
Summary: [ActivityMgmt] Saving of activity preferences happens on shutdown
Resolution: FIXED"
155805,"Product: Platform
Component: UI
Severity: normal
Priority: P3
Summary: [refactoring] Status line permanently shows ""Building Workspace"" while rename dialog is up
Resolution: FIXED"
416107,"Product: JDT
Component: Core
Severity: normal
Priority: P3
Summary: Incomplete error message for member interface and annotation
Resolution: FIXED"
124201,"Product: Platform
Component: UI
Severity: normal
Priority: P3
Summary: [Viewers] Additional baheviour for TreeSelection
Resolution: FIXED"
83131,"Product: Platform
Component: Ant
Severity: normal
Priority: P3
Summary: Build fails if only running the implicit target
Resolution: FIXED"
81349,"Product: JDT
Component: Text
Severity: major
Priority: P2
Summary: [nls tooling] Properties File editor does not properly color continuation lines
Resolution: FIXED"
231360,"Product: JDT
Component: Text
Severity: normal
Priority: P3
Summary: [breadcrumb] Multiple dropdown shells from breadcrumbs
Resolution: FIXED"
62208,"Product: Platform
Component: UI
Severity: normal
Priority: P2
Summary: Programmatic enabling of decorators doesn't take
Resolution: FIXED"
183887,"Product: Platform
Component: Debug
Severity: normal
Priority: P3
Summary: NPE in DefaultVariableViewModelProxy
Resolution: FIXED"
180496,"Product: JDT
Component: Debug
Severity: major
Priority: P1
Summary: Use the new ClasspathContainerInitializer API for the JRE
Resolution: FIXED"
57749,"Product: JDT
Component: Core
Severity: normal
Priority: P2
Summary: Search in working copies doesn't find all matches
Resolution: FIXED"
30333,"Product: Platform
Component: Debug
Severity: normal
Priority: P2
Summary: Problem when multiple debug events occur at the same time
Resolution: FIXED"
60690,"Product: Platform
Component: UI
Severity: normal
Priority: P2
Summary: [Decorators] Decorator enablement does not work for super-interfaces
Resolution: FIXED"
7120,"Product: JDT
Component: Debug
Severity: normal
Priority: P3
Summary: NPE during shutdown of DebugUIPlugin
Resolution: FIXED"
50558,"Product: JDT
Component: UI
Severity: normal
Priority: P3
Summary: Typo on Type Filters pref page
Resolution: FIXED"
77253,"Product: Platform
Component: Debug
Severity: enhancement
Priority: P3
Summary: Sort the consoles in the Open console dropdown
Resolution: FIXED"
466943,"Product: Platform
Component: SWT
Severity: major
Priority: P1
Summary: Bogus UI freeze logged on Mac when opening a view menu
Resolution: FIXED"
117072,"Product: Platform
Component: Debug
Severity: normal
Priority: P2
Summary: [flex-hierarchy] suspend event may occurr before proxy installed
Resolution: FIXED"
53677,"Product: Platform
Component: Debug
Severity: normal
Priority: P3
Summary: Remove ""debug popup"" scope when dialogs support key bindings
Resolution: FIXED"
80721,"Product: Platform
Component: Debug
Severity: normal
Priority: P3
Summary: Conflicting key binding for 'org.eclipse.debug.ui.commands.eof' and 'org.eclipse.ui.edit.text.delete.line'
Resolution: FIXED"
145784,"Product: JDT
Component: UI
Severity: critical
Priority: P3
Summary: [build path] BuildPathSupport is violating ClasspathContainerInitializer api contract
Resolution: FIXED"
37653,"Product: Platform
Component: Ant
Severity: normal
Priority: P3
Summary: ant.home is not set
Resolution: FIXED"
80781,"Product: Platform
Component: UI
Severity: trivial
Priority: P3
Summary: [Import/Export] Group boxes should not use colons
Resolution: FIXED"
132217,"Product: Platform
Component: UI
Severity: normal
Priority: P2
Summary: [Markers] invalid thread access in Problems view
Resolution: FIXED"
68774,"Product: Platform
Component: UI
Severity: critical
Priority: P1
Summary: [Perspectives] NPE in PerspectiveSwitcher.setCoolItemSize() when coolbar hidden
Resolution: FIXED"
6561,"Product: JDT
Component: UI
Severity: normal
Priority: P1
Summary: Refactoring preview screen all over the srceen
Resolution: FIXED"
14882,"Product: JDT
Component: Debug
Severity: normal
Priority: P3
Summary: New launch configs with a project but no main type are not fully initialized
Resolution: FIXED"
230128,"Product: JDT
Component: UI
Severity: normal
Priority: P3
Summary: [quick assist] ClassCastException in QuickAssistProcessor.getAddBlockProposals
Resolution: FIXED"
47133,"Product: Platform
Component: Ant
Severity: normal
Priority: P3
Summary: Non-Java project Ant build defaults to same VM
Resolution: FIXED"
35755,"Product: JDT
Component: Core
Severity: normal
Priority: P2
Summary: Search in hierarchy misses dependent projects
Resolution: FIXED"
66953,"Product: JDT
Component: Text
Severity: normal
Priority: P2
Summary: [hovering] annotation roll-over: no icon for some annotations
Resolution: FIXED"
31882,"Product: JDT
Component: Debug
Severity: normal
Priority: P2
Summary: use POST_AUTO_BUILD listener for breakpoint update
Resolution: FIXED"
38951,"Product: JDT
Component: Core
Severity: major
Priority: P1
Summary: NPE in editor while saving contents
Resolution: FIXED"
38649,"Product: Platform
Component: Debug
Severity: normal
Priority: P2
Summary: Plugin.xml and schema validation
Resolution: FIXED"
11163,"Product: JDT
Component: Debug
Severity: critical
Priority: P3
Summary: launcher on linux looks for 'javaw.exe' instead of 'javaw'
Resolution: FIXED"
25177,"Product: JDT
Component: UI
Severity: major
Priority: P3
Summary: cannot copy paste or dnd outside of classpath [ccp]
Resolution: FIXED"
62798,"Product: Platform
Component: Debug
Severity: normal
Priority: P3
Summary: Ok to launch Yes/No should also honor cancel
Resolution: FIXED"
82488,"Product: JDT
Component: Debug
Severity: normal
Priority: P2
Summary: Open type does not work for enums
Resolution: FIXED"
31163,"Product: Platform
Component: UI
Severity: normal
Priority: P2
Summary: [Navigator] Go to Resource dialog shows nothing when using * wildcard
Resolution: FIXED"
64357,"Product: Platform
Component: Search
Severity: normal
Priority: P2
Summary: Strange message when doing file search
Resolution: FIXED"
83229,"Product: JDT
Component: UI
Severity: normal
Priority: P3
Summary: [quick assist] Rename in File does not work for enum inside generic class
Resolution: FIXED"
50071,"Product: Platform
Component: UI
Severity: normal
Priority: P2
Summary: [Tasks] Got  AssertionFailedException
Resolution: FIXED"
82875,"Product: Platform
Component: Ant
Severity: normal
Priority: P3
Summary: Stack frames for external targets mapped to incorrect file
Resolution: FIXED"
1695,"Product: JDT
Component: Debug
Severity: normal
Priority: P2
Summary: DCR: support process/thread specific breakpoints (1GIYJTQ)
Resolution: FIXED"
35379,"Product: JDT
Component: UI
Severity: major
Priority: P2
Summary: (possibly regression) Moving to default package adds "".*"" import[ccp]
Resolution: FIXED"
120606,"Product: JDT
Component: Debug
Severity: normal
Priority: P2
Summary: [variables] Static variables disappeared after clicking a variable
Resolution: FIXED"
8362,"Product: JDT
Component: Debug
Severity: normal
Priority: P3
Summary: Usability: Add exception computes hierarchy on each key stroke
Resolution: FIXED"
70170,"Product: Platform
Component: UI
Severity: normal
Priority: P2
Summary: [Schemas] Generated class for view extension does not extend ViewPart
Resolution: FIXED"
99703,"Product: Platform
Component: Ant
Severity: normal
Priority: P3
Summary: incorrect line terminators with windows install of ant 1.6.4
Resolution: FIXED"
367959,"Product: JDT
Component: Core
Severity: critical
Priority: P3
Summary: Could not open selected VM debug port (8700) - Android ADT
Resolution: WORKSFORME"
164475,"Product: Platform
Component: UI
Severity: normal
Priority: P1
Summary: [Viewers] v3.2/v3.3 TableViewer sort performance much slower than v3.0.1
Resolution: FIXED"
76812,"Product: JDT
Component: Debug
Severity: critical
Priority: P1
Summary: Vm detection fails on Linux
Resolution: FIXED"
54799,"Product: JDT
Component: UI
Severity: major
Priority: P3
Summary: NPE in QuickAssistLightBulbUpdater.hasQuickFixLightBulb(QuickAssistLightBulbUpdater
Resolution: FIXED"
11612,"Product: Platform
Component: Debug
Severity: normal
Priority: P2
Summary: Agressive clearing of instruction pointer
Resolution: FIXED"
29815,"Product: Platform
Component: Ant
Severity: normal
Priority: P2
Summary: Ant artwork
Resolution: FIXED"
104558,"Product: Platform
Component: UI
Severity: major
Priority: P3
Summary: [Workbench] [RCP] Default values for WorkbenchWindow.getPerspectiveBarVisible/CoolBarVisible do not match the values provided by the configurer
Resolution: FIXED"
47140,"Product: Platform
Component: Ant
Severity: normal
Priority: P3
Summary: Ant editor missing current line highlight
Resolution: FIXED"
80570,"Product: Platform
Component: UI
Severity: normal
Priority: P2
Summary: [Dialogs] Low Vision test - hover test is not present for icons in MessageDialogs
Resolution: FIXED"
355041,"Product: Platform
Component: User Assistance
Severity: major
Priority: P3
Summary: [Help][Context] NPE when pressing F1 in wizard without title
Resolution: FIXED"
307170,"Product: PDE
Component: UI
Severity: normal
Priority: P3
Summary: The Plug-in Manifest Editor seems to duplicate the quick fix menu
Resolution: FIXED"
6696,"Product: JDT
Component: UI
Severity: normal
Priority: P1
Summary: Code completion should indicate deprecated methods
Resolution: FIXED"
1730,"Product: JDT
Component: Debug
Severity: normal
Priority: P3
Summary: debug.core missing plugin.properties file (1GKEYJY)
Resolution: FIXED"
46704,"Product: Platform
Component: Text
Severity: normal
Priority: P2
Summary: Annotation highlight update problem
Resolution: FIXED"
349336,"Product: JDT
Component: UI
Severity: enhancement
Priority: P2
Summary: [1.7][quick fix] Suggest to use <> where applicable
Resolution: FIXED"
10637,"Product: JDT
Component: Debug
Severity: normal
Priority: P2
Summary: ""currently active project"" should be the ""current working directory""
Resolution: FIXED"
121772,"Product: Platform
Component: UI
Severity: major
Priority: P3
Summary: [Viewers] ClassCastException opening file from Navigator
Resolution: FIXED"
148859,"Product: JDT
Component: Core
Severity: major
Priority: P1
Summary: [model][delta] Package Explorer only shows default package after import
Resolution: FIXED"
65237,"Product: JDT
Component: UI
Severity: normal
Priority: P3
Summary: JavaModelException on Generate Constructor using Fields
Resolution: FIXED"
389273,"Product: Platform
Component: Releng
Severity: normal
Priority: P1
Summary: Update EMF base pre-req for Juno SR1 to R201209110500
Resolution: FIXED"
373571,"Product: JDT
Component: Core
Severity: major
Priority: P3
Summary: [null][regression] Incorrect application of null annotations to primitive types
Resolution: FIXED"
134518,"Product: Platform
Component: Team
Severity: normal
Priority: P2
Summary: [Model Sync] Allow models to group related changes using change sets
Resolution: FIXED"
91516,"Product: JDT
Component: Debug
Severity: normal
Priority: P2
Summary: An internal error occurred during: ""Launching"".
Resolution: FIXED"
66479,"Product: JDT
Component: UI
Severity: major
Priority: P2
Summary: Copy refactoring should use container encoding to create new file
Resolution: FIXED"
347668,"Product: PDE
Component: UI
Severity: normal
Priority: P3
Summary: [target] NPE in LoadTargetDefinitionJob#handleReload
Resolution: FIXED"
95585,"Product: JDT
Component: Debug
Severity: normal
Priority: P2
Summary: Couldn't set breakpoint anymore
Resolution: FIXED"
374021,"Product: Platform
Component: UI
Severity: normal
Priority: P3
Summary: [Compatibility] Window > New Window from window with no perspective fails
Resolution: FIXED"
64775,"Product: Platform
Component: UI
Severity: normal
Priority: P2
Summary: [Progress] progress view showing busy, but view is empty
Resolution: FIXED"
177303,"Product: Platform
Component: Debug
Severity: critical
Priority: P1
Summary: [launching] ContextLaunchingResourceManager slows down structured selection changes and part activations
Resolution: FIXED"
50768,"Product: JDT
Component: Text
Severity: normal
Priority: P2
Summary: [navigation] outline popup cannot be scrolled
Resolution: FIXED"
24720,"Product: JDT
Component: Debug
Severity: enhancement
Priority: P3
Summary: ReferenceTypeImpl performance issue
Resolution: FIXED"
84380,"Product: Platform
Component: Text
Severity: major
Priority: P2
Summary: [implementation] Save As doesn't work when the replacing a file that already exists
Resolution: FIXED"
408200,"Product: Platform
Component: CVS
Severity: normal
Priority: P3
Summary: Fix errors in Team test plugin.xml files
Resolution: FIXED"
128176,"Product: Platform
Component: Ant
Severity: normal
Priority: P3
Summary: ant editor: Property rename doesn't find unless-attribute of fail task.
Resolution: FIXED"
6020,"Product: Platform
Component: Ant
Severity: normal
Priority: P2
Summary: Tasks calling System.exit crash Eclipse
Resolution: FIXED"
98805,"Product: Platform
Component: UI
Severity: minor
Priority: P2
Summary: [Doc] Some packages missing package.html
Resolution: FIXED"
57519,"Product: Platform
Component: Debug
Severity: enhancement
Priority: P3
Summary: Console should bold title when new output is available
Resolution: FIXED"
162856,"Product: JDT
Component: UI
Severity: normal
Priority: P3
Summary: [build path] new project from existing sources in the workspace
Resolution: FIXED"
46734,"Product: Platform
Component: Ant
Severity: normal
Priority: P3
Summary: No error logged if Build logger incompatible instance
Resolution: FIXED"
17541,"Product: PDE
Component: UI
Severity: normal
Priority: P2
Summary: The ""Optional URL"" text field is invisible on Linux
Resolution: FIXED"
89333,"Product: JDT
Component: UI
Severity: normal
Priority: P3
Summary: [formatter] Changing a code formatter profile does not correctly update project -specific  settings
Resolution: FIXED"
25213,"Product: Platform
Component: Ant
Severity: normal
Priority: P2
Summary: -propertyfile should not abort build if the property file is not found
Resolution: FIXED"
152836,"Product: Platform
Component: Text
Severity: enhancement
Priority: P2
Summary: [api] Push down rulerColumn code into AbstractTextEditor
Resolution: FIXED"
63223,"Product: Platform
Component: UI
Severity: normal
Priority: P3
Summary: Use null to clear message text instead of empty string
Resolution: FIXED"
250629,"Product: JDT
Component: Text
Severity: major
Priority: P3
Summary: [content assist] Selected proposal kinds not restored
Resolution: FIXED"
174441,"Product: Platform
Component: User Assistance
Severity: major
Priority: P3
Summary: [Forms] FormColors broken in 3.3 M5
Resolution: FIXED"
124017,"Product: Platform
Component: Debug
Severity: normal
Priority: P2
Summary: NPE after deleting config from LCD
Resolution: FIXED"
38749,"Product: Platform
Component: Debug
Severity: normal
Priority: P2
Summary: NPE from DebugActionGroupsContentProvider on Platform Runtime Binary
Resolution: FIXED"
117698,"Product: JDT
Component: UI
Severity: major
Priority: P2
Summary: [reorg] exceptions when moving a CU in Package Explorer [refactoring]
Resolution: FIXED"
17859,"Product: JDT
Component: UI
Severity: normal
Priority: P1
Summary: Missing icon after renaming a type in the Java Browsing perspective
Resolution: FIXED"
100244,"Product: JDT
Component: UI
Severity: normal
Priority: P3
Summary: [package explorer] Callers to #members need to check accessibility
Resolution: FIXED"
84238,"Product: JDT
Component: Core
Severity: normal
Priority: P3
Summary: [1.5] EnumDeclaration.ENUM_CONSTANTS_PROPERTY incorrectly rewritten
Resolution: FIXED"
13549,"Product: JDT
Component: UI
Severity: enhancement
Priority: P3
Summary: Can create getter setter for boolean variables be smart enough to make an isXXX() ""getter""?
Resolution: FIXED"
70040,"Product: Platform
Component: Text
Severity: enhancement
Priority: P2
Summary: [navigation] Request addition of emacs recenter command for text editing
Resolution: FIXED"
280427,"Product: Platform
Component: Doc
Severity: minor
Priority: P3
Summary: ""Configuring accessibility options for textual editors"" is not in TOC
Resolution: FIXED"
344545,"Product: PDE
Component: UI
Severity: normal
Priority: P3
Summary: 'Append launch configuration name' feature might not work
Resolution: FIXED"
223147,"Product: Platform
Component: Text
Severity: enhancement
Priority: P3
Summary: API's to enable/disable colored labels for code assist
Resolution: FIXED"
218120,"Product: PDE
Component: UI
Severity: normal
Priority: P3
Summary: Compiler warnings in I20080206-1300
Resolution: FIXED"
31876,"Product: Platform
Component: Ant
Severity: normal
Priority: P2
Summary: ClassCastException code assisting in Ant Editor
Resolution: FIXED"
233040,"Product: Platform
Component: Debug
Severity: critical
Priority: P3
Summary: ConsoleTerminateAction performed in UI thread, occasionally lags
Resolution: FIXED"
1578,"Product: JDT
Component: Debug
Severity: enhancement
Priority: P1
Summary: README: breakpoints in class with same name (1GDXNGO)
Resolution: FIXED"
328601,"Product: JDT
Component: Text
Severity: normal
Priority: P2
Summary: [nls tooling] NLS Hover writes IAE to log
Resolution: FIXED"
276859,"Product: Platform
Component: Text
Severity: normal
Priority: P3
Summary: [block selection] IAE in DefaultDocumentAdapter.getLine(..) on Backspace after Select All
Resolution: FIXED"
99864,"Product: Platform
Component: UI
Severity: normal
Priority: P2
Summary: [Viewers] NPE in DeferredTreeContentManager$1.isParent
Resolution: FIXED"
480911,"Product: Platform
Component: SWT
Severity: normal
Priority: P3
Summary: [GTK3] Icons in Quick Access view are positioned wrongly
Resolution: FIXED"
11161,"Product: JDT
Component: Debug
Severity: critical
Priority: P1
Summary: Resource tree locked
Resolution: FIXED"
208640,"Product: PDE
Component: UI
Severity: normal
Priority: P3
Summary: [logview] weird empty space at the bottom of view
Resolution: FIXED"
8294,"Product: Platform
Component: Debug
Severity: normal
Priority: P3
Summary: ""Debug History"" and ""Run History"" have empty submenus
Resolution: FIXED"
31465,"Product: JDT
Component: Debug
Severity: major
Priority: P2
Summary: Stack frame update error
Resolution: FIXED"
79919,"Product: JDT
Component: Debug
Severity: normal
Priority: P2
Summary: Process terminated, VM left hanging
Resolution: FIXED"
34001,"Product: Platform
Component: Ant
Severity: normal
Priority: P3
Summary: Warn user when specifies Xerces on Ant runtime classpath
Resolution: FIXED"
335481,"Product: e4
Component: UI
Severity: blocker
Priority: P3
Summary: [releng] 4.1 I20110125-2200 doesn't have stuff I see in 3.7 I20110124-1800
Resolution: FIXED"
458954,"Product: Platform
Component: Doc
Severity: trivial
Priority: P3
Summary: Touch ISV doc to force Javadoc regeneration for 4.4.2
Resolution: FIXED"
429653,"Product: Platform
Component: UI
Severity: normal
Priority: P3
Summary: [CSS] java.lang.NegativeArraySizeException  in CSSSWTColorHelper
Resolution: FIXED"
51007,"Product: Platform
Component: Ant
Severity: normal
Priority: P3
Summary: Review the ""remove Xerces"" code in AntRunner
Resolution: FIXED"
26523,"Product: Platform
Component: Ant
Severity: normal
Priority: P2
Summary: NPE in getHyperLink
Resolution: FIXED"
393192,"Product: JDT
Component: Core
Severity: major
Priority: P2
Summary: Incomplete type hierarchy with > 10 annotations
Resolution: FIXED"
60829,"Product: Platform
Component: UI
Severity: blocker
Priority: P1
Summary: [KeyBindings] Key bindings not updated properly in PDE editors
Resolution: FIXED"
125374,"Product: Platform
Component: Debug
Severity: enhancement
Priority: P3
Summary: support trees with columns
Resolution: FIXED"
137210,"Product: Platform
Component: Team
Severity: normal
Priority: P2
Summary: [History View] History View should dispose of pages
Resolution: FIXED"
292294,"Product: PDE
Component: UI
Severity: normal
Priority: P3
Summary: Dynamic help not working on extension point template configuration dialog
Resolution: FIXED"
81229,"Product: Platform
Component: UI
Severity: normal
Priority: P2
Summary: [Dialogs] wizard banner resizing causes jumpy dialog
Resolution: FIXED"
97710,"Product: Platform
Component: Ant
Severity: minor
Priority: P3
Summary: Pref Page Ant/Editor/Code Assist - enablement after ""Restore Defaults""
Resolution: FIXED"
11569,"Product: JDT
Component: Debug
Severity: normal
Priority: P2
Summary: Method breakpoint cause stop on anonymous and local subtype method
Resolution: FIXED"
10782,"Product: JDT
Component: Debug
Severity: critical
Priority: P1
Summary: Exception applying changes to Launch Configuration
Resolution: FIXED"
20305,"Product: Platform
Component: Update  (deprecated - use RT>Equinox>p2)
Severity: major
Priority: P1
Summary: F3 build, Update test C6, wrong permissions on updated SWT libraries
Resolution: FIXED"
136516,"Product: JDT
Component: Debug
Severity: normal
Priority: P3
Summary: recognize J9 foundation JREs
Resolution: FIXED"
24464,"Product: JDT
Component: Debug
Severity: normal
Priority: P3
Summary: Check for not compatible values in the JDI client
Resolution: FIXED"
3622,"Product: JDT
Component: UI
Severity: major
Priority: P3
Summary: New Package Wizard has confusing message (1GD0L9O)
Resolution: FIXED"
57868,"Product: JDT
Component: Text
Severity: normal
Priority: P2
Summary: [typing] copy fails when using ctrl to select text
Resolution: FIXED"
6498,"Product: Platform
Component: Ant
Severity: enhancement
Priority: P2
Summary: [ExternalTools] selecting and building individual targets in ANT scripts
Resolution: FIXED"
119917,"Product: Platform
Component: Text
Severity: major
Priority: P2
Summary: [implementation] AbstractControlContentAssistSubjectAdapter - leaks Regions
Resolution: FIXED"
111058,"Product: Platform
Component: UI
Severity: enhancement
Priority: P2
Summary: [Markers] Need pluggable columns for problems
Resolution: FIXED"
332124,"Product: JDT
Component: Text
Severity: normal
Priority: P3
Summary: [syntax highlighting] Semantic highlighting sometimes doesn't appear in class file editor
Resolution: FIXED"
6990,"Product: JDT
Component: Debug
Severity: critical
Priority: P1
Summary: Display action linked to editor when focus in Display view
Resolution: FIXED"
10778,"Product: Platform
Component: Debug
Severity: normal
Priority: P2
Summary: Launch configuration names should be trimmed
Resolution: FIXED"
177819,"Product: JDT
Component: Core
Severity: critical
Priority: P1
Summary: Jar files added to a plugin are ignored
Resolution: FIXED"
360642,"Product: JDT
Component: Text
Severity: enhancement
Priority: P3
Summary: Allow to associate an editor to class files which have no source
Resolution: FIXED"
18474,"Product: Platform
Component: Debug
Severity: normal
Priority: P3
Summary: Empty group in history menus
Resolution: FIXED"
3762,"Product: JDT
Component: UI
Severity: major
Priority: P2
Summary: Last red x annotation not removed. (1GEP8JW)
Resolution: FIXED"
391273,"Product: Platform
Component: Releng
Severity: normal
Priority: P2
Summary: Add HPUX.ia64 build to 4.3
Resolution: FIXED"
462998,"Product: JDT
Component: Debug
Severity: enhancement
Priority: P3
Summary: Enable unit tests on gerrit
Resolution: FIXED"
29409,"Product: JDT
Component: Debug
Severity: normal
Priority: P3
Summary: Ctrl+Q to inspect doesn't work
Resolution: FIXED"
89475,"Product: Platform
Component: Text
Severity: major
Priority: P2
Summary: [projection] selection preservation not properly handled
Resolution: FIXED"
63163,"Product: JDT
Component: Debug
Severity: normal
Priority: P3
Summary: NPE when searching for JREs
Resolution: FIXED"
160749,"Product: Platform
Component: Debug
Severity: normal
Priority: P3
Summary: Can't set a breakpoint on the first line of an editor
Resolution: FIXED"
11453,"Product: JDT
Component: UI
Severity: normal
Priority: P2
Summary: rename temp: incorrectly dissallowed
Resolution: FIXED"
17945,"Product: Platform
Component: UI
Severity: enhancement
Priority: P2
Summary: [Working Sets]  Directly edit a working set
Resolution: FIXED"
114344,"Product: Platform
Component: Search
Severity: enhancement
Priority: P3
Summary: Search and Replace option to have Smart Case Replacement option
Resolution: FIXED"
42110,"Product: Platform
Component: Search
Severity: major
Priority: P2
Summary: ClassCastException in Java Search with package working set
Resolution: FIXED"
58942,"Product: Platform
Component: UI
Severity: normal
Priority: P2
Summary: Rewording in blocked jobs dialog
Resolution: FIXED"
227544,"Product: Platform
Component: UI
Severity: normal
Priority: P3
Summary: [DataBinding] provisional internal packages should be tagged as x-internal:= true
Resolution: FIXED"
7606,"Product: JDT
Component: Debug
Severity: normal
Priority: P3
Summary: Launch configuration tests are failing
Resolution: FIXED"
93927,"Product: Platform
Component: Debug
Severity: normal
Priority: P3
Summary: Add keywords to preference pages
Resolution: FIXED"
202044,"Product: PDE
Component: UI
Severity: normal
Priority: P3
Summary: Refactor LogView into a new plug-in
Resolution: FIXED"
34922,"Product: Platform
Component: Ant
Severity: normal
Priority: P3
Summary: Typos
Resolution: FIXED"
167204,"Product: Platform
Component: UI
Severity: normal
Priority: P3
Summary: [DataBinding] Ensure that getterCalled() is invoked correctly in WritableList
Resolution: FIXED"
39981,"Product: JDT
Component: Debug
Severity: normal
Priority: P3
Summary: Mneumonic on the JRE tab
Resolution: FIXED"
65681,"Product: Platform
Component: Resources
Severity: normal
Priority: P3
Summary: Fragment name appears as %fragmentName in plugin details dialog
Resolution: FIXED"
82798,"Product: Platform
Component: UI
Severity: normal
Priority: P2
Summary: TableViewer internalRefresh is very slow as of 1.19
Resolution: FIXED"
27830,"Product: Platform
Component: Debug
Severity: normal
Priority: P3
Summary: Use IActionDelegate2
Resolution: FIXED"
33043,"Product: Platform
Component: Ant
Severity: normal
Priority: P2
Summary: Custom types are broken
Resolution: FIXED"
403040,"Product: Platform
Component: Search
Severity: major
Priority: P3
Summary: NPE on clicking the 'Search' tool button
Resolution: FIXED"
20243,"Product: Platform
Component: User Assistance
Severity: normal
Priority: P2
Summary: Javascript error when going back from external link
Resolution: FIXED"
94987,"Product: Platform
Component: Text
Severity: enhancement
Priority: P2
Summary: [api][preferences] Support new default line separator API.
Resolution: FIXED"
34689,"Product: Platform
Component: Update  (deprecated - use RT>Equinox>p2)
Severity: normal
Priority: P2
Summary: 2.1 RC2; No F1 for Web Updates preference page.
Resolution: FIXED"
44535,"Product: JDT
Component: Text
Severity: normal
Priority: P2
Summary: [misc] Wrong message displayed while opening a class file outside classapth
Resolution: FIXED"
435721,"Product: Platform
Component: Debug
Severity: normal
Priority: P3
Summary: [CSS][Dark] Provide resonable defaults for syntax color of Debug views in Dark theme
Resolution: FIXED"
242166,"Product: Platform
Component: UI
Severity: enhancement
Priority: P3
Summary: [DataBinding] Add StaleEventTracker class to conformance tests
Resolution: FIXED"
143171,"Product: JDT
Component: Text
Severity: major
Priority: P3
Summary: [misc] 'Update conflicts' dialog appears on save - save no longer possible
Resolution: FIXED"
274368,"Product: PDE
Component: UI
Severity: normal
Priority: P3
Summary: Changing Destinations enables Qualifier box in export deployable feature dialog
Resolution: FIXED"
19714,"Product: JDT
Component: Core
Severity: critical
Priority: P1
Summary: Eclipse crashes: Drag & Drop
Resolution: FIXED"
60995,"Product: Platform
Component: Ant
Severity: normal
Priority: P3
Summary: Ant use of deprecated runtime code
Resolution: FIXED"
330135,"Product: Platform
Component: UI
Severity: normal
Priority: P3
Summary: Start e4 RCP several times fails
Resolution: FIXED"
209546,"Product: PDE
Component: UI
Severity: normal
Priority: P3
Summary: [spy] polish active help section
Resolution: FIXED"
127656,"Product: Platform
Component: Text
Severity: normal
Priority: P3
Summary: [api] remove 'selection' from IQuickAssistInvocationContext API methods
Resolution: FIXED"
64531,"Product: Platform
Component: Text
Severity: normal
Priority: P2
Summary: Find/Replace hogs cpu and hangs eclipse.
Resolution: FIXED"
11127,"Product: JDT
Component: Debug
Severity: normal
Priority: P3
Summary: Installed JRE page should detect removed JREs
Resolution: FIXED"
49566,"Product: JDT
Component: Text
Severity: major
Priority: P2
Summary: [misc] Save in Editor is slow
Resolution: FIXED"
243405,"Product: JDT
Component: Text
Severity: trivial
Priority: P3
Summary: [hovering] Typo in dialog from Problem hover
Resolution: FIXED"
15848,"Product: Platform
Component: Debug
Severity: normal
Priority: P2
Summary: Change Debug Menu id
Resolution: FIXED"
9124,"Product: JDT
Component: Debug
Severity: normal
Priority: P1
Summary: NPE using launch configurations
Resolution: FIXED"
33112,"Product: JDT
Component: Debug
Severity: normal
Priority: P3
Summary: Duplicate mneumonics on Scrapbook Runtime page
Resolution: FIXED"
166368,"Product: Platform
Component: UI
Severity: normal
Priority: P3
Summary: [Viewers] LabelProvider disposed twice
Resolution: FIXED"
54859,"Product: Platform
Component: Debug
Severity: normal
Priority: P3
Summary: Breakpoint are not set as non-registered when deleted from the breakpoint view
Resolution: FIXED"
360126,"Product: PDE
Component: UI
Severity: normal
Priority: P3
Summary: Set new text file line delimiter to Unix to prevent conflicts
Resolution: FIXED"
108672,"Product: JDT
Component: UI
Severity: normal
Priority: P3
Summary: [text edits] Exception when applying Convert to enhanced for loop
Resolution: FIXED"
8322,"Product: JDT
Component: Debug
Severity: normal
Priority: P1
Summary: Detail evaluation timeout overwrites previous value
Resolution: FIXED"
366014,"Product: JDT
Component: UI
Severity: enhancement
Priority: P2
Summary: Make it easier to setup null analysis
Resolution: FIXED"
66923,"Product: JDT
Component: Text
Severity: major
Priority: P2
Summary: [typing]Can delete word (Ctrl-Backspace) on read only file
Resolution: FIXED"
137201,"Product: Platform
Component: Text
Severity: normal
Priority: P2
Summary: [implementation] TextViewer's widgetDisposed(...) should only call handleDispose()
Resolution: FIXED"
31114,"Product: JDT
Component: UI
Severity: major
Priority: P1
Summary: Moving linked resource onto self deletes linked resource
Resolution: FIXED"
18079,"Product: JDT
Component: UI
Severity: critical
Priority: P1
Summary: We must guard our Action against a Java editor not working on a CU
Resolution: FIXED"
162960,"Product: JDT
Component: Text
Severity: normal
Priority: P3
Summary: [content assist] field completion does not apply required proposal
Resolution: FIXED"
365325,"Product: PDE
Component: UI
Severity: normal
Priority: P3
Summary: Have target feature tests use test data instead of JDT feature
Resolution: FIXED"
73397,"Product: Platform
Component: Debug
Severity: normal
Priority: P2
Summary: Setting ErrorHandlers for XML parsing
Resolution: FIXED"
28479,"Product: JDT
Component: UI
Severity: normal
Priority: P3
Summary: logical packages not recognized as Java by Search [browsing]
Resolution: FIXED"
204025,"Product: JDT
Component: UI
Severity: enhancement
Priority: P3
Summary: [doc] [preferences] Help needed to explain shared profiles for JDT formatter
Resolution: FIXED"
65824,"Product: PDE
Component: Doc
Severity: normal
Priority: P1
Summary: banner on generated javadoc should read ""Release 3.0""
Resolution: FIXED"
293931,"Product: Platform
Component: SWT
Severity: normal
Priority: P3
Summary: Javadoc of PrinterData.startPage/endPage is wrong
Resolution: FIXED"
86973,"Product: Platform
Component: UI
Severity: enhancement
Priority: P2
Summary: [Dialogs][IDE] Open Resource dialog should accept pattern for matching folder path
Resolution: FIXED"
19723,"Product: JDT
Component: Debug
Severity: normal
Priority: P3
Summary: InputStreamReader doesn't user workspace encoding
Resolution: FIXED"
133887,"Product: Platform
Component: CVS
Severity: normal
Priority: P2
Summary: Commit progress goes to 100 right away
Resolution: FIXED"
54658,"Product: JDT
Component: UI
Severity: major
Priority: P3
Summary: Bug in Code Formatter > Line Wrapping
Resolution: FIXED"
17121,"Product: Platform
Component: Compare
Severity: normal
Priority: P3
Summary: Casing of message when end of changes needs to be sentence style
Resolution: FIXED"
274426,"Product: PDE
Component: UI
Severity: minor
Priority: P3
Summary: [target] Add implicit dependencies dialog should filter duplicates
Resolution: FIXED"
59526,"Product: Platform
Component: UI
Severity: normal
Priority: P2
Summary: [FastView] Accessibility: Make Target view menu inaccessible in fast view
Resolution: FIXED"
25405,"Product: JDT
Component: Debug
Severity: normal
Priority: P3
Summary: Debugging: Display functionality displays erroneous result
Resolution: FIXED"
89308,"Product: Platform
Component: Debug
Severity: normal
Priority: P3
Summary: Pass combined preference store to TextSourceViewerConfiguration(IPreferenceStore)
Resolution: FIXED"
10610,"Product: Platform
Component: Debug
Severity: major
Priority: P2
Summary: Null exception when lauchviewer processing events on remove tree items
Resolution: FIXED"
292478,"Product: JDT
Component: Core
Severity: enhancement
Priority: P3
Summary: Report potentially null across variable assignment
Resolution: FIXED"
10855,"Product: Platform
Component: Debug
Severity: normal
Priority: P1
Summary: Use new workbench API  for show perspective
Resolution: FIXED"
234330,"Product: JDT
Component: Text
Severity: normal
Priority: P3
Summary: [breadcrumb] Does reopen child popup
Resolution: FIXED"
289409,"Product: Platform
Component: UI
Severity: normal
Priority: P3
Summary: [Viewers] ILazyTreePathContentProvider documentation request
Resolution: FIXED"
280801,"Product: JDT
Component: Text
Severity: normal
Priority: P2
Summary: [content assist] Too many semicolons after constructor completion
Resolution: FIXED"
178888,"Product: Platform
Component: UI
Severity: trivial
Priority: P3
Summary: [Viewers] JavaDoc errors in GridDataFactory/GridLayoutFactory
Resolution: FIXED"
53242,"Product: JDT
Component: Core
Severity: critical
Priority: P2
Summary: Consitent Out of Memory problems indexing (with multiple Java libraries)
Resolution: FIXED"
417447,"Product: Platform
Component: UI
Severity: normal
Priority: P3
Summary: [PropertiesView] NPE in org.eclipse.ui.views.properties.PropertySheet -- null part?
Resolution: FIXED"
189329,"Product: JDT
Component: UI
Severity: normal
Priority: P3
Summary: [refactoring] error list does not provide a label
Resolution: FIXED"
9913,"Product: JDT
Component: Core
Severity: normal
Priority: P2
Summary: Open on selection on JavaDoc methods doesn't work
Resolution: WORKSFORME"
61120,"Product: Platform
Component: Debug
Severity: normal
Priority: P3
Summary: Should closed projects be skipped?
Resolution: FIXED"
14800,"Product: Platform
Component: Compare
Severity: normal
Priority: P3
Summary: Compare View eats tabs
Resolution: FIXED"
59776,"Product: Platform
Component: Debug
Severity: normal
Priority: P3
Summary: Migrate memory view pref page to view setting
Resolution: FIXED"
203488,"Product: JDT
Component: Doc
Severity: normal
Priority: P3
Summary: DVT33:TCT816: PL: ref-19.htm: no such file
Resolution: FIXED"
74801,"Product: JDT
Component: UI
Severity: major
Priority: P2
Summary: [Progress] Invalid Thread Access in AllTypesCache
Resolution: FIXED"
398201,"Product: Platform
Component: Releng
Severity: blocker
Priority: P1
Summary: [CBI] Issues with org.eclipse.osgi (3.9?) and org.eclipse.equinox.ip in N builds
Resolution: FIXED"
279611,"Product: JDT
Component: Text
Severity: trivial
Priority: P3
Summary: [nls tooling] Add 'Find Broken NLS Strings' to Tips & Tricks
Resolution: FIXED"
15212,"Product: JDT
Component: Debug
Severity: normal
Priority: P2
Summary: Object shows up when I launch
Resolution: FIXED"
8210,"Product: JDT
Component: UI
Severity: normal
Priority: P2
Summary: Pull Up: Usage of editor selection is confusing
Resolution: FIXED"
20349,"Product: PDE
Component: UI
Severity: normal
Priority: P2
Summary: Wizard page descriptions are too long
Resolution: FIXED"
23762,"Product: JDT
Component: Debug
Severity: normal
Priority: P1
Summary: NPE - variable details stop showing
Resolution: FIXED"
6640,"Product: JDT
Component: Debug
Severity: normal
Priority: P1
Summary: Method ID of 0 is valid JDWP
Resolution: FIXED"
72358,"Product: Platform
Component: UI
Severity: normal
Priority: P2
Summary: [Viewers] Support SWT.VIRTUAL style
Resolution: FIXED"
8107,"Product: JDT
Component: UI
Severity: normal
Priority: P3
Summary: bracket hightlighting: can't change color
Resolution: FIXED"
68608,"Product: Platform
Component: UI
Severity: enhancement
Priority: P2
Summary: [Dialogs] Resource deletion could be run in the background
Resolution: FIXED"
371946,"Product: PDE
Component: Doc
Severity: normal
Priority: P3
Summary: Update doc for software site target location
Resolution: FIXED"
212154,"Product: JDT
Component: Core
Severity: normal
Priority: P3
Summary: [ast rewrite] Cannot attach comment to programatically generated AST
Resolution: WONTFIX"
354557,"Product: PDE
Component: UI
Severity: normal
Priority: P3
Summary: [Regression] ExternalLibraryCache causes false classpath problem markers.
Resolution: FIXED"
153880,"Product: JDT
Component: Text
Severity: normal
Priority: P2
Summary: [templates] Polish template variable work
Resolution: FIXED"
26393,"Product: JDT
Component: Debug
Severity: normal
Priority: P2
Summary: Error compiling snippet should not generate display output
Resolution: FIXED"
17891,"Product: Platform
Component: Team
Severity: critical
Priority: P1
Summary: Should not assume type of PropertyChangeEvent values
Resolution: FIXED"
16356,"Product: Platform
Component: Debug
Severity: normal
Priority: P3
Summary: NPE out of ConsoleDocumentManager
Resolution: FIXED"
64672,"Product: JDT
Component: UI
Severity: critical
Priority: P3
Summary: Code Formatter Preferences Page Broken - NPE
Resolution: FIXED"
68039,"Product: Platform
Component: Search
Severity: critical
Priority: P1
Summary: Search/Replace may currupt files if their content got modified during validateEdit
Resolution: FIXED"
159600,"Product: Platform
Component: UI
Severity: normal
Priority: P3
Summary: [Viewers] Tooltips not working on TreeViewer
Resolution: FIXED"
63474,"Product: Platform
Component: Debug
Severity: enhancement
Priority: P3
Summary: bad poetry
Resolution: FIXED"
13632,"Product: JDT
Component: Debug
Severity: normal
Priority: P3
Summary: unknown remote host just throws exception
Resolution: FIXED"
124832,"Product: JDT
Component: Text
Severity: major
Priority: P2
Summary: [typing] Right to left typing after exception in FastPartitioner
Resolution: FIXED"
20304,"Product: JDT
Component: Debug
Severity: normal
Priority: P2
Summary: Eval: NPE when evaluate a snippet in anonymous type declared in an instance creation instruction
Resolution: FIXED"
55704,"Product: JDT
Component: Debug
Severity: normal
Priority: P3
Summary: Step into selection leads to too many breakpoints being skipped
Resolution: FIXED"
74700,"Product: Platform
Component: UI
Severity: enhancement
Priority: P2
Summary: [Preferences] Export ""instance"" preferences in random order
Resolution: FIXED"
147621,"Product: PDE
Component: UI
Severity: enhancement
Priority: P3
Summary: Enforce Bundle-Localization folders/file to be included in build.properties
Resolution: FIXED"
167740,"Product: JDT
Component: Debug
Severity: minor
Priority: P3
Summary: [variables] [views] New/Edit details formatter menu should not be available on array types
Resolution: FIXED"
10009,"Product: JDT
Component: Debug
Severity: normal
Priority: P3
Summary: Creating image descriptor registry on shutdown
Resolution: FIXED"
114093,"Product: Platform
Component: Debug
Severity: normal
Priority: P3
Summary: [EditorMgmt] Prompted to save files which do not affect a build
Resolution: FIXED"
405923,"Product: PDE
Component: Doc
Severity: enhancement
Priority: P3
Summary: How to use shared license should be documented in Help
Resolution: FIXED"
22118,"Product: Platform
Component: UI
Severity: blocker
Priority: P2
Summary: [Decorators] Decorators for IResource ignores adaptable flag
Resolution: FIXED"
52474,"Product: JDT
Component: Debug
Severity: normal
Priority: P2
Summary: UI Blocked when opening Java Perspective during CVS check out
Resolution: FIXED"
63940,"Product: JDT
Component: Text
Severity: normal
Priority: P3
Summary: Quickfix shows same text for 5 method options
Resolution: FIXED"
96530,"Product: Platform
Component: Ant
Severity: normal
Priority: P3
Summary: Remove BuildFailedTracker
Resolution: FIXED"
407982,"Product: PDE
Component: UI
Severity: normal
Priority: P3
Summary: Eclipse App debug launcher creates a new config.ini & doesn't copy from the host eclipse
Resolution: FIXED"
222090,"Product: Platform
Component: CVS
Severity: normal
Priority: P3
Summary: CVS property page text fields should be copyable
Resolution: FIXED"
35056,"Product: JDT
Component: Debug
Severity: normal
Priority: P3
Summary: [eval] DetailFormatter failure
Resolution: FIXED"
217458,"Product: Platform
Component: UI
Severity: normal
Priority: P3
Summary: [Viewers] SimpleStyledCellLabelProvider improvements
Resolution: FIXED"
53548,"Product: Platform
Component: Debug
Severity: enhancement
Priority: P2
Summary: Automatically close views that were opened automatically
Resolution: FIXED"
47285,"Product: Platform
Component: Ant
Severity: normal
Priority: P3
Summary: Open External File does not work on build.xml
Resolution: FIXED"
390889,"Product: JDT
Component: Core
Severity: normal
Priority: P2
Summary: [1.8][compiler] Evaluate options to support 1.7- projects against 1.8 JRE.
Resolution: FIXED"
82979,"Product: Platform
Component: UI
Severity: enhancement
Priority: P2
Summary: [Preferences] Add new working copy API
Resolution: FIXED"
169624,"Product: Platform
Component: UI
Severity: normal
Priority: P3
Summary: [EditorMgmt] 'Pin editors' toobar icon missing in 3.3M4
Resolution: INVALID"
73589,"Product: JDT
Component: Text
Severity: major
Priority: P2
Summary: Ctrl+Click feature became slow in 3.1
Resolution: FIXED"
1518,"Product: JDT
Component: Debug
Severity: enhancement
Priority: P1
Summary: Icons needed for actions (1GI5UXW)
Resolution: FIXED"
97316,"Product: JDT
Component: UI
Severity: normal
Priority: P3
Summary: [5.0][typing] Problems with quick fix ""Add javadoc comment""
Resolution: FIXED"
79097,"Product: Platform
Component: Debug
Severity: normal
Priority: P3
Summary: Mnemonic collision on the Commons tab
Resolution: FIXED"
20155,"Product: Platform
Component: Text
Severity: enhancement
Priority: P2
Summary: [preferences] segmented view should be a preference, not a toolbar button
Resolution: FIXED"
67913,"Product: Platform
Component: UI
Severity: major
Priority: P1
Summary: [ActionSets] Actions associated with views not disposed
Resolution: FIXED"
34442,"Product: Platform
Component: Ant
Severity: normal
Priority: P2
Summary: Custom task does not work in folder (only in jar)
Resolution: FIXED"
10686,"Product: JDT
Component: Debug
Severity: critical
Priority: P1
Summary: Double clicking in vertical ruler to add breakpoint: breakpoint does not show
Resolution: FIXED"
185502,"Product: PDE
Component: UI
Severity: major
Priority: P3
Summary: Plug-in Import Should Check for Running target
Resolution: FIXED"
81675,"Product: Platform
Component: UI
Severity: normal
Priority: P2
Summary: [Progress] ArrayIndexOutOfBoundsException in progress viewer code
Resolution: FIXED"
355847,"Product: PDE
Component: UI
Severity: normal
Priority: P3
Summary: 'Compilers' preference page has help about the workbench
Resolution: FIXED"
50723,"Product: Platform
Component: UI
Severity: normal
Priority: P2
Summary: [Preferences] Autorefresh polling preference presentation
Resolution: FIXED"
30411,"Product: Platform
Component: Debug
Severity: normal
Priority: P2
Summary: Exceptions deleting Launch Configurations
Resolution: FIXED"
251993,"Product: Platform
Component: UI
Severity: major
Priority: P3
Summary: [JFace] SWT Exception creates endless cycle
Resolution: FIXED"
221234,"Product: Platform
Component: Debug
Severity: major
Priority: P3
Summary: [console] Programs with lots of output cause major eclipse unresponsiveness with large console buffer
Resolution: FIXED"
64024,"Product: Platform
Component: UI
Severity: major
Priority: P1
Summary: [Workbench] Many objects leaked for each window opened/closed
Resolution: FIXED"
320749,"Product: Platform
Component: UI
Severity: normal
Priority: P3
Summary: The hidden toolbar state is not persisted
Resolution: FIXED"
46001,"Product: JDT
Component: Debug
Severity: normal
Priority: P3
Summary: JRERuntimeClasspathEntryResolver#resolveLibraryLocations() should return only the bootstrap classes when asked for the bootstrap classes
Resolution: FIXED"
116841,"Product: Platform
Component: Text
Severity: critical
Priority: P2
Summary: [typing] Need much smart encoding error detection for text save
Resolution: FIXED"
246612,"Product: Platform
Component: UI
Severity: normal
Priority: P3
Summary: [FilteredTree] FilteredTree renders all parent items of matches bold
Resolution: FIXED"
112400,"Product: Platform
Component: Compare
Severity: normal
Priority: P2
Summary: Change required due to ResourceMapping API
Resolution: FIXED"
444827,"Product: Platform
Component: UI
Severity: normal
Priority: P3
Summary: getViewStack does not return ViewParts in last visited order
Resolution: FIXED"
17615,"Product: JDT
Component: UI
Severity: normal
Priority: P1
Summary: Override verlay: background is white not transparent
Resolution: FIXED"
53810,"Product: Platform
Component: UI
Severity: major
Priority: P2
Summary: [Workbench] Use of hard coded font spews warnings on some platforms
Resolution: FIXED"
303785,"Product: JDT
Component: Text
Severity: major
Priority: P3
Summary: [implementation] Dead lock while editing in a java editor
Resolution: FIXED"
47007,"Product: Platform
Component: Text
Severity: major
Priority: P2
Summary: [painting] respect layer when drawing background highlight for annotations
Resolution: FIXED"
16533,"Product: JDT
Component: UI
Severity: major
Priority: P2
Summary: Next/Previous error also selects all other markers
Resolution: FIXED"
79912,"Product: Platform
Component: Debug
Severity: normal
Priority: P3
Summary: Bad sizing in LaunchConfigurationsDialog
Resolution: FIXED"
35100,"Product: Platform
Component: Ant
Severity: normal
Priority: P2
Summary: Migrate actions to command extension point
Resolution: FIXED"
157461,"Product: Platform
Component: Text
Severity: enhancement
Priority: P2
Summary: [implementation] Put all html rendering related classes into one package and declare others as x-friends
Resolution: FIXED"
52383,"Product: JDT
Component: Debug
Severity: normal
Priority: P3
Summary: UI freezes while running runtime workbench under debug
Resolution: FIXED"
66182,"Product: Platform
Component: UI
Severity: major
Priority: P1
Summary: [KeyBindings] multi-stroke keyboard shortcut popup swallows keys
Resolution: FIXED"
365694,"Product: PDE
Component: API Tools
Severity: minor
Priority: P3
Summary: org.eclipse.pde.api.tools exports a package it does not have
Resolution: FIXED"
67590,"Product: Platform
Component: UI
Severity: major
Priority: P1
Summary: [Presentations] The 'Save All' command has no effect
Resolution: FIXED"
24284,"Product: JDT
Component: Debug
Severity: normal
Priority: P3
Summary: Javadoc  for new 2.1 types in launching
Resolution: FIXED"
94749,"Product: Platform
Component: Debug
Severity: normal
Priority: P3
Summary: terminate all does not work
Resolution: FIXED"
212015,"Product: JDT
Component: UI
Severity: normal
Priority: P3
Summary: [quick fix] Inappropriate quick fix for an unecessary else clause
Resolution: FIXED"
117289,"Product: JDT
Component: Debug
Severity: normal
Priority: P3
Summary: VMDefinitionsContainer#parseXMLIntoContainer() reads an XML file with wrong encoding.
Resolution: FIXED"
25709,"Product: Platform
Component: Ant
Severity: normal
Priority: P2
Summary: Lists on Targets page of External Tools properties need scrollbars
Resolution: FIXED"
66342,"Product: Platform
Component: Ant
Severity: normal
Priority: P3
Summary: Ant editor indentation problem
Resolution: FIXED"
8166,"Product: JDT
Component: UI
Severity: normal
Priority: P3
Summary: nls: 'find string' dialog needs a button to open nls wizard
Resolution: FIXED"
6470,"Product: Platform
Component: Team
Severity: normal
Priority: P1
Summary: Create Patch dialog needs a Browse... button to enter file name
Resolution: FIXED"
304197,"Product: PDE
Component: UI
Severity: normal
Priority: P3
Summary: Content assist in manifest editors: Additional info (Javadoc hover) for type proposals not shown
Resolution: FIXED"
87612,"Product: Platform
Component: Debug
Severity: normal
Priority: P3
Summary: Automated tests for debug view management
Resolution: FIXED"
208234,"Product: JDT
Component: Core
Severity: normal
Priority: P2
Summary: Specify that CodeFormatter is not intended to be subclassed
Resolution: FIXED"
15246,"Product: Platform
Component: Debug
Severity: normal
Priority: P3
Summary: Allow private launch configs to perspective switch
Resolution: FIXED"
277812,"Product: JDT
Component: UI
Severity: normal
Priority: P3
Summary: [call hierarchy] [working sets] Add F1 Help for Call Hierarchy Filters, Expand With Constructors Dialog, Working Set Configuration Dialog , Working Set Assignments Dialog
Resolution: FIXED"
6349,"Product: JDT
Component: Debug
Severity: normal
Priority: P1
Summary: NPE closing inspector
Resolution: FIXED"
9026,"Product: JDT
Component: Debug
Severity: critical
Priority: P1
Summary: Compilation error breakpoints are showing in breakpoints view
Resolution: FIXED"
65930,"Product: Platform
Component: Text
Severity: normal
Priority: P2
Summary: Error while stopping search plugin (caused by NPE)
Resolution: FIXED"
57976,"Product: JDT
Component: Text
Severity: major
Priority: P1
Summary: [Contexts] [RCP] ""Edit Java Source"" context should not be in org.eclipse.ui for RCP
Resolution: FIXED"
5625,"Product: JDT
Component: Debug
Severity: normal
Priority: P2
Summary: Missing accelerators on detail pane orientation of pref page
Resolution: FIXED"
15461,"Product: JDT
Component: Debug
Severity: normal
Priority: P3
Summary: Configs created with convenience actions do not switch persp.
Resolution: FIXED"
29743,"Product: Platform
Component: Ant
Severity: normal
Priority: P2
Summary: [External Tools] Apply button does not enable in ""refresh tab""
Resolution: FIXED"
8115,"Product: JDT
Component: UI
Severity: normal
Priority: P3
Summary: Mnemonic missing in Packages view
Resolution: FIXED"
369381,"Product: JDT
Component: Core
Severity: normal
Priority: P3
Summary: [null][compiler] 'Adding potential null mark in unexpected state' assertion while compiling
Resolution: INVALID"
63558,"Product: Platform
Component: Ant
Severity: critical
Priority: P2
Summary: formatter removes text
Resolution: FIXED"
125063,"Product: Platform
Component: Debug
Severity: normal
Priority: P3
Summary: IAsychronousTreeContentAdapter should be IAsychronousContentAdapter.
Resolution: FIXED"
77575,"Product: Platform
Component: Text
Severity: normal
Priority: P3
Summary: [typing] Undo is not grouped after Ctrl+X or Ctrl+Z in linked mode
Resolution: FIXED"
12548,"Product: Platform
Component: Debug
Severity: normal
Priority: P1
Summary: Debug event filters should use event sets
Resolution: FIXED"
133156,"Product: Platform
Component: Text
Severity: normal
Priority: P3
Summary: [correction] Ruler Quick Assist resolutions don't show up for attributes in xml documents
Resolution: FIXED"
60703,"Product: Platform
Component: Text
Severity: major
Priority: P2
Summary: [performance] M8 Editors take longer to open than R2.x editors
Resolution: FIXED"
62563,"Product: Platform
Component: Ant
Severity: normal
Priority: P2
Summary: NPE editing external Ant file
Resolution: FIXED"
14758,"Product: Platform
Component: Debug
Severity: major
Priority: P1
Summary: ILaunchConfigurationTab#performApply called twice on hitting the Apply button
Resolution: FIXED"
62920,"Product: Platform
Component: UI
Severity: normal
Priority: P2
Summary: [Workbench] pre-defined list of encodings
Resolution: FIXED"
96440,"Product: Platform
Component: UI
Severity: major
Priority: P2
Summary: Tables laying out 3 times when trying to determine sizes
Resolution: FIXED"
10383,"Product: Platform
Component: Debug
Severity: normal
Priority: P2
Summary: Help pass for 2.0
Resolution: FIXED"
372012,"Product: JDT
Component: Core
Severity: enhancement
Priority: P3
Summary: [compiler][null] Warn when defaults not specified
Resolution: FIXED"
43332,"Product: Platform
Component: Debug
Severity: normal
Priority: P2
Summary: String Substitution Support - org.eclipse.core.variables
Resolution: FIXED"
83825,"Product: JDT
Component: Debug
Severity: critical
Priority: P2
Summary: IllegalArgumentException from JDIReferenceType.getGenericName
Resolution: FIXED"
136372,"Product: JDT
Component: Debug
Severity: normal
Priority: P2
Summary: Remove transient 3.2 JRE container EE formats
Resolution: FIXED"
114369,"Product: JDT
Component: UI
Severity: normal
Priority: P3
Summary: Remove unused local and field too dangerous for multi quick fix
Resolution: FIXED"
47289,"Product: Platform
Component: Ant
Severity: normal
Priority: P3
Summary: Ant UI giving wrong error message
Resolution: FIXED"
11514,"Product: JDT
Component: Debug
Severity: major
Priority: P1
Summary: Feature:  support WAS 5.0 JSP debugging
Resolution: FIXED"
92939,"Product: Platform
Component: Debug
Severity: normal
Priority: P2
Summary: Render links in the console as hyperlinks
Resolution: FIXED"
72426,"Product: Platform
Component: UI
Severity: normal
Priority: P2
Summary: [BIDI] plan item - Proposed changes for BIDI support
Resolution: FIXED"
95061,"Product: Platform
Component: Ant
Severity: normal
Priority: P3
Summary: Region incorrect for <name/> tags
Resolution: FIXED"
147484,"Product: JDT
Component: Debug
Severity: trivial
Priority: P3
Summary: broken Find/Replace context menu label in Display view
Resolution: FIXED"
77701,"Product: JDT
Component: UI
Severity: normal
Priority: P3
Summary: 'enum' declaration entry should not appear in 'Line wrapping' page of code formatter dialog preferences
Resolution: FIXED"
34548,"Product: Platform
Component: Ant
Severity: enhancement
Priority: P3
Summary: Add 'Run task' to outline view of build.xml files
Resolution: FIXED"
16464,"Product: JDT
Component: UI
Severity: normal
Priority: P3
Summary: Yes To All should come before No
Resolution: FIXED"
51444,"Product: Platform
Component: Text
Severity: enhancement
Priority: P2
Summary: [spell checking] Spell Checking should work in Text editor too
Resolution: FIXED"
243132,"Product: JDT
Component: UI
Severity: normal
Priority: P2
Summary: PackagesViewContentProviderTests2.testAddCUFromPackageNotLogicalPackage fails sometimes
Resolution: FIXED"
198201,"Product: Platform
Component: UI
Severity: enhancement
Priority: P3
Summary: [DataBinding] Provide POJO observables
Resolution: FIXED"
267789,"Product: JDT
Component: Core
Severity: critical
Priority: P2
Summary: eclipse-Automated-Tests-3.4.zip produces compile errors (build path?) with IBM JDK
Resolution: FIXED"
386936,"Product: JDT
Component: Doc
Severity: trivial
Priority: P3
Summary: ""Inter-prodedural"" should be Inter-procedural
Resolution: FIXED"
47901,"Product: Platform
Component: Ant
Severity: normal
Priority: P3
Summary: Extend contributed ""object""s extension points to specify whether to be included in separate VM build
Resolution: FIXED"
265231,"Product: PDE
Component: UI
Severity: enhancement
Priority: P3
Summary: [templates] Update ""RCP application with a view"" with commands
Resolution: FIXED"
83723,"Product: Platform
Component: UI
Severity: normal
Priority: P2
Summary: [Progress] [RCP] Scheduled jobs in progress indicator area not showing
Resolution: FIXED"
135818,"Product: Platform
Component: UI
Severity: normal
Priority: P3
Summary: ITreeSelection does not offer getElementComparer()
Resolution: FIXED"
3856,"Product: JDT
Component: UI
Severity: major
Priority: P3
Summary: F3/F4 not working in the packages view (1GEYIJE)
Resolution: FIXED"
27790,"Product: Platform
Component: UI
Severity: normal
Priority: P3
Summary: [Editor management] rename editors view
Resolution: FIXED"
107813,"Product: Platform
Component: Ant
Severity: normal
Priority: P3
Summary: BadLocationException when using Ant with DocType Entity
Resolution: FIXED"
100867,"Product: Platform
Component: Doc
Severity: normal
Priority: P3
Summary: Workbench images that should be re-taken
Resolution: FIXED"
75022,"Product: Platform
Component: UI
Severity: normal
Priority: P2
Summary: [Viewers] Task tags preference page bolds non default items
Resolution: FIXED"
87089,"Product: Platform
Component: UI
Severity: normal
Priority: P1
Summary: [Viewers] LabelProvider.getImage is not invoked after the TreeViewer changes introduced on 24/01/2005
Resolution: FIXED"
270774,"Product: Platform
Component: UI
Severity: normal
Priority: P3
Summary: [Mac] ui.tests.rcp did not finish because CocoaUIEnhancer crashes
Resolution: FIXED"
74370,"Product: Platform
Component: Debug
Severity: normal
Priority: P3
Summary: NPE from ProcessConsolePageParticipant
Resolution: FIXED"
255381,"Product: JDT
Component: Debug
Severity: minor
Priority: P3
Summary: Inconsistent Default Filtered resources
Resolution: FIXED"
11242,"Product: JDT
Component: Debug
Severity: normal
Priority: P2
Summary: annoying prompt for saving a launch configuration
Resolution: FIXED"
81076,"Product: Platform
Component: UI
Severity: normal
Priority: P2
Summary: [Preferences] Project properties dialog: tree needs a border
Resolution: FIXED"
70567,"Product: JDT
Component: Debug
Severity: normal
Priority: P3
Summary: Project field should have group on Main tab
Resolution: FIXED"
16844,"Product: JDT
Component: Debug
Severity: normal
Priority: P3
Summary: Debugger source lookup dialog needs viewer label
Resolution: FIXED"
94201,"Product: JDT
Component: Debug
Severity: normal
Priority: P2
Summary: Applet Contextual Launch Action broken
Resolution: FIXED"
322209,"Product: JDT
Component: Core
Severity: normal
Priority: P3
Summary: ""assert"" triggers a warning about null when it shouldn't
Resolution: DUPLICATE"
27702,"Product: Platform
Component: Ant
Severity: normal
Priority: P2
Summary: IllegalArgumentException in AntView
Resolution: FIXED"
74591,"Product: Platform
Component: Text
Severity: normal
Priority: P2
Summary: [Preferences] Encoding field editor for non-resources
Resolution: FIXED"
37263,"Product: Platform
Component: Debug
Severity: enhancement
Priority: P3
Summary: Support for generic console
Resolution: FIXED"
18579,"Product: Platform
Component: UI
Severity: critical
Priority: P1
Summary: Selection event not fired
Resolution: FIXED"
6613,"Product: JDT
Component: Debug
Severity: normal
Priority: P1
Summary: Drop frame above native frame does not work on 1.4
Resolution: FIXED"
87826,"Product: Platform
Component: UI
Severity: normal
Priority: P2
Summary: Need to improve image loading in Workbench
Resolution: FIXED"
13714,"Product: Platform
Component: Debug
Severity: normal
Priority: P1
Summary: Pressing Apply makes tabs disappear
Resolution: FIXED"
81264,"Product: Platform
Component: SWT
Severity: critical
Priority: P3
Summary: Table fails to setTopIndex after new items are added to the table
Resolution: FIXED"
78764,"Product: JDT
Component: Debug
Severity: major
Priority: P3
Summary: Exception breakpoint hangs
Resolution: FIXED"
137908,"Product: Platform
Component: Text
Severity: critical
Priority: P2
Summary: [typing] NPE while pasting some variable in editor
Resolution: FIXED"
71885,"Product: JDT
Component: Debug
Severity: normal
Priority: P3
Summary: Eclipse hangs under heavy threading
Resolution: FIXED"
492908,"Product: PDE
Component: UI
Severity: trivial
Priority: P3
Summary: [patch] Typo in pluginClasspathContributors.exsd
Resolution: FIXED"
18536,"Product: JDT
Component: Debug
Severity: normal
Priority: P2
Summary: Eval: NumberFormatException thrown when trying to evaluate negative hexadecimal or octal number
Resolution: FIXED"
90758,"Product: Platform
Component: UI
Severity: normal
Priority: P2
Summary: [Preferences] Welcome Editor fails on 3.1M6
Resolution: DUPLICATE"
32678,"Product: JDT
Component: Debug
Severity: normal
Priority: P3
Summary: Opening breakpoint properties resets hit count
Resolution: FIXED"
166037,"Product: JDT
Component: Debug
Severity: normal
Priority: P3
Summary: Stack tree not expanded and frame not selected when hitting brakepoint
Resolution: FIXED"
25639,"Product: Platform
Component: Ant
Severity: normal
Priority: P3
Summary: Double click in tasks and types tabs should invoke edit
Resolution: FIXED"
3885,"Product: JDT
Component: UI
Severity: major
Priority: P3
Summary: Assertion failed in rename paramter refactoring (1GF25DZ)
Resolution: FIXED"
6181,"Product: JDT
Component: UI
Severity: minor
Priority: P3
Summary: Edit template panel doesn't resize
Resolution: FIXED"
345620,"Product: PDE
Component: API Tools
Severity: trivial
Priority: P3
Summary: Incorrect casing on API Use Scans tab on error/warnings pref page
Resolution: FIXED"
331851,"Product: PDE
Component: API Tools
Severity: normal
Priority: P3
Summary: Use Scan builder may throw NPE
Resolution: FIXED"
18334,"Product: Platform
Component: Debug
Severity: normal
Priority: P3
Summary: Launch view holding onto Objects longer than necessary
Resolution: FIXED"
331958,"Product: PDE
Component: API Tools
Severity: normal
Priority: P3
Summary: API Use Scan problem description can get too long
Resolution: FIXED"
225218,"Product: Platform
Component: UI
Severity: enhancement
Priority: P3
Summary: change name of ""All Markers"" view to ""Markers""
Resolution: FIXED"
66329,"Product: JDT
Component: UI
Severity: normal
Priority: P3
Summary: Javadoc @link completions include elements excluded by type filter [javadoc]
Resolution: FIXED"
433858,"Product: Platform
Component: UI
Severity: major
Priority: P3
Summary: [CSS] Trees sometimes don't redraw and leave cheese in Navigator
Resolution: FIXED"
86628,"Product: Platform
Component: UI
Severity: normal
Priority: P2
Summary: [Decorators] IAE: beginRule: R/, does not match outer scope rule
Resolution: FIXED"
132643,"Product: JDT
Component: Text
Severity: normal
Priority: P1
Summary: [content assist] Do not disable code assist processors automatically
Resolution: FIXED"
90289,"Product: Platform
Component: Debug
Severity: normal
Priority: P2
Summary: >1 debug worker thread calling IStackFrame.getVariables()
Resolution: FIXED"
19490,"Product: Platform
Component: UI
Severity: major
Priority: P2
Summary: Emacs: Keybindings not getting Alt+R
Resolution: FIXED"
27528,"Product: JDT
Component: Debug
Severity: normal
Priority: P3
Summary: Icons in Expressions view are squashed
Resolution: FIXED"
58850,"Product: Platform
Component: UI
Severity: normal
Priority: P2
Summary: OutOfMemory Errors must not be silent
Resolution: FIXED"
272810,"Product: PDE
Component: UI
Severity: normal
Priority: P2
Summary: p2 profiles are not managed like config info
Resolution: FIXED"
111433,"Product: Platform
Component: Text
Severity: normal
Priority: P2
Summary: [rulers] Selection change forces *RulerAction-s to update which can be very slow
Resolution: FIXED"
7151,"Product: Platform
Component: Debug
Severity: normal
Priority: P1
Summary: Toggling ShowDetailPaneAction sets focus to the launch view
Resolution: FIXED"
19319,"Product: JDT
Component: UI
Severity: major
Priority: P2
Summary: Use of InputStreamReader  without ResourcesPlugin.getEncoding()
Resolution: FIXED"
74059,"Product: Platform
Component: UI
Severity: normal
Priority: P2
Summary: [Viewers] ViewerLabel#hasNewImage() is wrong when setImage(..) has not been called
Resolution: FIXED"
71185,"Product: Platform
Component: Debug
Severity: normal
Priority: P3
Summary: TVT3.0:  Extra mnemonics for Debug, Run, and External tools
Resolution: FIXED"
82467,"Product: Platform
Component: UI
Severity: enhancement
Priority: P2
Summary: [Properties] Properties dialog should be searchable
Resolution: FIXED"
398256,"Product: Platform
Component: Releng
Severity: normal
Priority: P2
Summary: [CBI] distinguish N and I builds in repositories.txt
Resolution: FIXED"
92546,"Product: Platform
Component: Ant
Severity: normal
Priority: P3
Summary: Ant content type describer activating ant core
Resolution: FIXED"
41521,"Product: Platform
Component: Ant
Severity: normal
Priority: P3
Summary: AntConsoleColorProvider should be marked as readOnly
Resolution: FIXED"
182469,"Product: JDT
Component: UI
Severity: minor
Priority: P3
Summary: [quick fix] Rename Compilation Unit QuickFix leads to errors
Resolution: FIXED"
66660,"Product: Platform
Component: UI
Severity: major
Priority: P1
Summary: [PerspectiveBar] NPE in PerspectiveSwitcher.saveState
Resolution: DUPLICATE"
310153,"Product: Platform
Component: UI
Severity: normal
Priority: P3
Summary: Allow people to use CSS in 3.x plugins
Resolution: FIXED"
127346,"Product: JDT
Component: UI
Severity: normal
Priority: P3
Summary: [quick assist] NPE during clean up wizard ""for loop conversion""
Resolution: FIXED"
134114,"Product: JDT
Component: Debug
Severity: normal
Priority: P3
Summary: [Java 1.5] Test failure in StepIntoSelectionTests
Resolution: FIXED"
11034,"Product: JDT
Component: Debug
Severity: normal
Priority: P1
Summary: Launch configurations prompting for save when no changes
Resolution: FIXED"
385037,"Product: Platform
Component: UI
Severity: normal
Priority: P3
Summary: ShowViewDialog - Enable multi-user environment
Resolution: FIXED"
157774,"Product: JDT
Component: UI
Severity: normal
Priority: P3
Summary: [clean up] UI issues on the clean up preference page
Resolution: FIXED"
83369,"Product: Platform
Component: UI
Severity: normal
Priority: P3
Summary: [Import/Export] Unused manifest file generation code in ZipFileExporter
Resolution: FIXED"
156982,"Product: Platform
Component: UI
Severity: minor
Priority: P3
Summary: [JFace] GridLayoutFactory lacks method to set margins individually
Resolution: FIXED"
13005,"Product: Platform
Component: Debug
Severity: normal
Priority: P3
Summary: ""Run to return"" should be ""Step Return""
Resolution: FIXED"
259107,"Product: Platform
Component: Debug
Severity: normal
Priority: P3
Summary: [console] Console Deadlock when too much information written
Resolution: FIXED"
79793,"Product: JDT
Component: UI
Severity: normal
Priority: P2
Summary: Deadlock in JavaWorkingSetUpdater
Resolution: FIXED"
14938,"Product: JDT
Component: UI
Severity: normal
Priority: P2
Summary: error marker on last line of segmented view is clipped
Resolution: FIXED"
405942,"Product: Platform
Component: UI
Severity: blocker
Priority: P1
Summary: Please adapt Eclipse to the new Runtime.exec behavior in Java 1.7.0_21 and Java 1.6.0_45
Resolution: FIXED"
413157,"Product: Platform
Component: IDE
Severity: normal
Priority: P3
Summary: Import existing projects (WizardProjectsImportPage) neither reports nor logs errors
Resolution: FIXED"
49829,"Product: Platform
Component: Ant
Severity: enhancement
Priority: P3
Summary: Code assist should include previously defined macrodefs
Resolution: FIXED"
114589,"Product: JDT
Component: Debug
Severity: normal
Priority: P3
Summary: NPE invoking content assist in var view
Resolution: FIXED"
64940,"Product: Platform
Component: Debug
Severity: normal
Priority: P3
Summary: Delay on breakpoint rendering when enable/disable
Resolution: FIXED"
335997,"Product: Platform
Component: User Assistance
Severity: major
Priority: P3
Summary: [Help][Search] Allow indexes created with Lucene 1.9.1 to be read
Resolution: FIXED"
5516,"Product: JDT
Component: Debug
Severity: normal
Priority: P3
Summary: Open on... should open a type hierarchy
Resolution: FIXED"
17365,"Product: JDT
Component: UI
Severity: normal
Priority: P2
Summary: Text Editor: icons in vert. ruler disappear for partial top line
Resolution: FIXED"
50529,"Product: Platform
Component: Ant
Severity: normal
Priority: P3
Summary: incorrect error annotation length for error target
Resolution: FIXED"
55951,"Product: Platform
Component: UI
Severity: major
Priority: P1
Summary: [KeyBindings] Contexts/scopes don't appear in keys preference page
Resolution: FIXED"
3930,"Product: JDT
Component: UI
Severity: critical
Priority: P1
Summary: New fields show in content outline even if ""Hide Fields"" is selected (1GF65NC)
Resolution: FIXED"
65682,"Product: JDT
Component: UI
Severity: normal
Priority: P3
Summary: AddImportOnSelectionAction.findAllTypes does not use AllTypesCache
Resolution: FIXED"
386609,"Product: Platform
Component: IDE
Severity: enhancement
Priority: P3
Summary: Make SaveFilter of org.eclipse.ui.ide.IDE public API
Resolution: FIXED"
353484,"Product: PDE
Component: UI
Severity: normal
Priority: P3
Summary: Incorrect value for Service-Component header when bundle has a custom root
Resolution: FIXED"
31948,"Product: Platform
Component: Ant
Severity: normal
Priority: P2
Summary: AntEditor reconciling has broken resolution of external entities
Resolution: FIXED"
56105,"Product: JDT
Component: UI
Severity: normal
Priority: P2
Summary: Shouldn't use @todo as a default todo tag
Resolution: FIXED"
19415,"Product: Platform
Component: UI
Severity: major
Priority: P2
Summary: Emacs: File->New->Other accelerator not cleared
Resolution: FIXED"
52336,"Product: Platform
Component: Debug
Severity: normal
Priority: P3
Summary: [Viewers] Internal error at start of debug session
Resolution: FIXED"
136091,"Product: JDT
Component: Core
Severity: normal
Priority: P3
Summary: Cannot access Javadoc location over http
Resolution: FIXED"
67290,"Product: PDE
Component: UI
Severity: normal
Priority: P3
Summary: Showing lauch error details takes forever
Resolution: FIXED"
108323,"Product: Platform
Component: Debug
Severity: enhancement
Priority: P3
Summary: expose system properties as variables in the launching framework
Resolution: FIXED"
56151,"Product: JDT
Component: UI
Severity: minor
Priority: P3
Summary: Special characters in user library name are not properly serialized
Resolution: FIXED"
134694,"Product: JDT
Component: Debug
Severity: enhancement
Priority: P3
Summary: Installed JRE preference page should suggest name
Resolution: FIXED"
74468,"Product: Platform
Component: UI
Severity: major
Priority: P2
Summary: [Preferences]deprecated preference initialization
Resolution: FIXED"
484325,"Product: Platform
Component: UI
Severity: normal
Priority: P3
Summary: NullPointerException in AdapterManager.hasAdapter
Resolution: FIXED"
11370,"Product: Platform
Component: Debug
Severity: normal
Priority: P2
Summary: Launch view update bug
Resolution: FIXED"
66914,"Product: JDT
Component: Text
Severity: major
Priority: P2
Summary: [typing] Error Message after undo copy/paste
Resolution: FIXED"
73926,"Product: Platform
Component: UI
Severity: normal
Priority: P2
Summary: [Decorators] [RCP] NoClassDefFoundError: org/eclipse/ui/internal/progress/TaskInfo
Resolution: FIXED"
370971,"Product: JDT
Component: Core
Severity: normal
Priority: P3
Summary: Content Assist autocomplete broken within an array of anonymous classes instances
Resolution: FIXED"
25219,"Product: JDT
Component: Debug
Severity: enhancement
Priority: P1
Summary: Can we persist the java version for a StandardVMType?
Resolution: FIXED"
53422,"Product: Platform
Component: Debug
Severity: enhancement
Priority: P3
Summary: debug popup does not show qualifed names
Resolution: FIXED"
227721,"Product: Platform
Component: IDE
Severity: normal
Priority: P3
Summary: [Decorators] ContentTypeDecorator causes NPE in JFaceResources.getResources
Resolution: FIXED"
83035,"Product: Platform
Component: Debug
Severity: normal
Priority: P3
Summary: breakpoints not visible when view brought to top
Resolution: FIXED"
13834,"Product: JDT
Component: Debug
Severity: enhancement
Priority: P2
Summary: Can't set breakpoints in external source
Resolution: FIXED"
344929,"Product: PDE
Component: UI
Severity: normal
Priority: P3
Summary: NPE in ManifestSourcePage.getRangeElement
Resolution: FIXED"
65580,"Product: PDE
Component: UI
Severity: normal
Priority: P2
Summary: need more result info from scripts that build schema doc
Resolution: FIXED"
51763,"Product: JDT
Component: UI
Severity: normal
Priority: P3
Summary: Source -> Override methods fails in inner classes [code manipulation]
Resolution: FIXED"
170669,"Product: Platform
Component: Debug
Severity: normal
Priority: P3
Summary: [Launching] Main Tab missing search options under main type
Resolution: FIXED"
375280,"Product: Platform
Component: UI
Severity: normal
Priority: P3
Summary: [CSS] Add support for CSSEngine to re-apply stylesheets to document roots
Resolution: FIXED"
191293,"Product: JDT
Component: UI
Severity: minor
Priority: P3
Summary: [preferences] TVT33:TCT624: pt - truncated window
Resolution: FIXED"
232828,"Product: JDT
Component: Text
Severity: minor
Priority: P3
Summary: [bidi] processing glitch in CodeTemplateContextType
Resolution: FIXED"
212655,"Product: JDT
Component: Debug
Severity: normal
Priority: P3
Summary: Thread not suspended error during evaluation
Resolution: FIXED"
19842,"Product: Platform
Component: UI
Severity: normal
Priority: P3
Summary: Ctrl+D is associated with 2 action in emacs.
Resolution: FIXED"
96137,"Product: JDT
Component: UI
Severity: trivial
Priority: P3
Summary: (regression) Type hierarchy displays its name in the content area when empty
Resolution: FIXED"
234959,"Product: JDT
Component: UI
Severity: major
Priority: P3
Summary: [ltk] [wording] Deleting a file no longer mentions that it will be deleted from the file system
Resolution: FIXED"
380778,"Product: Platform
Component: Releng
Severity: normal
Priority: P2
Summary: promotion scripts should be renamed to ""ERROR_promote-... "" if error occurs
Resolution: FIXED"
172374,"Product: PDE
Component: UI
Severity: normal
Priority: P3
Summary: Launch As Eclipse Application clears target workspace BEFORE it determines if it is in use
Resolution: FIXED"
118799,"Product: JDT
Component: UI
Severity: normal
Priority: P3
Summary: [clean up][infrastructure] Clean Up Wizard array out of bound if started without preselected CU
Resolution: FIXED"
8012,"Product: JDT
Component: Debug
Severity: normal
Priority: P1
Summary: Smart frame dropping is slow, and no busy cursor
Resolution: FIXED"
207274,"Product: Platform
Component: Search
Severity: enhancement
Priority: P3
Summary: Text search result page should show line numbers of matches
Resolution: FIXED"
436411,"Product: Platform
Component: Debug
Severity: normal
Priority: P3
Summary: Source lookup ignores ISourceLocator if artifact was cached
Resolution: FIXED"
35746,"Product: JDT
Component: UI
Severity: normal
Priority: P2
Summary: RC3b default auto-generated catch block still not right [refactoring]
Resolution: FIXED"
126414,"Product: Platform
Component: UI
Severity: enhancement
Priority: P1
Summary: [Commands] handlers: Provide help context ids
Resolution: FIXED"
177193,"Product: JDT
Component: Debug
Severity: enhancement
Priority: P2
Summary: Setting range of values in array objects in one request
Resolution: FIXED"
140179,"Product: JDT
Component: Debug
Severity: critical
Priority: P2
Summary: Name of default JDK set to Home
Resolution: FIXED"
1742,"Product: JDT
Component: Debug
Severity: normal
Priority: P3
Summary: Moving scrapbook page to other project does not update available packages (1GKZ2FO)
Resolution: FIXED"
51687,"Product: JDT
Component: Debug
Severity: normal
Priority: P3
Summary: NPE from step into selection
Resolution: FIXED"
1580,"Product: JDT
Component: Debug
Severity: minor
Priority: P1
Summary: Run in Package dialog should select the current context (1GE32AE)
Resolution: FIXED"
21019,"Product: Platform
Component: Resources
Severity: normal
Priority: P1
Summary: TVT2:  truncated english text in decorators prefs for workbench
Resolution: FIXED"
121341,"Product: JDT
Component: Debug
Severity: normal
Priority: P3
Summary: dot dot dot
Resolution: FIXED"
19569,"Product: JDT
Component: Debug
Severity: normal
Priority: P2
Summary: Auxiliary processes started by IVMConnector cannot be registered
Resolution: FIXED"
223664,"Product: PDE
Component: UI
Severity: normal
Priority: P3
Summary: Compiler warning in org.eclipse.pde.ui.tests
Resolution: FIXED"
392401,"Product: Platform
Component: Releng
Severity: normal
Priority: P2
Summary: Unit tests and test framework mixed up over vmargs vs. extraVMargs
Resolution: FIXED"
99114,"Product: JDT
Component: Core
Severity: normal
Priority: P2
Summary: [search] OOM Exception in Java search
Resolution: FIXED"
24847,"Product: Platform
Component: Ant
Severity: normal
Priority: P2
Summary: duplicate options not handled the same as cmd line Ant
Resolution: FIXED"
378850,"Product: PDE
Component: UI
Severity: normal
Priority: P3
Summary: Remove ""Installation Details"" from feature editor
Resolution: FIXED"
29828,"Product: Platform
Component: Ant
Severity: enhancement
Priority: P3
Summary: Too many preference pages
Resolution: FIXED"
222608,"Product: PDE
Component: UI
Severity: normal
Priority: P3
Summary: PDE Hyperlinks don't work anymore
Resolution: FIXED"
374111,"Product: JDT
Component: UI
Severity: normal
Priority: P2
Summary: [common navigator][package explorer] problem marker on package should not be repeated on parent package
Resolution: FIXED"
68117,"Product: JDT
Component: UI
Severity: normal
Priority: P3
Summary: Error when changing class name in Configure Accessor Class dilaog from Externalize Strings dialog
Resolution: FIXED"
30167,"Product: JDT
Component: Debug
Severity: enhancement
Priority: P2
Summary: Would like a way to navigate back from debugger to corresponding launch config
Resolution: FIXED"
86107,"Product: JDT
Component: UI
Severity: normal
Priority: P2
Summary: ClassCastException while importing Organize Imports preferences
Resolution: FIXED"
225301,"Product: JDT
Component: Text
Severity: major
Priority: P3
Summary: [content assist] Colored labels ignores background color
Resolution: FIXED"
6759,"Product: JDT
Component: Debug
Severity: critical
Priority: P1
Summary: Turning filters on/off makes Eclipse unresponsive
Resolution: FIXED"
117093,"Product: Platform
Component: Debug
Severity: normal
Priority: P2
Summary: [flex-hierarchy] Drop to frame doesn't clear old current line annotations.
Resolution: FIXED"
81289,"Product: Platform
Component: UI
Severity: normal
Priority: P2
Summary: [Preferences] Preferences dialog header colour not well contrasted
Resolution: FIXED"
454594,"Product: PDE
Component: UI
Severity: blocker
Priority: P3
Summary: Compile failure in I20141209-0800
Resolution: FIXED"
344520,"Product: JDT
Component: Core
Severity: normal
Priority: P3
Summary: Incorrect identification of dead code when using not-null checks
Resolution: INVALID"
136188,"Product: Platform
Component: Team
Severity: normal
Priority: P1
Summary: [Model Sync] Auto-merge fails for mergable case
Resolution: FIXED"
22543,"Product: JDT
Component: Debug
Severity: normal
Priority: P3
Summary: Array initialization with primitive types fails
Resolution: FIXED"
71069,"Product: Platform
Component: UI
Severity: normal
Priority: P2
Summary: [JFace] pure JFace app doesn't terminate correctly
Resolution: FIXED"
248740,"Product: Platform
Component: UI
Severity: normal
Priority: P3
Summary: [Databinding] Add 'Item' support
Resolution: FIXED"
335550,"Product: Platform
Component: Debug
Severity: normal
Priority: P3
Summary: Unexpected 'Save Resource' dialog on exit (and view close)
Resolution: FIXED"
7600,"Product: JDT
Component: UI
Severity: normal
Priority: P3
Summary: Exception in TemplateCollector
Resolution: FIXED"
178203,"Product: Platform
Component: Text
Severity: minor
Priority: P3
Summary: [projection] Eclipse is too eager to unfold code
Resolution: FIXED"
223732,"Product: Platform
Component: UI
Severity: normal
Priority: P3
Summary: [Viewers] Rename StyledStringBuilder to StyledString
Resolution: FIXED"
62716,"Product: JDT
Component: Text
Severity: minor
Priority: P3
Summary: Java Editor Text Hover prefs: Error Message stays unless row selected
Resolution: FIXED"
126044,"Product: Platform
Component: UI
Severity: normal
Priority: P1
Summary: [Contexts] Latest key binding changes break Quick view key bindings
Resolution: FIXED"
247209,"Product: Platform
Component: UI
Severity: normal
Priority: P3
Summary: [JFace] An extra space causes odd-looking indentation in ErrorDialog
Resolution: FIXED"
44425,"Product: JDT
Component: UI
Severity: blocker
Priority: P1
Summary: Illegal code in the code formatter preference page [code formatter]
Resolution: FIXED"
5340,"Product: JDT
Component: Debug
Severity: normal
Priority: P1
Summary: Cancelling add exception breakpoint has no effect
Resolution: FIXED"
79558,"Product: JDT
Component: UI
Severity: normal
Priority: P2
Summary: NPE in class WorkingSetModel
Resolution: FIXED"
1701,"Product: JDT
Component: Debug
Severity: minor
Priority: P1
Summary: IDE not activated when target closed (1GJ8NOD)
Resolution: WORKSFORME"
8895,"Product: JDT
Component: UI
Severity: normal
Priority: P2
Summary: Extract local variable in if statement results in incorrect code
Resolution: FIXED"
152862,"Product: JDT
Component: Debug
Severity: normal
Priority: P3
Summary: Variables view: When ""Show Columns"" is checked, JDT's ""Show Qualified Names"" does nothing
Resolution: FIXED"
241827,"Product: Platform
Component: UI
Severity: normal
Priority: P3
Summary: [DataBinding] EMF + Databinding -> NullPointerException
Resolution: FIXED"
107036,"Product: JDT
Component: UI
Severity: normal
Priority: P3
Summary: [quick fix] NPE in TypeMismatchSubProcessor with missing variable binding
Resolution: FIXED"
230225,"Product: JDT
Component: Text
Severity: normal
Priority: P3
Summary: [breadcrumb] Drop-downs need polish on linux-gtk
Resolution: FIXED"
268132,"Product: PDE
Component: UI
Severity: trivial
Priority: P3
Summary: Labels on 'Main' launch tab does not use sentence style
Resolution: FIXED"
37060,"Product: Platform
Component: Ant
Severity: normal
Priority: P2
Summary: Ant core preference store persistance
Resolution: FIXED"
7967,"Product: JDT
Component: Debug
Severity: normal
Priority: P2
Summary: Java UI source locator should be API
Resolution: FIXED"
63610,"Product: Platform
Component: Compare
Severity: normal
Priority: P3
Summary: Colors and Fonts: Text Compare Appearance -> Text Compare
Resolution: FIXED"
17158,"Product: JDT
Component: Debug
Severity: normal
Priority: P3
Summary: Disabled menu item Add Method Breakpoint in context menu
Resolution: FIXED"
37377,"Product: JDT
Component: UI
Severity: enhancement
Priority: P2
Summary: Extract constant should propose name for String constants [refactoring]
Resolution: FIXED"
244098,"Product: Platform
Component: UI
Severity: normal
Priority: P3
Summary: [DataBinding] ListBinding does not update from model to target in some cases
Resolution: FIXED"
34115,"Product: Platform
Component: Team
Severity: normal
Priority: P3
Summary: [DOC] Log messages while searching help
Resolution: FIXED"
19066,"Product: JDT
Component: UI
Severity: normal
Priority: P2
Summary: NPE in RenameTempRefactoring
Resolution: FIXED"
14607,"Product: JDT
Component: Core
Severity: major
Priority: P2
Summary: Refactor: rename isn't updating references
Resolution: WORKSFORME"
192875,"Product: JDT
Component: Core
Severity: normal
Priority: P2
Summary: [compiler][options][null] Set ""Null pointer access"" to warning by default
Resolution: FIXED"
340203,"Product: PDE
Component: UI
Severity: normal
Priority: P3
Summary: Event details dialog should have a resizable text field
Resolution: FIXED"
32768,"Product: Platform
Component: Ant
Severity: normal
Priority: P2
Summary: Edit launch config from Ant view starts out ""dirty""
Resolution: FIXED"
190342,"Product: Platform
Component: User Assistance
Severity: normal
Priority: P3
Summary: [Help] Help preference page reference doc is out of date
Resolution: FIXED"
10582,"Product: Platform
Component: Debug
Severity: normal
Priority: P3
Summary: SWT Exception closing a Debug Perspective in JUnit test
Resolution: FIXED"
7121,"Product: JDT
Component: UI
Severity: normal
Priority: P3
Summary: Not possible to export files directly in source folder
Resolution: FIXED"
123589,"Product: JDT
Component: Debug
Severity: normal
Priority: P3
Summary: Unexpected switch to empty editor when using scrapbook
Resolution: FIXED"
127488,"Product: Platform
Component: UI
Severity: major
Priority: P3
Summary: [TabbedProperties] Both Filter and TypeMapper applied
Resolution: FIXED"
56295,"Product: Platform
Component: Ant
Severity: normal
Priority: P3
Summary: new icon for taskdef needed
Resolution: FIXED"
118624,"Product: PDE
Component: UI
Severity: normal
Priority: P3
Summary: Better support for specifying version dependencies
Resolution: FIXED"
137954,"Product: JDT
Component: Text
Severity: normal
Priority: P2
Summary: [5.0][content assist] content assist  completely replaces the import statement in static import
Resolution: FIXED"
14025,"Product: JDT
Component: Debug
Severity: normal
Priority: P1
Summary: NPE on evaluation of array.length
Resolution: FIXED"
214650,"Product: JDT
Component: Debug
Severity: enhancement
Priority: P3
Summary: Execution Env description file allows only one source archive
Resolution: FIXED"
60699,"Product: Platform
Component: UI
Severity: normal
Priority: P1
Summary: [Progress] Widget is disposed Error in ProgressMonitorFocusJobDialog
Resolution: FIXED"
248520,"Product: Platform
Component: Debug
Severity: normal
Priority: P3
Summary: NPE selecting launch config
Resolution: FIXED"
114080,"Product: PDE
Component: UI
Severity: normal
Priority: P3
Summary: Import Plugin Filtering Incorrect
Resolution: FIXED"
171522,"Product: Platform
Component: UI
Severity: critical
Priority: P1
Summary: [KeyBindings] When ""@Ctrl+Break"" was appended into lable of menu, Workbench can not startup
Resolution: FIXED"
78225,"Product: Platform
Component: UI
Severity: normal
Priority: P2
Summary: [Preferences] Clarify spec w.r.t. threads and change notification
Resolution: FIXED"
137602,"Product: Platform
Component: CVS
Severity: critical
Priority: P1
Summary: Last local rather than remote date on update
Resolution: FIXED"
19371,"Product: Platform
Component: Compare
Severity: normal
Priority: P3
Summary: Java & Compare editor's Next/Previous toolbar buttons shouldn't be retargetable
Resolution: FIXED"
51261,"Product: Platform
Component: Debug
Severity: normal
Priority: P3
Summary: Error when trying to display run context menu items
Resolution: FIXED"
15682,"Product: JDT
Component: UI
Severity: normal
Priority: P1
Summary: Error message hover help is broken
Resolution: FIXED"
41583,"Product: JDT
Component: Core
Severity: critical
Priority: P2
Summary: [misc] Eclipse cannot save or compile files in non-Java project anymore
Resolution: FIXED"
21809,"Product: Platform
Component: Ant
Severity: normal
Priority: P2
Summary: Let user specify installation directory of Ant
Resolution: FIXED"
23651,"Product: Platform
Component: Ant
Severity: normal
Priority: P3
Summary: [doc] AntTasks and AntTypes refer to non-existant API
Resolution: FIXED"
16709,"Product: JDT
Component: UI
Severity: blocker
Priority: P1
Summary: Background file change not loaded when two editors open
Resolution: FIXED"
68179,"Product: Platform
Component: UI
Severity: major
Priority: P2
Summary: [Actions] Open Project menu item never enabled
Resolution: FIXED"
386361,"Product: JDT
Component: Core
Severity: minor
Priority: P3
Summary: Eclipse 4.2 is having difficulty distinguishing overloaded methods with varargs.
Resolution: DUPLICATE"
68963,"Product: Platform
Component: Text
Severity: normal
Priority: P3
Summary: [implementation] A bug of  the IME composition string font.
Resolution: FIXED"
6096,"Product: JDT
Component: UI
Severity: minor
Priority: P3
Summary: Add umimplemented methods generates comments instead of Javadoc
Resolution: FIXED"
29064,"Product: Platform
Component: Debug
Severity: critical
Priority: P2
Summary: Attached source not recognized
Resolution: FIXED"
73086,"Product: Platform
Component: UI
Severity: normal
Priority: P2
Summary: [Encoding] Remove hard coded encodings
Resolution: FIXED"
3641,"Product: JDT
Component: UI
Severity: enhancement
Priority: P2
Summary: DCR: Can't compare from outliner (1GDHJKK)
Resolution: FIXED"
27846,"Product: Platform
Component: Ant
Severity: critical
Priority: P1
Summary: Cannot add new ext tool builer
Resolution: FIXED"
334007,"Product: Platform
Component: Debug
Severity: normal
Priority: P3
Summary: Breakpoint undo should not automatically register a breakpoint
Resolution: FIXED"
106884,"Product: Platform
Component: UI
Severity: major
Priority: P2
Summary: Need an index based setSelection for ILazyContentProviders
Resolution: FIXED"
54270,"Product: JDT
Component: Text
Severity: major
Priority: P2
Summary: [reconciling] Annotations disappear in multi-window setup
Resolution: FIXED"
92967,"Product: JDT
Component: UI
Severity: normal
Priority: P3
Summary: SelectionButtonDialogFieldGroup accesses unitialized field
Resolution: FIXED"
95460,"Product: JDT
Component: UI
Severity: normal
Priority: P3
Summary: [javadoc] Errors in log from Generate Javadoc
Resolution: FIXED"
6638,"Product: JDT
Component: UI
Severity: enhancement
Priority: P3
Summary: ""Add Method Overrides"" menu pick
Resolution: FIXED"
120195,"Product: JDT
Component: UI
Severity: normal
Priority: P3
Summary: [performance] huge memory usage when large file selected in package explorer
Resolution: FIXED"
88181,"Product: JDT
Component: Debug
Severity: normal
Priority: P3
Summary: Using I20050315-1100, I have critical refresh problems in the variable view
Resolution: FIXED"
361920,"Product: JDT
Component: Text
Severity: normal
Priority: P2
Summary: [nls tooling][quick assist] IAE with 'Remove key' quick assist in Properties File editor
Resolution: FIXED"
332335,"Product: PDE
Component: UI
Severity: trivial
Priority: P3
Summary: Fix for wrong usages of affect* and effect*
Resolution: FIXED"
148137,"Product: Platform
Component: Doc
Severity: normal
Priority: P2
Summary: errors in Platform user and isv doc
Resolution: FIXED"
315737,"Product: Platform
Component: UI
Severity: normal
Priority: P3
Summary: [CommonNavigator] Link with Editor has no F1 help
Resolution: FIXED"
56112,"Product: Platform
Component: UI
Severity: critical
Priority: P1
Summary: mainwindow freezes when maximizing fastview
Resolution: FIXED"
64390,"Product: Platform
Component: UI
Severity: minor
Priority: P2
Summary: [Presentations] DefaultPartPresentation#childPropertyChanged() causes too much view pane flickering
Resolution: FIXED"
125703,"Product: Platform
Component: UI
Severity: major
Priority: P1
Summary: [Commands] handlers: Some handlers are not being registered in the Java editor
Resolution: FIXED"
27500,"Product: Platform
Component: Ant
Severity: normal
Priority: P3
Summary: Ant tasks do not always have a name
Resolution: FIXED"
232539,"Product: PDE
Component: UI
Severity: critical
Priority: P3
Summary: pde.runtime minor version should be reverted to 3.4M6a version
Resolution: FIXED"
310612,"Product: Platform
Component: IDE
Severity: minor
Priority: P3
Summary: [Markers] Quick fix wizard should not let the user finish if nothing has been selected
Resolution: FIXED"
239607,"Product: JDT
Component: Core
Severity: normal
Priority: P2
Summary: [formatter] Incorrect removal of asterisk (*) within a block comment when formatting
Resolution: FIXED"
353640,"Product: JDT
Component: Core
Severity: normal
Priority: P3
Summary: AIOOBE in ParameterizedTypeBinding.substitute
Resolution: FIXED"
51382,"Product: Platform
Component: Ant
Severity: enhancement
Priority: P3
Summary: Add ""Export project to buildfile""
Resolution: FIXED"
15377,"Product: JDT
Component: Debug
Severity: normal
Priority: P3
Summary: Add: Add Method Breakpoint to the Debug menu
Resolution: FIXED"
222062,"Product: JDT
Component: Debug
Severity: normal
Priority: P3
Summary: jdt.launching has an old copy of ListenerList impementation
Resolution: FIXED"
65304,"Product: JDT
Component: UI
Severity: normal
Priority: P3
Summary: Fields, static fields and member classes not correctly ordered by visibility
Resolution: FIXED"
350652,"Product: JDT
Component: Core
Severity: normal
Priority: P3
Summary: [1.7][assist] Completion issues with multicatch (FUP of 343637)
Resolution: FIXED"
24712,"Product: JDT
Component: UI
Severity: minor
Priority: P3
Summary: status bar doesn't show project of PackageFragmentRoots
Resolution: FIXED"
275699,"Product: PDE
Component: UI
Severity: normal
Priority: P3
Summary: [target] Content tab does not show ""resolving"" on secondary resolutions
Resolution: FIXED"
99149,"Product: Platform
Component: UI
Severity: normal
Priority: P2
Summary: [Examples] example project installs ugly icons on toolbar
Resolution: FIXED"
26688,"Product: Platform
Component: Ant
Severity: enhancement
Priority: P2
Summary: Rendering of Ant projects in the Ant View
Resolution: FIXED"
413348,"Product: Platform
Component: UI
Severity: normal
Priority: P3
Summary: [CSS] Stream leaks in AbstractCSSEngine
Resolution: FIXED"
13948,"Product: JDT
Component: Debug
Severity: normal
Priority: P2
Summary: Stale root tree items in debug processes view
Resolution: FIXED"
77678,"Product: Platform
Component: UI
Severity: normal
Priority: P2
Summary: [Viewers] Performance issues with SWT.VIRTUAL style in TableViewer on Mac OS X
Resolution: FIXED"
51887,"Product: Platform
Component: Debug
Severity: enhancement
Priority: P2
Summary: Feature request: Allow more control over Debug view
Resolution: FIXED"
185113,"Product: JDT
Component: UI
Severity: normal
Priority: P3
Summary: [working sets] Reveal changed element after 'Assign Working Sets'
Resolution: FIXED"
74340,"Product: Platform
Component: Debug
Severity: normal
Priority: P3
Summary: NPE in IOConsoleViewer
Resolution: FIXED"
81424,"Product: JDT
Component: Text
Severity: normal
Priority: P1
Summary: NPE in PropertiesSpellingReconcileStrategy
Resolution: FIXED"
31445,"Product: JDT
Component: UI
Severity: normal
Priority: P2
Summary: QualifiedNameFinder loads Search plug-in
Resolution: FIXED"
114544,"Product: JDT
Component: UI
Severity: normal
Priority: P3
Summary: [clean up] clean up does not convert static accesses as promised
Resolution: FIXED"
340058,"Product: JDT
Component: UI
Severity: normal
Priority: P1
Summary: Review performance results
Resolution: FIXED"
95632,"Product: JDT
Component: UI
Severity: normal
Priority: P3
Summary: [build path] exception when changing source folders
Resolution: FIXED"
359314,"Product: PDE
Component: UI
Severity: normal
Priority: P3
Summary: Use menus extension point instead of popupmenus
Resolution: FIXED"
89525,"Product: JDT
Component: Text
Severity: normal
Priority: P3
Summary: [formatting] Javadoc comment formatter: some options don't work anymore
Resolution: FIXED"
381946,"Product: PDE
Component: UI
Severity: minor
Priority: P3
Summary: org.eclipse.pde.core.build has no package.html
Resolution: FIXED"
272494,"Product: JDT
Component: Debug
Severity: normal
Priority: P3
Summary: Debug view shows stale threads
Resolution: FIXED"
134975,"Product: JDT
Component: Text
Severity: normal
Priority: P2
Summary: [hovering] Polish Javadoc hovers
Resolution: FIXED"
13584,"Product: Platform
Component: Debug
Severity: normal
Priority: P1
Summary: Attempting to create breakpoints while resource tree locked
Resolution: FIXED"
416027,"Product: JDT
Component: APT
Severity: normal
Priority: P1
Summary: [1.8] Enable reflected parameter names during annotation processing
Resolution: FIXED"
27975,"Product: JDT
Component: Text
Severity: normal
Priority: P2
Summary: Undo should undo auto-insertions
Resolution: FIXED"
69900,"Product: Platform
Component: UI
Severity: major
Priority: P1
Summary: [EditorMgmt] Editor cannot be closed after it is activated for the first time.
Resolution: FIXED"
26443,"Product: JDT
Component: Debug
Severity: normal
Priority: P2
Summary: CTRL-space not working in var view
Resolution: FIXED"
310547,"Product: PDE
Component: API Tools
Severity: enhancement
Priority: P3
Summary: Support usage scanning tools in IDE
Resolution: FIXED"
160217,"Product: JDT
Component: Core
Severity: normal
Priority: P3
Summary: [ast rewrite] ASTRewrite#getListRewrite does not fullfill spec
Resolution: FIXED"
1764,"Product: JDT
Component: Debug
Severity: normal
Priority: P2
Summary: Use Step Filters context menu item out of synch (1GLE2PD)
Resolution: FIXED"
41575,"Product: Platform
Component: Debug
Severity: major
Priority: P2
Summary: Can't open breakpoint view
Resolution: FIXED"
27815,"Product: Platform
Component: Ant
Severity: normal
Priority: P2
Summary: Illegal reference to LaunchGroup and DebugUIPlugin
Resolution: FIXED"
26681,"Product: JDT
Component: Debug
Severity: enhancement
Priority: P2
Summary: Multiple output folder
Resolution: FIXED"
217940,"Product: Platform
Component: UI
Severity: normal
Priority: P3
Summary: [Databinding] Unneeded Messages in org/eclipse/core/internal/databinding/messages.properties
Resolution: FIXED"
383644,"Product: JDT
Component: Core
Severity: trivial
Priority: P3
Summary: Typo in ECJ -source error message
Resolution: FIXED"
92244,"Product: Platform
Component: Debug
Severity: normal
Priority: P2
Summary: SelectedResourceManager copies entire text selection upon every selection change
Resolution: FIXED"
349706,"Product: PDE
Component: API Tools
Severity: normal
Priority: P3
Summary: PreferencesTests rely on test ordering
Resolution: FIXED"
204790,"Product: Platform
Component: UI
Severity: normal
Priority: P3
Summary: [Workbench] lock on .metadata/.lock is never released
Resolution: FIXED"
24101,"Product: JDT
Component: UI
Severity: major
Priority: P3
Summary: JavaWorkingSetPage.setSelection should work without container being set [general issue]
Resolution: FIXED"
187264,"Product: Platform
Component: UI
Severity: normal
Priority: P3
Summary: [DataBinding] ""not to be implemented by clients"" missing in IConverter Javadoc
Resolution: FIXED"
62396,"Product: Platform
Component: Ant
Severity: normal
Priority: P3
Summary: Allow configuration of Ant buildfile warnings and errors
Resolution: FIXED"
299118,"Product: Platform
Component: UI
Severity: minor
Priority: P3
Summary: [Preferences] Open mode not updated after importing preferences
Resolution: FIXED"
36034,"Product: Platform
Component: UI
Severity: major
Priority: P3
Summary: [Keybindings] Exception if description is missing from a command
Resolution: FIXED"
1633,"Product: JDT
Component: Debug
Severity: normal
Priority: P2
Summary: Scrapbook imports
Resolution: FIXED"
67174,"Product: JDT
Component: Text
Severity: normal
Priority: P2
Summary: [validateEdit] IAE when declining CVS Edit
Resolution: FIXED"
47601,"Product: Platform
Component: Debug
Severity: enhancement
Priority: P3
Summary: external tools: add ${selection} as a variable
Resolution: FIXED"
58825,"Product: Platform
Component: UI
Severity: normal
Priority: P2
Summary: [KeyBindings] ""In Windows"" context is confusing
Resolution: FIXED"
6214,"Product: Platform
Component: Debug
Severity: normal
Priority: P2
Summary: More that one debug target per lanuch
Resolution: FIXED"
187594,"Product: Platform
Component: UI
Severity: normal
Priority: P3
Summary: Compiler warnings in I20070517-0010
Resolution: FIXED"
93935,"Product: Platform
Component: UI
Severity: normal
Priority: P2
Summary: [Preferences] Add keywords to preference pages
Resolution: FIXED"
50298,"Product: JDT
Component: Debug
Severity: normal
Priority: P3
Summary: markers not displayed in Java snippet editor
Resolution: FIXED"
78274,"Product: Platform
Component: Text
Severity: major
Priority: P2
Summary: ConcurrentModificationException in AbstractLineTracker.flushRewriteSession
Resolution: FIXED"
1655,"Product: JDT
Component: Debug
Severity: minor
Priority: P1
Summary: BUG - Timing out on toString; total redraw of debug view (1GG8SQJ)
Resolution: FIXED"
214843,"Product: PDE
Component: UI
Severity: normal
Priority: P3
Summary: Missing Classpath entry for New Plug-in Project from JAR
Resolution: FIXED"
43278,"Product: JDT
Component: UI
Severity: critical
Priority: P3
Summary: Deadlock on shutdown
Resolution: FIXED"
140547,"Product: JDT
Component: Debug
Severity: blocker
Priority: P3
Summary: NoSuchElementException
Resolution: FIXED"
493142,"Product: PDE
Component: UI
Severity: normal
Priority: P3
Summary: Plug-in Image Browser does not always take focus (was: Quick access popup remains open)
Resolution: FIXED"
217815,"Product: Platform
Component: Text
Severity: normal
Priority: P2
Summary: [hovering] Enriched source hover changes size
Resolution: FIXED"
13684,"Product: Platform
Component: Debug
Severity: normal
Priority: P1
Summary: CoreException thrown when no project is specified
Resolution: FIXED"
30650,"Product: JDT
Component: Debug
Severity: enhancement
Priority: P2
Summary: Conditional breakpoint compilation problem dialog usability
Resolution: FIXED"
27531,"Product: Platform
Component: Ant
Severity: normal
Priority: P3
Summary: Browse for Ant home should store last location
Resolution: FIXED"
188919,"Product: Platform
Component: Debug
Severity: normal
Priority: P3
Summary: [doc] Breakpoints view doc needs improvements
Resolution: FIXED"
85330,"Product: Platform
Component: Debug
Severity: normal
Priority: P3
Summary: Illegal Argument Exception in VariablesView details panel
Resolution: FIXED"
40959,"Product: JDT
Component: Debug
Severity: normal
Priority: P3
Summary: title for JSP breakpoint is incorrect
Resolution: FIXED"
213692,"Product: JDT
Component: Core
Severity: normal
Priority: P2
Summary: [compiler] Wrong unnecessary NON-NLS diagnostic after syntax recovery
Resolution: FIXED"
81760,"Product: Platform
Component: UI
Severity: normal
Priority: P2
Summary: [Import/Export] Search as you type in import dialog is bad
Resolution: FIXED"
207838,"Product: Platform
Component: UI
Severity: enhancement
Priority: P3
Summary: [DataBinding] ComputedList contribution
Resolution: FIXED"
351262,"Product: JDT
Component: UI
Severity: enhancement
Priority: P2
Summary: [1.7][quick fix] Change compiler compliance when diamond operator is used in 1.6 or lower
Resolution: FIXED"
66204,"Product: JDT
Component: Debug
Severity: normal
Priority: P3
Summary: Add JRE dialog does not resize properly in vertical
Resolution: FIXED"
6530,"Product: JDT
Component: Debug
Severity: normal
Priority: P1
Summary: Rapid successive evaluation causes trouble
Resolution: FIXED"
25031,"Product: JDT
Component: UI
Severity: normal
Priority: P3
Summary: [Dialogs] Bogus progress bar after canceling paste
Resolution: FIXED"
70362,"Product: Platform
Component: UI
Severity: major
Priority: P1
Summary: [EditorMgmt] Topmost editor not properly restored
Resolution: FIXED"
19230,"Product: Platform
Component: Releng
Severity: critical
Priority: P1
Summary: F2: HP-UX build has a bogus platform plugin (empty directory)
Resolution: FIXED"
36660,"Product: Platform
Component: Ant
Severity: normal
Priority: P3
Summary: Double click in external tool builder property page should invoke edit
Resolution: FIXED"
53641,"Product: Platform
Component: Text
Severity: normal
Priority: P2
Summary: [implementation] IllegalArgumentException: Argument not valid
Resolution: FIXED"
164365,"Product: Platform
Component: UI
Severity: normal
Priority: P3
Summary: [Viewers] Snippet to show how to implement double-click editing
Resolution: FIXED"
407511,"Product: Platform
Component: UI
Severity: normal
Priority: P3
Summary: Tooltips not reliably shown on truncated view titles
Resolution: FIXED"
120863,"Product: Platform
Component: Debug
Severity: enhancement
Priority: P3
Summary: Support Ctrl modifier on console hyperlinks
Resolution: FIXED"
72720,"Product: Platform
Component: UI
Severity: normal
Priority: P2
Summary: [Viewers] TableTreeViewer should support ITableColorProvider
Resolution: FIXED"
214149,"Product: PDE
Component: UI
Severity: enhancement
Priority: P3
Summary: Remove the ability to create 3.0 plug-ins
Resolution: FIXED"
7097,"Product: JDT
Component: UI
Severity: normal
Priority: P3
Summary: Pull up method is not very useful without being able to pull up fields
Resolution: FIXED"
87583,"Product: Platform
Component: UI
Severity: normal
Priority: P2
Summary: [Workbench] Showing progress on startup
Resolution: FIXED"
68033,"Product: Platform
Component: UI
Severity: normal
Priority: P2
Summary: popup menu has no size in ctrl+e drop down editor list
Resolution: FIXED"
344731,"Product: PDE
Component: UI
Severity: normal
Priority: P3
Summary: DS File wizard has confusing error
Resolution: FIXED"
12032,"Product: Platform
Component: Debug
Severity: normal
Priority: P3
Summary: Debug Constants should include value in javadoc
Resolution: FIXED"
254901,"Product: JDT
Component: UI
Severity: enhancement
Priority: P3
Summary: Adopt the new PixelConverter from JFace and drop ours
Resolution: FIXED"
373953,"Product: JDT
Component: Core
Severity: normal
Priority: P3
Summary: FUP of bug 127575: java.eclipse.core.runtime.Assert  is being recognized as org.eclipse.core.runtime.Assert
Resolution: FIXED"
77189,"Product: Platform
Component: Debug
Severity: normal
Priority: P3
Summary: exception during test suite
Resolution: FIXED"
17683,"Product: JDT
Component: UI
Severity: normal
Priority: P2
Summary: Exception not logged in StorageDocumentProvider
Resolution: FIXED"
41506,"Product: Platform
Component: Debug
Severity: critical
Priority: P1
Summary: NPE attempting to create watch expression
Resolution: FIXED"
264159,"Product: JDT
Component: Core
Severity: normal
Priority: P3
Summary: Unexpected warning ""Potential null pointer access"" in assert message
Resolution: WORKSFORME"
29297,"Product: JDT
Component: Debug
Severity: blocker
Priority: P2
Summary: Debug does not honor multiple output folders
Resolution: FIXED"
60257,"Product: JDT
Component: Core
Severity: minor
Priority: P2
Summary: SearchPattern API: R_CASE_SENSITIVE vs. boolean isCaseSensitive
Resolution: FIXED"
184712,"Product: Platform
Component: UI
Severity: normal
Priority: P3
Summary: [Viewers] Label provider of a tree vewier is not called
Resolution: FIXED"
335553,"Product: PDE
Component: UI
Severity: major
Priority: P3
Summary: NPE in Declarative Services Component wizard
Resolution: FIXED"
10817,"Product: Platform
Component: Debug
Severity: normal
Priority: P2
Summary: configs in java packages get copied to output folder
Resolution: FIXED"
94406,"Product: Platform
Component: Debug
Severity: normal
Priority: P2
Summary: Context Enabled not opened in Java Perspective in multi-langauage scenario
Resolution: FIXED"
48116,"Product: Platform
Component: UI
Severity: normal
Priority: P2
Summary: [Preferences] File associations preferences are not exported
Resolution: FIXED"
44868,"Product: Platform
Component: UI
Severity: normal
Priority: P1
Summary: [Workbench] Remove dependencies on Xerces
Resolution: FIXED"
333788,"Product: PDE
Component: UI
Severity: normal
Priority: P3
Summary: Internal error when trying to update a feature.xml file
Resolution: FIXED"
124287,"Product: JDT
Component: UI
Severity: normal
Priority: P3
Summary: [quick fix] Quick fix doesn't show similar local variables in static methods
Resolution: FIXED"
308957,"Product: JDT
Component: UI
Severity: normal
Priority: P2
Summary: New wizards need to check for filtered resources
Resolution: FIXED"
399038,"Product: Platform
Component: Releng
Severity: normal
Priority: P1
Summary: Update EMF contribution URL to their Juno SR2 version
Resolution: FIXED"
44758,"Product: JDT
Component: Debug
Severity: normal
Priority: P3
Summary: Runtime resolve of packages from other project is not possible in conditional breakpoints
Resolution: FIXED"
3637,"Product: JDT
Component: UI
Severity: critical
Priority: P1
Summary: drag'n'drop - cannot dnd a file from a package to a resource folder (1GDF2T8)
Resolution: FIXED"
28022,"Product: JDT
Component: UI
Severity: enhancement
Priority: P2
Summary: cannot refactor/move static field to interface[refactoring]
Resolution: FIXED"
198927,"Product: PDE
Component: UI
Severity: major
Priority: P3
Summary: Provide error reporting around invalid Bundle-ManifestVersion's
Resolution: FIXED"
157814,"Product: JDT
Component: Core
Severity: normal
Priority: P2
Summary: [search] polymorphic matches in supertype hierarchy should be marked as potential
Resolution: FIXED"
412970,"Product: Platform
Component: IDE
Severity: normal
Priority: P3
Summary: [WorkingSets] Working sets reset after closing eclipse
Resolution: FIXED"
283313,"Product: Platform
Component: SWT
Severity: normal
Priority: P3
Summary: [Cocoa] Deleting TableViewer elements and calling refresh() causes major crash
Resolution: FIXED"
15486,"Product: JDT
Component: UI
Severity: critical
Priority: P1
Summary: Hierarchy View takes 8 minutes to start up
Resolution: FIXED"
124953,"Product: Platform
Component: UI
Severity: critical
Priority: P2
Summary: [Markers] AIOB when applying quick fix
Resolution: FIXED"
61446,"Product: Platform
Component: UI
Severity: normal
Priority: P2
Summary: [Commands] performance degradation on opening editors
Resolution: FIXED"
149076,"Product: Platform
Component: Debug
Severity: normal
Priority: P3
Summary: [preferences] Use step filtering pref is not persisted over workbench restart
Resolution: FIXED"
80646,"Product: Platform
Component: UI
Severity: normal
Priority: P3
Summary: [Dialogs] ResourceInfoPage should set background on read-only text widgets
Resolution: FIXED"
56818,"Product: Platform
Component: UI
Severity: major
Priority: P2
Summary: [PropertiesView] Clicking on Advanced Properties toggle when categories are collapsed removes the + next to the category
Resolution: FIXED"
61316,"Product: Platform
Component: SWT
Severity: critical
Priority: P1
Summary: SWT error occurred on Eclipse 200405060200
Resolution: FIXED"
225512,"Product: JDT
Component: Text
Severity: major
Priority: P2
Summary: [hovering] No error hover on API tooling problem
Resolution: FIXED"
173725,"Product: JDT
Component: Core
Severity: normal
Priority: P3
Summary: Incorrect ""cannot be null"" after assert
Resolution: WONTFIX"
379501,"Product: Platform
Component: Releng
Severity: major
Priority: P2
Summary: remove the org.eclipse.equinox.slf4j.stub bundle
Resolution: FIXED"
401933,"Product: Platform
Component: Runtime
Severity: enhancement
Priority: P3
Summary: [Contexts] IContextFunction should receive the lookup key
Resolution: FIXED"
32727,"Product: Platform
Component: Ant
Severity: normal
Priority: P3
Summary: Console color for Ant not updated until forced to redraw
Resolution: FIXED"
292539,"Product: Platform
Component: Team
Severity: major
Priority: P2
Summary: [Sync View] Multiple nodes for a compilation unit in model sync
Resolution: FIXED"
11110,"Product: Platform
Component: Debug
Severity: normal
Priority: P1
Summary: NPE in AbstractListenerActionDelegate.pageActivated
Resolution: FIXED"
349665,"Product: JDT
Component: UI
Severity: enhancement
Priority: P2
Summary: [1.7][quick fix] Need 'Surround with try/multi-catch'
Resolution: FIXED"
365986,"Product: Platform
Component: User Assistance
Severity: minor
Priority: P3
Summary: Compile warning in official build
Resolution: FIXED"
185637,"Product: JDT
Component: UI
Severity: normal
Priority: P3
Summary: [build path] NPE while trying to extend variable that points to folder
Resolution: FIXED"
406244,"Product: PDE
Component: UI
Severity: normal
Priority: P3
Summary: org.eclipse.pde.junit.runtime has a required dependency on org.eclipse.ui now
Resolution: FIXED"
19172,"Product: Platform
Component: Releng
Severity: normal
Priority: P1
Summary: features need license agreement
Resolution: FIXED"
120651,"Product: JDT
Component: Debug
Severity: normal
Priority: P3
Summary: Display and Content Assist do not work consistently in Variables View
Resolution: FIXED"
199294,"Product: Platform
Component: Debug
Severity: normal
Priority: P3
Summary: LaunchManager provokes NPEs when *.launch files are on remote EFS locations
Resolution: FIXED"
89544,"Product: JDT
Component: Debug
Severity: normal
Priority: P2
Summary: [polish] inspect popup size not persisted
Resolution: FIXED"
84279,"Product: Platform
Component: UI
Severity: major
Priority: P2
Summary: [KeyBindings] assist: Leaks Shell and EnabledSubmissions
Resolution: FIXED"
140893,"Product: Platform
Component: UI
Severity: normal
Priority: P3
Summary: [Metadata] No version range specified when requiring bundles
Resolution: FIXED"
388069,"Product: PDE
Component: Doc
Severity: normal
Priority: P3
Summary: WSW38 DVT: Broken Links in Help
Resolution: FIXED"
246209,"Product: Platform
Component: UI
Severity: normal
Priority: P3
Summary: [Viewers] OpenStrategy postSelection delay hinders automated testing
Resolution: FIXED"
52606,"Product: Platform
Component: UI
Severity: normal
Priority: P2
Summary: [Coolbar] Workbench window toolbar too high on restart
Resolution: DUPLICATE"
50702,"Product: Platform
Component: CVS
Severity: normal
Priority: P1
Summary: Project set import fails due to lack of user name
Resolution: FIXED"
99073,"Product: Platform
Component: Debug
Severity: normal
Priority: P3
Summary: Do not filter target change events in the Registers and Variables views
Resolution: FIXED"
36086,"Product: Platform
Component: Team
Severity: major
Priority: P2
Summary: [CVS Repo View] Expanding project in Version category forgets tags
Resolution: FIXED"
133497,"Product: JDT
Component: Text
Severity: normal
Priority: P3
Summary: [misc] Activate30JavaEditors performance test explanation not there
Resolution: FIXED"
26503,"Product: Platform
Component: Debug
Severity: enhancement
Priority: P2
Summary: launch groups/dropdown should support shortcuts
Resolution: FIXED"
83656,"Product: JDT
Component: UI
Severity: major
Priority: P3
Summary: [1.5] Organize Imports is broken for annotations
Resolution: FIXED"
99416,"Product: JDT
Component: Debug
Severity: normal
Priority: P3
Summary: Evaluation in context of superclass fails to resolve instvar in subclass
Resolution: FIXED"
60521,"Product: Platform
Component: Ant
Severity: normal
Priority: P3
Summary: Global classpath Ant home should indicate default
Resolution: FIXED"
106492,"Product: JDT
Component: Debug
Severity: normal
Priority: P3
Summary: NPE on console during debug session
Resolution: FIXED"
132986,"Product: JDT
Component: Debug
Severity: normal
Priority: P3
Summary: new variables view: show id in first column or a special column for the id
Resolution: FIXED"
66062,"Product: Platform
Component: Ant
Severity: normal
Priority: P3
Summary: DocumentModelChangeEvent and IDocumentModelEventListener
Resolution: FIXED"
65006,"Product: JDT
Component: Debug
Severity: normal
Priority: P3
Summary: Search for Installed JREs searches in bg without progress
Resolution: WORKSFORME"
16413,"Product: JDT
Component: UI
Severity: normal
Priority: P1
Summary: Strange ""Organize Import"" behavior
Resolution: FIXED"
433932,"Product: JDT
Component: UI
Severity: normal
Priority: P3
Summary: Cancel moving a read-only resource error
Resolution: FIXED"
105955,"Product: Platform
Component: Debug
Severity: normal
Priority: P3
Summary: ""Find Variable"" action should be renamed to ""Find Register"" in the Registers View
Resolution: FIXED"
202270,"Product: JDT
Component: UI
Severity: major
Priority: P3
Summary: [organize imports] does not organize imports in some cases
Resolution: FIXED"
103970,"Product: JDT
Component: UI
Severity: normal
Priority: P3
Summary: [astrewrite] problem replacing parentized expression
Resolution: FIXED"
50335,"Product: Platform
Component: Compare
Severity: minor
Priority: P3
Summary: Large compare seems like a hang
Resolution: WORKSFORME"
65188,"Product: Platform
Component: Text
Severity: normal
Priority: P2
Summary: [misc] NPE closing java editor
Resolution: FIXED"
172793,"Product: PDE
Component: UI
Severity: normal
Priority: P3
Summary: EE combo box should show EE-JRE bindings
Resolution: FIXED"
11228,"Product: JDT
Component: UI
Severity: normal
Priority: P2
Summary: package name shortening pref page - tooltip works as help
Resolution: FIXED"
14406,"Product: Platform
Component: Debug
Severity: normal
Priority: P3
Summary: Debug menu items becoming disabled inappropriately
Resolution: FIXED"
1756,"Product: JDT
Component: Debug
Severity: normal
Priority: P1
Summary: Breakpoints installed in all classes with ""name*"" (1GLCLBW)
Resolution: FIXED"
50515,"Product: JDT
Component: Debug
Severity: normal
Priority: P3
Summary: problem with ""no debug attributes"" dialog
Resolution: FIXED"
340906,"Product: PDE
Component: UI
Severity: critical
Priority: P3
Summary: Non UI thread applications no longer have their test harness set
Resolution: FIXED"
99796,"Product: Platform
Component: Debug
Severity: normal
Priority: P3
Summary: Refactoring changed launch config name to ""null""
Resolution: FIXED"
46394,"Product: JDT
Component: Text
Severity: normal
Priority: P2
Summary: RCP: Add marker action disabled for Java editor
Resolution: FIXED"
429619,"Product: Platform
Component: UI
Severity: normal
Priority: P3
Summary: [CSS] NPE in TableItemElement.reset()
Resolution: FIXED"
90646,"Product: Platform
Component: UI
Severity: normal
Priority: P2
Summary: [Viewers] SWTException from DeferredContentProvider
Resolution: FIXED"
334754,"Product: JDT
Component: Core
Severity: normal
Priority: P3
Summary: Potential Null pointer access and the assert keyword
Resolution: WORKSFORME"
97331,"Product: Platform
Component: UI
Severity: normal
Priority: P2
Summary: [Preferences] Content Types preference page should use ""encoding"" rather than ""character set""
Resolution: FIXED"
17114,"Product: JDT
Component: Debug
Severity: enhancement
Priority: P3
Summary: Primitive type display options should be more accessible
Resolution: FIXED"
87586,"Product: Platform
Component: Debug
Severity: normal
Priority: P2
Summary: View closure doesn't pay attention to perspectives
Resolution: FIXED"
101434,"Product: Platform
Component: UI
Severity: major
Priority: P2
Summary: [Contexts] performance: Slow cursor navigation in Text fields
Resolution: FIXED"
108453,"Product: JDT
Component: UI
Severity: major
Priority: P3
Summary: [quick fix] @SuppressWarnings(""nls"") on static initializer causes error
Resolution: FIXED"
19182,"Product: Platform
Component: Debug
Severity: critical
Priority: P1
Summary: Disconnect debug session crashes WebSphere
Resolution: FIXED"
85408,"Product: Platform
Component: Text
Severity: normal
Priority: P2
Summary: [implementation] TextViewer.forgetDocumentSelection() should do something useful when remembered position is deleted
Resolution: FIXED"
100193,"Product: Platform
Component: Compare
Severity: normal
Priority: P3
Summary: Attempt to switch to compare view - focus switches to editor of file being compared
Resolution: WORKSFORME"
114590,"Product: JDT
Component: Debug
Severity: normal
Priority: P3
Summary: breakpoint checked state problems
Resolution: FIXED"
348402,"Product: JDT
Component: Core
Severity: minor
Priority: P3
Summary: [1.7] Overlapping error ranges on multi-catch block in 1.5 mode
Resolution: WONTFIX"
158232,"Product: Platform
Component: Debug
Severity: minor
Priority: P3
Summary: 'Terminate and relaunch' action is enabled for non-relaunchable configs
Resolution: FIXED"
65182,"Product: JDT
Component: UI
Severity: normal
Priority: P2
Summary: [Progress] No progress shown when searching for JUnit test class
Resolution: FIXED"
106617,"Product: Platform
Component: UI
Severity: critical
Priority: P3
Summary: [WorkbenchLauncher] ""Select a Workspace"" floats above the file chooser
Resolution: FIXED"
9055,"Product: JDT
Component: Debug
Severity: normal
Priority: P1
Summary: API - step filters should be configurable per target
Resolution: FIXED"
170184,"Product: Platform
Component: UI
Severity: normal
Priority: P3
Summary: SaveblesList updating is incomplete
Resolution: FIXED"
385540,"Product: JDT
Component: Core
Severity: normal
Priority: P3
Summary: Incorrect javadoc for @NonNullByDefault
Resolution: FIXED"
308035,"Product: Platform
Component: User Assistance
Severity: normal
Priority: P3
Summary: [Help] Help Contents gets ""Connection Refused"" when on VPN or behind authenticated proxy
Resolution: FIXED"
182974,"Product: Platform
Component: Debug
Severity: normal
Priority: P3
Summary: [breakpoints] Removing a breakpoint causes two independent resource deltas
Resolution: FIXED"
275809,"Product: Platform
Component: IDE
Severity: trivial
Priority: P3
Summary: [Markers] Can no longer toggle description in Problem view's contents configuration dialog
Resolution: FIXED"
72838,"Product: Platform
Component: Debug
Severity: enhancement
Priority: P3
Summary: Say which project in ""Errors exist in a required project. Continue to launch?""
Resolution: FIXED"
170857,"Product: Platform
Component: Debug
Severity: major
Priority: P3
Summary: Index out of bound at the SWT level in the debug view
Resolution: FIXED"
8953,"Product: JDT
Component: Debug
Severity: normal
Priority: P2
Summary: Editor opens on save if debugger is stopped at breakpoint
Resolution: FIXED"
62677,"Product: Platform
Component: Debug
Severity: normal
Priority: P3
Summary: Adding working set to Source Lookup Tabs causes problems in the tab.
Resolution: FIXED"
19253,"Product: JDT
Component: UI
Severity: major
Priority: P1
Summary: Several NotPresentExceptions in log
Resolution: FIXED"
74173,"Product: Platform
Component: Update  (deprecated - use RT>Equinox>p2)
Severity: normal
Priority: P3
Summary: Install Wizard; cropped buttons on Search Result page
Resolution: FIXED"
66807,"Product: Platform
Component: Update  (deprecated - use RT>Equinox>p2)
Severity: major
Priority: P2
Summary: When installing an update of a feature, the targets location should match that of old feature
Resolution: FIXED"
19013,"Product: Platform
Component: Compare
Severity: normal
Priority: P3
Summary: backgronud color: is it honored?
Resolution: FIXED"
91674,"Product: Platform
Component: Ant
Severity: normal
Priority: P3
Summary: Namespace imported ant targets not listed
Resolution: FIXED"
293777,"Product: JDT
Component: Core
Severity: normal
Priority: P3
Summary: Misleading problem when @Override is used on method with unresolved parameter type
Resolution: FIXED"
152004,"Product: JDT
Component: UI
Severity: normal
Priority: P3
Summary: [extract method] should declare method static if extracted from anonymous in static method
Resolution: FIXED"
69963,"Product: Platform
Component: UI
Severity: trivial
Priority: P2
Summary: [KeyBindings] doc: New key bindings fail to work in text editor
Resolution: FIXED"
411147,"Product: Platform
Component: UI
Severity: major
Priority: P3
Summary: ServiceLocator#getService(Class) may register an invalid service object; IEclipseContext#get(Class) does not handle NOT_A_VALUE
Resolution: FIXED"
234345,"Product: Platform
Component: UI
Severity: normal
Priority: P3
Summary: [Viewers] AbstractTreeViewer#getChildren(Widget,Object[]) holds doc that it is experimental
Resolution: FIXED"
493297,"Product: Platform
Component: IDE
Severity: trivial
Priority: P3
Summary: Autosave preference page does not honor dialog font
Resolution: FIXED"
64370,"Product: Platform
Component: Debug
Severity: normal
Priority: P3
Summary: Fix setTitle deprecations
Resolution: FIXED"
26098,"Product: JDT
Component: Core
Severity: critical
Priority: P1
Summary: Wrong line number attribute.
Resolution: FIXED"
1681,"Product: JDT
Component: Debug
Severity: normal
Priority: P2
Summary: make Java Debug UI a seperate plugin (1GIGG3X)
Resolution: FIXED"
286355,"Product: PDE
Component: UI
Severity: normal
Priority: P3
Summary: NPE in SchemaErrorReporter
Resolution: FIXED"
183532,"Product: JDT
Component: Debug
Severity: major
Priority: P3
Summary: Bug with debugging of generic methods
Resolution: FIXED"
140107,"Product: JDT
Component: Debug
Severity: normal
Priority: P3
Summary: [applet]  [help] The context help of Java applet configuration could not be found
Resolution: FIXED"
139750,"Product: JDT
Component: UI
Severity: major
Priority: P2
Summary: [junit] Run as JUnit 4.0 Testcase does not work if testcase contains final methods only
Resolution: FIXED"
385128,"Product: Platform
Component: UI
Severity: normal
Priority: P3
Summary: IWorkbenchPreferenceConstants.SHOW_PROGRESS_ON_STARTUP does nothing
Resolution: FIXED"
24364,"Product: Platform
Component: Debug
Severity: enhancement
Priority: P3
Summary: Investigate opening launch config dialog from inside a delegate's launch() method
Resolution: FIXED"
127705,"Product: Platform
Component: Search
Severity: normal
Priority: P3
Summary: rename search action to 'Last scope'
Resolution: FIXED"
72615,"Product: Platform
Component: UI
Severity: normal
Priority: P2
Summary: [Viewers] Need and ITableFontProvider
Resolution: FIXED"
492750,"Product: Platform
Component: UI
Severity: trivial
Priority: P3
Summary: Autosave preference page needs keyword ""save""
Resolution: FIXED"
276971,"Product: PDE
Component: UI
Severity: critical
Priority: P1
Summary: [target] old plug-ins with non-bundle manifest not recognized by target platform
Resolution: FIXED"
179032,"Product: Platform
Component: UI
Severity: minor
Priority: P3
Summary: [KeyBindings] Table in Keys preference page should use sort arrows
Resolution: FIXED"
52841,"Product: Platform
Component: UI
Severity: enhancement
Priority: P3
Summary: [EditorMgmt] Add Close All to editor tabs context menu
Resolution: FIXED"
266192,"Product: PDE
Component: UI
Severity: normal
Priority: P3
Summary: [target] Migrate append of .ini VM args
Resolution: FIXED"
330842,"Product: JDT
Component: Core
Severity: major
Priority: P3
Summary: [content assist] Content assist misses members
Resolution: FIXED"
75227,"Product: Platform
Component: Debug
Severity: enhancement
Priority: P3
Summary: Allow DND of breakpoints to breakpoint groups
Resolution: FIXED"
37516,"Product: Platform
Component: Ant
Severity: normal
Priority: P3
Summary: AntRunner should return an IPlatformRunnable return code
Resolution: FIXED"
14434,"Product: JDT
Component: UI
Severity: normal
Priority: P2
Summary: javaw instance left open after running a JUnit test suite
Resolution: FIXED"
7342,"Product: JDT
Component: Debug
Severity: normal
Priority: P1
Summary: missing resource string: JavaRuntime.Setting_JRE_classpath_variables
Resolution: FIXED"
33347,"Product: Platform
Component: UI
Severity: normal
Priority: P2
Summary: [Linked Resources] Advanced button comes before options added by subclasses
Resolution: FIXED"
66439,"Product: Platform
Component: UI
Severity: major
Priority: P2
Summary: Copy of Class causes update error in package explorer
Resolution: FIXED"
21378,"Product: Platform
Component: SWT
Severity: normal
Priority: P2
Summary: GTK: Shell event's doit flag ignored when shellClosed() is called
Resolution: FIXED"
318633,"Product: Platform
Component: UI
Severity: normal
Priority: P3
Summary: Part/editor switching is very slow
Resolution: FIXED"
5780,"Product: JDT
Component: Debug
Severity: critical
Priority: P1
Summary: Unable to create display view
Resolution: INVALID"
215723,"Product: Platform
Component: Debug
Severity: normal
Priority: P3
Summary: Attempt to reveal the call stack when stopped
Resolution: FIXED"
263492,"Product: PDE
Component: UI
Severity: normal
Priority: P3
Summary: NPE creating new target
Resolution: FIXED"
318847,"Product: e4
Component: UI
Severity: major
Priority: P3
Summary: Toolbar misses separators
Resolution: FIXED"
144988,"Product: Platform
Component: UI
Severity: normal
Priority: P3
Summary: [WorkspaceLauncher] Disallow space as workspace name
Resolution: FIXED"
107824,"Product: JDT
Component: UI
Severity: normal
Priority: P3
Summary: [quick fix] Quick Fix for ""annotation must define...""
Resolution: FIXED"
3487,"Product: JDT
Component: UI
Severity: minor
Priority: P3
Summary: Smoke 20: Rendering of methods different in Class Hierarchy / Outliner (1FZOKGK)
Resolution: FIXED"
74168,"Product: JDT
Component: UI
Severity: normal
Priority: P2
Summary: Removed JUnit rename participant crashes during Undo [JUnit]
Resolution: FIXED"
17149,"Product: JDT
Component: UI
Severity: major
Priority: P1
Summary: Libraries-Path in Java Build Path gets broken
Resolution: FIXED"
17648,"Product: Platform
Component: Compare
Severity: normal
Priority: P3
Summary: Can't apply patch w/o ignoring whitespace
Resolution: FIXED"
22832,"Product: JDT
Component: Core
Severity: normal
Priority: P2
Summary: Code select does not work when caret is at the begining of an identifier
Resolution: FIXED"
97565,"Product: Platform
Component: UI
Severity: major
Priority: P2
Summary: [KeyBindings] preference page: AIOOBE trying to change key bindings
Resolution: FIXED"
84608,"Product: Platform
Component: Ant
Severity: normal
Priority: P3
Summary: Setting BuildLoggers
Resolution: FIXED"
18555,"Product: JDT
Component: UI
Severity: normal
Priority: P3
Summary: reference to org.eclipse.vcm
Resolution: FIXED"
41647,"Product: JDT
Component: Debug
Severity: normal
Priority: P3
Summary: Debugger thinks no line number info is present for jikes classes
Resolution: FIXED"
307553,"Product: PDE
Component: UI
Severity: normal
Priority: P3
Summary: Compiler warnings in N20100329-2000
Resolution: FIXED"
238909,"Product: Platform
Component: UI
Severity: enhancement
Priority: P3
Summary: [DataBinding] Correctly set the staleness state of the validation status observable of the MultiValidator
Resolution: FIXED"
185788,"Product: JDT
Component: UI
Severity: normal
Priority: P3
Summary: [render] Unexpected colored labels in Packages view
Resolution: FIXED"
322581,"Product: JDT
Component: Core
Severity: enhancement
Priority: P3
Summary: [5.0] Add Javadoc compiler option to (not) report missing tags for method type parameters
Resolution: FIXED"
132251,"Product: Platform
Component: User Assistance
Severity: enhancement
Priority: P1
Summary: [Help] NOT function on filters
Resolution: FIXED"
177064,"Product: Platform
Component: UI
Severity: normal
Priority: P3
Summary: [Viewers] org.eclipse.jface.viewers.TreeSelection#equals/hashcode should use IElementComparer
Resolution: FIXED"
210411,"Product: PDE
Component: UI
Severity: trivial
Priority: P3
Summary: Reload button on target page does not update grey state of checkboxes
Resolution: FIXED"
242582,"Product: Platform
Component: Text
Severity: normal
Priority: P3
Summary: [MPE] Ctrl+S in MPEP: different behaviour in 3.3 and 3.4
Resolution: FIXED"
261619,"Product: Platform
Component: UI
Severity: normal
Priority: P3
Summary: [Dialogs] FilteredTree: modifier keys should not change filter text
Resolution: FIXED"
30328,"Product: JDT
Component: Debug
Severity: normal
Priority: P2
Summary: debug action group out of date
Resolution: FIXED"
25134,"Product: Platform
Component: Ant
Severity: normal
Priority: P2
Summary: Implement support for the 1.5.1 feature: -inputhandler
Resolution: FIXED"
65348,"Product: Platform
Component: Ant
Severity: normal
Priority: P3
Summary: Unused sections in anttasks_1.6.0.xml
Resolution: FIXED"
94457,"Product: Platform
Component: UI
Severity: normal
Priority: P1
Summary: [WorkbenchParts] (regression) toggles in debug views do not restore state properly
Resolution: FIXED"
109358,"Product: JDT
Component: Debug
Severity: normal
Priority: P3
Summary: Default installed JRE has no Javadoc Location
Resolution: FIXED"
69818,"Product: JDT
Component: Debug
Severity: normal
Priority: P3
Summary: NPE when launching with Debugger
Resolution: FIXED"
23132,"Product: Platform
Component: Ant
Severity: normal
Priority: P2
Summary: -logfile option for ant doesnt seem to work
Resolution: FIXED"
212235,"Product: Platform
Component: UI
Severity: normal
Priority: P3
Summary: [DataBinding] Tests for ShellObservableValue
Resolution: FIXED"
15264,"Product: JDT
Component: UI
Severity: normal
Priority: P2
Summary: Cannot 'type into' the code assist menu in a class body
Resolution: FIXED"
223587,"Product: PDE
Component: UI
Severity: enhancement
Priority: P3
Summary: Adopt API Tooling
Resolution: FIXED"
59042,"Product: Platform
Component: Debug
Severity: minor
Priority: P3
Summary: Invalid Launch configurations are never cleaned up
Resolution: FIXED"
84400,"Product: Platform
Component: Ant
Severity: normal
Priority: P3
Summary: Step over incorrectly runs to completion
Resolution: FIXED"
230397,"Product: JDT
Component: Text
Severity: normal
Priority: P3
Summary: [breadcrumb] Test failure in org.eclipse.jdt.ui.tests.leaks.JavaLeakTest.testJavaEditorBreadcrumbCloseOneOfTwo2()
Resolution: FIXED"
80406,"Product: Platform
Component: UI
Severity: blocker
Priority: P1
Summary: [DynamicUI] NPE trying to open GIF file
Resolution: FIXED"
329945,"Product: PDE
Component: Doc
Severity: normal
Priority: P3
Summary: New screenshot for API Use Report launch tab
Resolution: FIXED"
339250,"Product: JDT
Component: Core
Severity: normal
Priority: P3
Summary: [null] Incorrect redundant null check warning on a String
Resolution: FIXED"
188262,"Product: JDT
Component: UI
Severity: normal
Priority: P3
Summary: [javadoc export] source version '1.6' missing for selection
Resolution: FIXED"
378549,"Product: PDE
Component: Doc
Severity: normal
Priority: P3
Summary: Target platform state view screenshot needs updating
Resolution: FIXED"
35638,"Product: JDT
Component: Debug
Severity: normal
Priority: P3
Summary: Run to line resumes wrong thread
Resolution: FIXED"
88065,"Product: JDT
Component: Debug
Severity: critical
Priority: P2
Summary: Setting a JavaStratrumLineBreakpoint when an application server is attached is very slow
Resolution: FIXED"
1700,"Product: JDT
Component: Debug
Severity: normal
Priority: P1
Summary: JSP Support for 2.0 (1GJ8LK3)
Resolution: FIXED"
231255,"Product: Platform
Component: UI
Severity: enhancement
Priority: P3
Summary: [PropertiesDialog] Properties dialog should show busy cursor while initialising page
Resolution: FIXED"
15609,"Product: JDT
Component: Debug
Severity: normal
Priority: P2
Summary: Fix deprecated getSourcePosition() call
Resolution: FIXED"
255031,"Product: JDT
Component: Debug
Severity: blocker
Priority: P3
Summary: Missing EEs prevent project to build
Resolution: FIXED"
9578,"Product: JDT
Component: UI
Severity: normal
Priority: P2
Summary: JavaDoc wizard - doclets
Resolution: FIXED"
361235,"Product: JDT
Component: Core
Severity: normal
Priority: P3
Summary: 100% CPU usage when Starting Eclipse with Initialize Java Tooling and Refreshing Workspace: Apparent Deadlock But Not?
Resolution: NOT_ECLIPSE"
50549,"Product: Platform
Component: UI
Severity: normal
Priority: P2
Summary: [Dialogs] Pref Page Workbench/Keys/Advanced does not use dialog font
Resolution: FIXED"
216240,"Product: PDE
Component: UI
Severity: normal
Priority: P3
Summary: Quick fix to convert ""Eclipse-LazyStart:"" mangles my file
Resolution: FIXED"
209497,"Product: Platform
Component: UI
Severity: normal
Priority: P3
Summary: [EditorMgmt] Contradicting Javadoc in org.eclipse.ui.IElementFactory.createElement(IMemento)
Resolution: FIXED"
15202,"Product: JDT
Component: Debug
Severity: enhancement
Priority: P3
Summary: action filters for display/inpsect/run-to-line
Resolution: FIXED"
3470,"Product: JDT
Component: UI
Severity: enhancement
Priority: P2
Summary: DCR: Can't compare code editions in type hierarchy view (1GGNI4W)
Resolution: FIXED"
186178,"Product: Platform
Component: UI
Severity: normal
Priority: P3
Summary: [QuickAccess] Text not shown on selected item.
Resolution: FIXED"
49887,"Product: Platform
Component: Debug
Severity: enhancement
Priority: P3
Summary: Expose the exit value of IProcess
Resolution: FIXED"
186370,"Product: Platform
Component: IDE
Severity: normal
Priority: P3
Summary: [LinkedResources] Cannot create linked output folder pointing to path variable
Resolution: FIXED"
98160,"Product: JDT
Component: Debug
Severity: blocker
Priority: P2
Summary: Errors trying to install new JRE's
Resolution: FIXED"
56412,"Product: Platform
Component: Debug
Severity: normal
Priority: P3
Summary: Duplicate favorites after rename
Resolution: FIXED"
127897,"Product: Platform
Component: Team
Severity: normal
Priority: P2
Summary: [Model Sync] DND Support
Resolution: FIXED"
184925,"Product: JDT
Component: Debug
Severity: normal
Priority: P3
Summary: Stackframe shows ""running"" icon while it is suspended
Resolution: FIXED"
120934,"Product: Platform
Component: UI
Severity: normal
Priority: P1
Summary: [WorkbenchParts] NPE in PresentablePart.removePropertyListener(
Resolution: FIXED"
10247,"Product: JDT
Component: UI
Severity: critical
Priority: P2
Summary: Template - code assist ends template editing
Resolution: FIXED"
207831,"Product: PDE
Component: UI
Severity: enhancement
Priority: P3
Summary: [registryview] add a 'diagnose' action
Resolution: FIXED"
409765,"Product: JDT
Component: Core
Severity: major
Priority: P2
Summary: Extracting Javadoc from 1.7-style generated doc doesn't work reliably
Resolution: FIXED"
28746,"Product: Platform
Component: Ant
Severity: enhancement
Priority: P3
Summary: Please sort build targets alphabetically
Resolution: FIXED"
95662,"Product: Platform
Component: Debug
Severity: normal
Priority: P2
Summary: Activity enablement not working in debug platform
Resolution: FIXED"
345644,"Product: PDE
Component: UI
Severity: normal
Priority: P3
Summary: Update what's new for 3.7
Resolution: FIXED"
7592,"Product: JDT
Component: UI
Severity: normal
Priority: P2
Summary: redundant and misleading dialog on 'Show in Packages View'
Resolution: FIXED"
177910,"Product: Platform
Component: Debug
Severity: normal
Priority: P2
Summary: [Debug] No stack frame selected when thread has been suspended
Resolution: FIXED"
348459,"Product: JDT
Component: UI
Severity: normal
Priority: P2
Summary: [1.7][quick fix] ""Change compiler compliance"" should change to Execution Environments
Resolution: FIXED"
8005,"Product: Platform
Component: Debug
Severity: normal
Priority: P1
Summary: Terminate & Remove disabled
Resolution: FIXED"
69452,"Product: JDT
Component: Debug
Severity: normal
Priority: P3
Summary: NPE initializing source lookup
Resolution: FIXED"
73027,"Product: Platform
Component: UI
Severity: normal
Priority: P3
Summary: [Dialogs] Buttons are too high
Resolution: FIXED"
326521,"Product: Platform
Component: UI
Severity: normal
Priority: P3
Summary: Convert line delimiter action enablement is broken
Resolution: FIXED"
38284,"Product: Platform
Component: Ant
Severity: normal
Priority: P3
Summary: [External Tools] Illegal access to DebugUIPlugin
Resolution: FIXED"
269020,"Product: Platform
Component: UI
Severity: enhancement
Priority: P3
Summary: [Viewers] ClassCastException in org.eclipse.ui.dialogs.PatternFilter
Resolution: FIXED"
80435,"Product: Platform
Component: Ant
Severity: normal
Priority: P3
Summary: Problems using the XmlLogger as a listener
Resolution: FIXED"
94625,"Product: JDT
Component: UI
Severity: normal
Priority: P3
Summary: [Forms] [preference pages] Moving selection of triangle does not scroll
Resolution: FIXED"
370719,"Product: Platform
Component: User Assistance
Severity: normal
Priority: P3
Summary: Test failure in ContentDetectorTest.testNoSavedState(ContentDetectorTest.java:79)
Resolution: FIXED"
59899,"Product: Platform
Component: Resources
Severity: critical
Priority: P2
Summary: Encoding changes need to notify clients
Resolution: FIXED"
428715,"Product: Platform
Component: UI
Severity: normal
Priority: P3
Summary: [CSS] [Themes] org.eclipse.ui.themes plugin throws  java.net.MalformedURLException when used in RCP app
Resolution: FIXED"
66861,"Product: Platform
Component: Ant
Severity: normal
Priority: P3
Summary: Javac errors in the console do not link to source when using presetdef
Resolution: FIXED"
90224,"Product: JDT
Component: Debug
Severity: normal
Priority: P2
Summary: NPE in PopupDisplayAction.showPopup
Resolution: FIXED"
461549,"Product: PDE
Component: UI
Severity: major
Priority: P3
Summary: [patch] [target] Dont increment sequence number during reload and provide tooltips for reload and update
Resolution: FIXED"
330797,"Product: Platform
Component: Team
Severity: trivial
Priority: P3
Summary: Consistency: Put 'Remove from View' at end of menu group
Resolution: FIXED"
66576,"Product: Platform
Component: Debug
Severity: normal
Priority: P3
Summary: perspectives pref page tab does not take activities into accoutn
Resolution: FIXED"
208916,"Product: Platform
Component: UI
Severity: normal
Priority: P2
Summary: [Viewers] Expose API to determine whether a viewer is busy
Resolution: FIXED"
158526,"Product: JDT
Component: Core
Severity: normal
Priority: P2
Summary: [search] NPE in JavaSearchScope.addEnclosingProjectOrJar(..)
Resolution: FIXED"
208034,"Product: Platform
Component: Debug
Severity: normal
Priority: P3
Summary: [launching] Unexpected error when opening launch config dialog from resource properties
Resolution: FIXED"
235658,"Product: JDT
Component: Core
Severity: normal
Priority: P3
Summary: Valid identifier unrecognized.
Resolution: FIXED"
43541,"Product: Platform
Component: Ant
Severity: normal
Priority: P3
Summary: Run Ant... launch config comes up in dirty state
Resolution: FIXED"
344792,"Product: Platform
Component: User Assistance
Severity: trivial
Priority: P3
Summary: Copyright date needs to be updated in help.base about.properties
Resolution: FIXED"
24983,"Product: Platform
Component: UI
Severity: normal
Priority: P2
Summary: [Coolbar] tab order not maintained properly
Resolution: FIXED"
224133,"Product: PDE
Component: UI
Severity: enhancement
Priority: P3
Summary: compiler preference to toggle treatment of unknown identifiers
Resolution: FIXED"
275847,"Product: JDT
Component: UI
Severity: normal
Priority: P3
Summary: [common navigator] possible child element type not declared
Resolution: FIXED"
173181,"Product: Platform
Component: Debug
Severity: minor
Priority: P3
Summary: [variables][views] change background colour is hard to work with....
Resolution: FIXED"
369443,"Product: Platform
Component: UI
Severity: normal
Priority: P3
Summary: [CSS] Provide mechanism to listen for theme changes
Resolution: FIXED"
72077,"Product: Platform
Component: Ant
Severity: normal
Priority: P3
Summary: No code completion for most built-in properties
Resolution: FIXED"
88993,"Product: Platform
Component: UI
Severity: critical
Priority: P1
Summary: [Viewers] CCE in AbstractTreeViewer.indexForElement(..)
Resolution: FIXED"
84824,"Product: Platform
Component: UI
Severity: normal
Priority: P2
Summary: [Preferences] Workbench Preference Dialog only saves Workbench preference store
Resolution: FIXED"
188663,"Product: Platform
Component: UI
Severity: major
Priority: P3
Summary: [Viewers] Virtual TreeViewer with columns: First and last row have wrong labels
Resolution: FIXED"
157809,"Product: JDT
Component: UI
Severity: normal
Priority: P3
Summary: [clean up] improve the clean up preference keys
Resolution: FIXED"
23565,"Product: JDT
Component: Debug
Severity: normal
Priority: P1
Summary: Code assist in conditional expression
Resolution: FIXED"
12184,"Product: Platform
Component: Debug
Severity: normal
Priority: P2
Summary: IncompatibleThreadStateException on launchAdded
Resolution: FIXED"
186959,"Product: JDT
Component: UI
Severity: normal
Priority: P3
Summary: [package explorer] Selected Working Set not shown until edit
Resolution: FIXED"
388250,"Product: Platform
Component: Doc
Severity: normal
Priority: P3
Summary: Broken link on platform.doc.user\gettingStarted\intro\overview.htm
Resolution: FIXED"
365437,"Product: JDT
Component: Core
Severity: normal
Priority: P3
Summary: Private methods tagged with @Inject should not be flagged with unused warning
Resolution: FIXED"
27700,"Product: Platform
Component: Ant
Severity: normal
Priority: P3
Summary: Ant View: I can activate a target more than once
Resolution: FIXED"
7252,"Product: JDT
Component: UI
Severity: normal
Priority: P2
Summary: Can add a variable with no associated jar file to a build path
Resolution: FIXED"
24891,"Product: JDT
Component: UI
Severity: minor
Priority: P3
Summary: edit working set: i'd suggest renaming to 'edit current working set' [wording]
Resolution: FIXED"
202158,"Product: JDT
Component: Debug
Severity: normal
Priority: P3
Summary: NPE in org.eclipse.jdt.internal.debug.ui.JavaHotCodeReplaceListener.hotCodeReplaceFailed
Resolution: FIXED"
141176,"Product: Platform
Component: User Assistance
Severity: normal
Priority: P3
Summary: [Help] Dynamic help links shouldn't open to 'searched' topics
Resolution: FIXED"
45453,"Product: Platform
Component: SWT
Severity: critical
Priority: P3
Summary: pocketpc - Pop-Up menus do not work on Tables
Resolution: FIXED"
6536,"Product: JDT
Component: UI
Severity: normal
Priority: P3
Summary: Add Javadoc on field in TH does nothing
Resolution: FIXED"
76712,"Product: Platform
Component: Ant
Severity: normal
Priority: P3
Summary: Differences depending on how AntModel generated
Resolution: FIXED"
204378,"Product: Platform
Component: Debug
Severity: major
Priority: P3
Summary: An internal error occurred during: ""Compute launch button tooltip"".
Resolution: FIXED"
57763,"Product: JDT
Component: Debug
Severity: normal
Priority: P3
Summary: NPE running from scrapbook
Resolution: FIXED"
138353,"Product: JDT
Component: UI
Severity: critical
Priority: P3
Summary: [quick assist] 'Convert to enhanced for loop' applicable when array access through method call
Resolution: FIXED"
336451,"Product: JDT
Component: Core
Severity: major
Priority: P3
Summary: ""Content Assist"" does not complete normally on certain types
Resolution: FIXED"
272577,"Product: Platform
Component: UI
Severity: normal
Priority: P3
Summary: Make use of new SWT API: Shell.setModified()
Resolution: FIXED"
136580,"Product: JDT
Component: Core
Severity: normal
Priority: P3
Summary: [ast rewrite] Comma is missing between update expressions in the ForStatement
Resolution: FIXED"
366405,"Product: PDE
Component: UI
Severity: major
Priority: P3
Summary: NPE on loading PDE Target Platform with DirectoryBundleContainer having jars with non-OSGi manifests
Resolution: FIXED"
174423,"Product: Platform
Component: UI
Severity: normal
Priority: P3
Summary: [Progress] org.eclipse.ui.progress.DeferredTreeContentManager adds duplicate items in a tree
Resolution: FIXED"
59737,"Product: Platform
Component: Ant
Severity: normal
Priority: P3
Summary: Not all properties set during parsing
Resolution: FIXED"
326917,"Product: Platform
Component: Debug
Severity: major
Priority: P2
Summary: [Fiexible Hierarchy] View state is not saved correctly when top view element is deep in a tree hierarchy.
Resolution: FIXED"
63692,"Product: JDT
Component: Text
Severity: minor
Priority: P3
Summary: [projection][rulers] Not all annotation types in folded region rendered in rulers
Resolution: FIXED"
65049,"Product: Platform
Component: UI
Severity: normal
Priority: P2
Summary: [Dialogs] NPE when creating folder during adding source folder while workspace is locked
Resolution: FIXED"
20415,"Product: JDT
Component: Debug
Severity: critical
Priority: P2
Summary: NPE adding JRE
Resolution: FIXED"
7858,"Product: JDT
Component: Debug
Severity: normal
Priority: P1
Summary: Feature: gets super class for an IJavaClassType
Resolution: FIXED"
27440,"Product: Platform
Component: Ant
Severity: normal
Priority: P2
Summary: Cached classloader misses changes to tasks / types
Resolution: FIXED"
82166,"Product: JDT
Component: UI
Severity: normal
Priority: P3
Summary: [import rewriter] API to pass types visible in scope
Resolution: FIXED"
138824,"Product: Platform
Component: UI
Severity: normal
Priority: P3
Summary: [CommonNavigator] Remove obsolete API
Resolution: FIXED"
64772,"Product: Platform
Component: UI
Severity: major
Priority: P2
Summary: [RCP] IProduct and IBundleGroup file properties must be resolved relative to the corresponding bundle
Resolution: FIXED"
19745,"Product: JDT
Component: Debug
Severity: normal
Priority: P3
Summary: Launch Configuration Bug
Resolution: FIXED"
261880,"Product: PDE
Component: UI
Severity: major
Priority: P3
Summary: Cannot setup a  JUnit Plugin Test launching configuration when using a reduce set of bundles
Resolution: FIXED"
97264,"Product: JDT
Component: Text
Severity: normal
Priority: P2
Summary: [implementation][preferences] Preferences not stored correctly
Resolution: FIXED"
37756,"Product: JDT
Component: UI
Severity: normal
Priority: P2
Summary: Move static method refactoring should help with called methods [refactoring]
Resolution: FIXED"
87569,"Product: Platform
Component: Debug
Severity: normal
Priority: P2
Summary: Infinte loop obtaining image when switching to Debug Perspective
Resolution: FIXED"
13074,"Product: JDT
Component: Debug
Severity: normal
Priority: P2
Summary: NPE evaluating fully qualified array declaration
Resolution: FIXED"
97719,"Product: JDT
Component: Debug
Severity: normal
Priority: P3
Summary: EventRequestManager.createStepRequest(...)
Resolution: FIXED"
24943,"Product: Platform
Component: Update  (deprecated - use RT>Equinox>p2)
Severity: normal
Priority: P3
Summary: update is detected on first run
Resolution: FIXED"
49484,"Product: JDT
Component: UI
Severity: normal
Priority: P2
Summary: ""Errorless"" Launch Config fails [JUnit]
Resolution: FIXED"
81830,"Product: JDT
Component: Text
Severity: major
Priority: P2
Summary: [content assist] Quickfix stops working when Ctrl-1 is pressed during Content Assist
Resolution: FIXED"
28567,"Product: JDT
Component: Debug
Severity: normal
Priority: P2
Summary: Newly created Java applet configuration requires saving
Resolution: FIXED"
95672,"Product: JDT
Component: UI
Severity: normal
Priority: P3
Summary: Focus changes slow when java browsing perspective open
Resolution: FIXED"
286808,"Product: PDE
Component: UI
Severity: normal
Priority: P3
Summary: Warn when a source folder is added to src.includes in build.properties
Resolution: FIXED"
85901,"Product: JDT
Component: UI
Severity: major
Priority: P2
Summary: Code assist/auto completion - overwrite method not working
Resolution: FIXED"
28317,"Product: JDT
Component: Debug
Severity: normal
Priority: P3
Summary: NPE exiting workbench
Resolution: FIXED"
119924,"Product: JDT
Component: Debug
Severity: normal
Priority: P3
Summary: Build path not updated when default execution environment changed
Resolution: FIXED"
159550,"Product: Platform
Component: UI
Severity: normal
Priority: P3
Summary: [Viewers] Deprecate TableTreeViewer
Resolution: FIXED"
63182,"Product: Platform
Component: Debug
Severity: normal
Priority: P3
Summary: Warning about error in pre-requisite wrong
Resolution: FIXED"
110164,"Product: Platform
Component: Ant
Severity: minor
Priority: P3
Summary: Last paragraph in the ""Creating Ant buildfiles"" doesn't parse
Resolution: FIXED"
31727,"Product: Platform
Component: Ant
Severity: normal
Priority: P2
Summary: Ant Editor tests fail when run as PDE JUnit tests
Resolution: FIXED"
79611,"Product: JDT
Component: Text
Severity: normal
Priority: P3
Summary: Quick Assist: Replace if/then/else with conditional assign produces incorrect code
Resolution: FIXED"
69771,"Product: Platform
Component: UI
Severity: normal
Priority: P2
Summary: [Keybindings] TVT3.0:  Preferences -> Keys has random strings displaying
Resolution: FIXED"
106073,"Product: JDT
Component: UI
Severity: normal
Priority: P3
Summary: [quick fix] Remove invalid modifiers does not work for constructors
Resolution: FIXED"
335360,"Product: JDT
Component: Debug
Severity: enhancement
Priority: P3
Summary: Conditional Breakpoints history popup menu should skip newline and indent
Resolution: FIXED"
186754,"Product: JDT
Component: UI
Severity: trivial
Priority: P3
Summary: [package explorer] new context menu not available on empty selection
Resolution: FIXED"
5307,"Product: JDT
Component: Debug
Severity: normal
Priority: P1
Summary: TVT1: Hardcoded category name in Debug (org.eclipse.debug.ui\plugin.xml)
Resolution: FIXED"
293263,"Product: Platform
Component: UI
Severity: normal
Priority: P3
Summary: [Accessibility] Read-only text boxes not accessible
Resolution: FIXED"
7203,"Product: JDT
Component: Debug
Severity: normal
Priority: P3
Summary: Display view brought to front when doing Inspect
Resolution: FIXED"
418825,"Product: JDT
Component: Core
Severity: normal
Priority: P3
Summary: Code assist fails when including project on class path that contains multiple class in a single file
Resolution: FIXED"
178902,"Product: JDT
Component: Debug
Severity: normal
Priority: P2
Summary: Setting Stop in main does not stop when launched
Resolution: FIXED"
48473,"Product: JDT
Component: UI
Severity: major
Priority: P2
Summary: code and comments preference section is blank
Resolution: FIXED"
23917,"Product: Platform
Component: Ant
Severity: normal
Priority: P2
Summary: logfile not created in the correct location when path not fully specified
Resolution: FIXED"
61310,"Product: Platform
Component: UI
Severity: major
Priority: P1
Summary: Restore ""scope"" support to the commands extension point
Resolution: FIXED"
334008,"Product: PDE
Component: UI
Severity: normal
Priority: P3
Summary: FeatureExportOperation does not setup the container feature properly
Resolution: FIXED"
290324,"Product: PDE
Component: API Tools
Severity: critical
Priority: P1
Summary: Poor API builder performance on manifest changes
Resolution: FIXED"
311212,"Product: JDT
Component: UI
Severity: major
Priority: P2
Summary: [package explorer] Performance problem with refreshing external class folders
Resolution: FIXED"
132450,"Product: Platform
Component: Update  (deprecated - use RT>Equinox>p2)
Severity: blocker
Priority: P1
Summary: Search for updates on features with dependency requires multiple searches
Resolution: FIXED"
6387,"Product: Platform
Component: Debug
Severity: normal
Priority: P1
Summary: Can't use F10
Resolution: FIXED"
17606,"Product: JDT
Component: UI
Severity: major
Priority: P2
Summary: Java Browsing Perspective / new package / no refresh
Resolution: FIXED"
63142,"Product: Platform
Component: Ant
Severity: normal
Priority: P3
Summary: Error remains after turning off Build before launch
Resolution: FIXED"
290273,"Product: JDT
Component: APT
Severity: blocker
Priority: P1
Summary: R3_5_maintenance branch in inconsistent state
Resolution: FIXED"
35453,"Product: JDT
Component: Debug
Severity: normal
Priority: P3
Summary: Process output causes switch to wrong console view.
Resolution: FIXED"
133857,"Product: Platform
Component: Debug
Severity: normal
Priority: P3
Summary: Expansion not maintained in Registers View when switching between stackframes
Resolution: FIXED"
359544,"Product: PDE
Component: UI
Severity: normal
Priority: P3
Summary: [target] Versions are improperly compared when resolving to the latest version
Resolution: FIXED"
97299,"Product: JDT
Component: Text
Severity: major
Priority: P2
Summary: [rulers] Error icon covered by warning icon
Resolution: FIXED"
261498,"Product: JDT
Component: Text
Severity: normal
Priority: P3
Summary: [spell checking] Locales without country code don't work.
Resolution: FIXED"
131909,"Product: Platform
Component: Text
Severity: enhancement
Priority: P2
Summary: [api][rulers] provide selection events for revisions
Resolution: FIXED"
26028,"Product: JDT
Component: Text
Severity: normal
Priority: P3
Summary: NPE in TextViewer.getCurrentTextHover
Resolution: FIXED"
70576,"Product: Platform
Component: UI
Severity: normal
Priority: P3
Summary: Eclipse doesn't enforce user to enter the path to the workspace
Resolution: FIXED"
6501,"Product: JDT
Component: Debug
Severity: normal
Priority: P1
Summary: src.jar not found 1.4 by default
Resolution: FIXED"
27804,"Product: Platform
Component: Ant
Severity: normal
Priority: P2
Summary: VariableContextManager and ExternalToolsPlugin#startup
Resolution: FIXED"
7201,"Product: JDT
Component: Debug
Severity: normal
Priority: P1
Summary: Console does not show output from scrapbook
Resolution: FIXED"
220521,"Product: JDT
Component: Text
Severity: minor
Priority: P3
Summary: [misc] Unify Javadoc view and hover back/forward
Resolution: FIXED"
129184,"Product: Platform
Component: UI
Severity: normal
Priority: P2
Summary: Progress view should be made more prominent
Resolution: FIXED"
67821,"Product: JDT
Component: UI
Severity: critical
Priority: P2
Summary: DirtyBufferValidationState becomes stale when buffer closes
Resolution: FIXED"
67499,"Product: JDT
Component: Debug
Severity: major
Priority: P3
Summary: ArrayIndexOutOfBounds adding project to source lookup
Resolution: FIXED"
59183,"Product: Platform
Component: Debug
Severity: normal
Priority: P3
Summary: Cancelling foreground launch waits for build to complete
Resolution: FIXED"
73083,"Product: Platform
Component: UI
Severity: normal
Priority: P2
Summary: [Encoding] Need to verify encodings and indicate unavailable ones
Resolution: FIXED"
99535,"Product: Platform
Component: SWT
Severity: major
Priority: P3
Summary: FontDialog leaks a string
Resolution: FIXED"
172746,"Product: Platform
Component: UI
Severity: enhancement
Priority: P3
Summary: [DataBinding] Snippet to validate across bindings
Resolution: FIXED"
94211,"Product: JDT
Component: Debug
Severity: normal
Priority: P2
Summary: Cannot add breakpoint to enum
Resolution: FIXED"
8746,"Product: JDT
Component: Debug
Severity: normal
Priority: P1
Summary: Threads showing as suspended when not -- multithreaded app
Resolution: FIXED"
157178,"Product: Platform
Component: Text
Severity: normal
Priority: P2
Summary: [projection] IAE from projection document when 'Rename in File' updates in collapsed region
Resolution: FIXED"
